store_name,content
봄의정원 회기점,듣던 대로 음식도 맛있고 분위기도 좋고 다음에 와인 한 잔 하고 싶습니다. 구름 떡볶이 비주얼은 인정합니다.
봄의정원 회기점,"콜키지 한 병 무료로 되는 게 너무 좋아요! 음식도 가성비 좋고 맛있었습니다💖 분위기도 좋고 음식 사진도, 인물 사진도 엄청 잘 나와요!"
봄의정원 회기점,너무 맛있게 먹고 갑니다~^^
봄의정원 회기점,정말로 편안하고 좋은 시간이었습니다.특히 많이 배려해주셔서너무 감사합니다.
봄의정원 회기점,초등학교6학년 졸업후 38년 지기들의 송년모임.여자친구들3남자친구들4 남자친구들은 소주 안파는 모임장소를 접하고 난색을 표현 했으나 정갈한 음식과 색다른 와인으로 모두 만족했던 봄의정원.도움주시는 분들 인상도 좋고 넘 잘생겨서.에헴.ㅎ다음에 또 댕겨 가겠습니다.
봄의정원 회기점,다양하게 시켜서 먹었는데 다 맛있었어요~ 특히 떡볶이가 개인적으로 제일 맛있었네요~^^*
봄의정원 회기점,분위기가 너무 좋고 콜키지프리라서 더욱 좋았어요직원분들이 다 친절하시고 음식도 맛있어요
봄의정원 회기점,음식이 차갑습니다 대쩨로 짭니다
봄의정원 회기점,라구 파스타에 마늘 후레이크?가 따로 나와서 맛있어용음식이 늦게 나와서 음료 서비스도 주셨어요 💗 감사합니당
봄의정원 회기점,"음식이 다 맛있어요!분위기 내면서 다양하게 먹을수 있는 레스토랑칭찬해요!네이버에서 예약하면, 음료쿠폰으로 음료 1병 마실 수 있어요."
봄의정원 회기점,모임 후 회식으로 갔는데 이만 한 곳도 없어요~ 분위기도 너무 좋고 음식은 다 맛있답니다! 구름떡볶이 진짜 강추에요~ 그리고 모든 메뉴 양이 많은 편입니다~♡
봄의정원 회기점,부모님과 같이 방문했는데 예약 시간보다 좀 더 일찍 도착했지만 메뉴들이 다 비슷한 시간때에 따뜻하게 나와서 좋았어요 ㅎㅎ 부모님의 취향에 맞을까 했는데 예상보다 더 맛있고 잘 드셔서 뿌듯했어요 직원분들도 친절하셨고 재방문 의사 있어요 ㅎㅎ
봄의정원 회기점,맛있고 분위기도 좋습니다~~~^^ 언제나 만족해요!!!
봄의정원 회기점,음식 빨리 나오고 분위기 가성비 좋아요그런데 건물주가 주차를 못하게 합니다ㅜㅜ주차는 다른 곳에~
봄의정원 회기점,"파스타 맛있고, 매장 분위기도 좋아요!"
봄의정원 회기점,분위기도 좋고 음식도 맛있어요~
봄의정원 회기점,시그니처 메뉴만 시켰는데. 항상 시킬때마다 떡볶이가 매웠다는걸 까먹고 자꾸 시키네요.  ㅋ 저는 매운거 좋아하는데 매운거 못 드시는분들은 주의해서 시키셔야 할듯 합니다.  볶음밥은 맛있어여~
봄의정원 회기점,딸 졸업연주회가 있어서 예약 하고 갔어요 수원에서 먹어보지 못한 파스타 떡볶이 최고베스트이네요 ~~전반적으로 음식이 다 맛있습니다 연주회 시간때문에 급하게 먹고 가느라 사진도 못 찍고 먹기 바빴어요 다음에 딸 보러 가거나 졸업때 예약 해서 가야 겠어요 그때는 여유있게 먹어보고 싶네요
봄의정원 회기점,예약하고 갔더니 넘 예쁜 2층 좌석을 주셨다.정말 따뜻한 봄같은 공간이라 기념일에 가면 좋겠다고 생각함 🥰구름떡볶이랑 봉골레 파스타 시켰는데 넘 예쁘고 맛있었다. 봉골레 파스타는 파스타에 간을 많이안해서 봉골레랑 같이 먹으라고 하셨는데 가득들은 봉골레가 짱 맛있었고 양식 잘 안먹는데 여기는 면 익힘정도나 간이 딱좋았다.구름떡볶이는 머랭이 퐁실퐁실하고 안에 치즈도 있어서 매콤 달달 맛있었다. 우리는 탄산을 같이 먹었는데 와인에도 잘 어울릴 것 같았다.
봄의정원 회기점,분위기 너무 좋아용
봄의정원 회기점,음식이 너무 맛잇어서 허겁지겁 먹었네요ㅎㅎ 다음에 또 갈게요!
봄의정원 회기점,갓김치 볶음밥이랑 쉬림프 스파이시 오일 파스타 맛있어요~
봄의정원 회기점,"잘 먹었어요! 구름 떡볶이는 위에 올라간 머랭?이 제 취향은 아니었는데, 떡볶이 자체는 달달해서 괜찮았습니다~ 수비드 오겹 스테이크는 조금 느끼했어요. 본매로우 라구 파스타가 제 입맛에는 맛있었어요:) 파스타면이 쫄깃해서 잘 먹었습니다!"
봄의정원 회기점,음식 다 너무 맛있어요 ㅎㅎ 항상 가면 기분 좋은 곳
봄의정원 회기점,연두부파스타샐러드는 양도 많고 맛있었어요.  치킨찹스테이크도 맛있는 냄새가 나고 맛도 있었어요.  떡볶이는 3개이상 먹으면 매워지기 시작해요.  먹을 수록 매워지는 맛. ㅋ  흰자의 머랭이 독특합니다~  다음에 또 갈꺼에요~
봄의정원 회기점,음식이 너무 맛있어요! 같이 갔던 사람들도 모두 만족했습니다! 강추드려요
봄의정원 회기점,너무 맛있어요
봄의정원 회기점,혼자왔는데 음 창가자리가 2인석자리라서  안내해주셨겠죠? 화이트 주문했는데 바스켓준비해달라했더니  얼음컵에 얼음을..?생크림&토마토가 베스트여서 주문해봤는데 . 음. 토마토가 아까울 플레이팅. 맛없었음...봉골레는. 클래식한 봉골레는 아니고 꽈리고추와 페퍼론치노가 들어가서 매콤한느낌. 맵찔이라면 맵기조절 가능여부 필요할듯 그보다 물어보기전에 직원 설명이 먼저였어야 하지않았나싶음. 다이닝이라고 하기엔 좀..
봄의정원 회기점,다녀갑니다
봄의정원 회기점,맛있어요~ 최고입니다!!!
봄의정원 회기점,가게가 깨끗하고 친절하셔서 동료분이랑 즐거운 시건 보내고 왔습니다!☺️
봄의정원 회기점,"라구파스타, 치킨찹스테이크, 떡볶이 참 맛있고 매장도 청결해요."
봄의정원 회기점,너무 맛있어요~~ 굿굿굿
봄의정원 회기점,갑자기 분위기 좋은 곳에서 저녁 먹고싶어서 당일 예약했는데 가능했고 음식도 독특하면서 맛있어서 좋은 시간 보냈습니다ㅎㅎ 재방문 할거같아요!
봄의정원 회기점,좋아요
봄의정원 회기점,친구 생일에 방문했어요 창가에 화창한 날에 너무 좋은 시간이였어요
봄의정원 회기점,맛있게 잘 먹었습니당음식 나오는 속도가 되게 빨라서 좋았어요!
봄의정원 회기점,언제가도 좋습니다. 소개팅 첫만남으로 함께 했던 곳이라 기념일마다 방문하고 있는데 너무 좋아요. 이번에도 너무 만족스러웠습니다..! 직원분들도 너무 너무 친절하셔서 항상 만족스러워요!
봄의정원 회기점,파스타 맛있네요소스가 더 진한 맛이 있어서 맛있게 먹었습니다차분한 데이트 장소로 좋은 것 같아요
봄의정원 회기점,17시 예약이었고 5분 전에 도착했는데 브레이크타임이라고 문 안열어주셔서 밖에 잠깐 대기하다가 들어갔어요. 메뉴는 다 맛있고 양도 적지 않습니다. 분위기도 차분해서 좋고요. 메뉴 단가 자체에 서비스 차지가 포함되어 있던데 이 부분은 이해가 잘 안가요. (특별한 서비스를 받는다는 느낌은 없음)
봄의정원 회기점,"소개팅맛집 인가요?밥먹는데 주변 3테이블이 전부 소개팅 중 ㅋㅋ파스타, 라자냐가 엄청 맛있고2층 분위기가 좋은 곳 ♥"
봄의정원 회기점,음식도 맛있고 분위기도 좋아요~
봄의정원 회기점,환한 인테리어가 사진이 참 잘나옵니다. 동료들과 드세달마다 꼭 가는곳이에요 회기동 맛집!
봄의정원 회기점,스테이크는 질겼고 떡볶이는 매웠어요 재방문은 안할거같아요
봄의정원 회기점,가끔 특별한날 분위기 내러 가기 좋은곳 음식도 맛있어요
봄의정원 회기점,환경도 아담하고 음식도 고급스럽고 맛있어요!식사 마치고 결제까지 다 끝났지만 친구와 셀카 한장 찍고 가려고 그랬는데 여자 직원분이 바로 와서 친절하게 찍어 주시더라고요~! 서비스도 좋네요~^^
봄의정원 회기점,10명이서 회의겸 갔어요점심 1230 이었는데 음식이 조금 늦게나오더군요그외 음식도 이쁘고 기대보다 맛났어요
봄의정원 회기점,오늘은 직원들과 함께~~내부 인테리어도 좋고음식도 맛있어요~~~
봄의정원 회기점,맛있게 잘 먹었습니다◡̈⋆* 직원분도 친절하세요! 떡볶이는 넘  안주라..술고팠어요
봄의정원 회기점,지인 대접하려고 예약했어요. 우선 깔끔한 매장과  자연광이 좋았고 음식도 빨리 나와서 좋았어요.  오일 새우 파스타와 돼지고기 스테이크가 맛있다는 평이 있어 시켰고 연두부 샐러드도 싱싱하고 맛있었어요.   경희대 병원 근처에서  식사할곳 찾는다면 추천합니다.
봄의정원 회기점,친절하게 해주시고 음식이 너무 맛있고 분위기가 넘 좋아서 행복한 시간 보냈어요 :)
봄의정원 회기점,분위기 좋고 친절하셔서 맛있게 잘 먹었습니다.
봄의정원 회기점,창가에서 민들레영토가 보여요파스타 맛있게먹었는데  김치볶음밥에  들어있는 돼지고기에서 잡내가 많이 나서 아쉬웠어요분위기만큼은 좋습니다
봄의정원 회기점,좋은데 가격이 좀 비싸요 ㅎ
봄의정원 회기점,음식도 매장도 깔끔하고 분위기도 좋았어요^^
봄의정원 회기점,로제파스타가 꾸덕꾸덕해서 맛있어요 ㅎㅎ
봄의정원 회기점,머쉬룸 크림 파스타 맛나요~버섯에 식감도 좋고 향이 넘 좋아요.크림과 잘 어우러집니다.떡뽁이는 차만 없었다면 맥주 안주하고 싶은~^^저희 동네에 이런 매장이 있엇다면 저녁에 식사겸 가볍게 한잔하기 넘 좋을것 같아요.
봄의정원 회기점,"파스타 맛집^^분위기도 완전 좋은^^양도 완전 많은^^연인이든, 가족이든, 친구이든 함께오면 행복해지는 곳♡맛있게 잘 먹고왔어용*^^*"
봄의정원 회기점,저는 개인적으로 무난한 맛이라고 생각했어요!
봄의정원 회기점,맛있어요!버섯 들어간 크림 파스타가 진짜 맛있었어요
봄의정원 회기점,"성수동가보고 맛있어서 회기점도 갔어요. 민토맞은편.조용한곳에 위치에 있고 테이블간격이 넓어서 좋더라구요.다만 성수보다 음식양, 플레이팅. 맛이 조금 덜하더라구요많이 아쉬웠어요"
봄의정원 회기점,인테리어도 너무 이쁘규 맛있었습니다 ㅎㅎ
봄의정원 회기점,떡볶이는 생각보다 아쉬웠지만 머쉬룸 파스타는 완벽했습니다! 재방문한다면 다른 파스타도 먹어보고 싶어요.
봄의정원 회기점,플레이팅은 예쁘나 맛은 별로 떡볶이는 불닭 소스로 볶아낸 맛
봄의정원 회기점,버섯 크림 파스타는 버섯향을 좋아하시는 분들이 좋아할 것 같아요분위기 좋고 친절하네요
봄의정원 회기점,샐러드파스타 양도 많고 맛있어요
봄의정원 회기점,네이버 예약하고 방문하면 와인콜키지 1병 무료👍 이렇게 예쁘게 담아주셔서 친구들이랑 사진찍기 좋았어요.
봄의정원 회기점,ㅎㅎ 2주연속 Sop모임^^지난주에 안먹어본 메뉴를 선택하려했으나 넘 맛있어서 두가지는 다시한번 시켰네용ㅎㅎ오늘의 메뉴 선택도 아주 탁월!!!!^^맛있게 잘 먹고 집에 걸어서 왔어용♡
봄의정원 회기점,분위기도 너무 좋고 생일 케이크도 할 수 있어서 너무 좋았어요ㅎㅎ 음식도 너무 예쁘게 나오고 맛도 있어서 좋은 거 같아요
봄의정원 회기점,너무 친절한 나머지 단골이 되었습니다.
봄의정원 회기점,"중고생 아이들과 경희대 공연 보러 와서 추천이 많아서 예약 후 들려보았습니다. 시그니처 구름머랭이 있는 떡볶이는 보는 재미, 식감재미, 맛도 좋았어요. 로제 파스타도 치즈 듬뿍! 너무 맛있었습니다. 친절하셔서 기분 좋게 식사했어요. 경희대 앞에 가시면 꼭 들려보세요! 저녁에 와인도 마시러 함 오고싶네요 ~ ♡"
봄의정원 회기점,성가대 Sop 모임으로 가서 다양한 음식을 먹고왔어요 ㅎㅎ아쉬운건 주차불가라는거...ㅜ다음에 가면 샐러드 종류를 먹어보렵니당 ㅎㅎ
봄의정원 회기점,친절하세요^^
봄의정원 회기점,우리동네에 이런곳이 있다니.. 간단한 모임하기 참 좋은장소네요~ 뭔가 대학가만의 낭만이 느껴졌답니다.  주차는 경희의료원 제2주차장 이용하면 될듯여 시간당3천원인가 했고 도보3~4분 거리입니다.
봄의정원 회기점,분위기도 좋고 직원이 친절해요~맛은 대부분 짜네요..조금만 덜짜면 맛이 좋을 것 같아요..물 많이 마셨어요..
봄의정원 회기점,늘 예약하고 방문하는 곳입니다 ☺️ 시그니처메뉴인 떡볶이는 늘 맛있습니다! 옥수수퓨레 포크 스테이크도 너무 맛있었어요
봄의정원 회기점,"우울한 친구를 위해 경희대 벚꽃구경 가는길에 아점먹으려 예약하구 간 장소로 화이트로 매장이 넓진않았지만 깔끔했다. 2층창가 자리로 대화하기 조운장소, 하지만 뷰는 멀리바야 함, 일욜이라 자녀랑 함께한 테이블도 보이고...주문한 로제파스타와 치킨찹스테이크는 약간 짭쪼름하면서도 달달해 정신없이 남기지않고 모두 먹어버렸다 다음에 오면 먹지못한 떡볶이를 먹기로 했다  개인적으로 한가지 아시웠던점은 커피가 없었던 점이..."
봄의정원 회기점,떡볶이 색다르고 맛있었어요!!!:)ㅎㅎ다음에는 갓김치 볶음밥 먹어보고 싶어요!!^^*
봄의정원 회기점,파스타가 버섯향이 강해요 이름값하네요 맛있어요~!라자냐는 치즈가 듬뿍 있어서 너무 좋았어요 이름은 까먹었었는데 닭고기가 엄청 부드러웠어요 고구마인줄알았던 파프리카.. 잘먹었습니다ت
봄의정원 회기점,음식은 맛이 있었어요.직원들은 그다지 친절하진 않은것 같아요.체인점이라 다른 지점을 가보고 싶네요.
봄의정원 회기점,맛있어요
봄의정원 회기점,잘먹었습니다:)
봄의정원 회기점,분위기도 좋고 맛있어요
봄의정원 회기점,맛나용
봄의정원 회기점,좋아요
봄의정원 회기점,좋아요
봄의정원 회기점,좋아요
봄의정원 회기점,좋아요
봄의정원 회기점,김치볶음밥에 고기도 많이 들어있고 크림도 맛있어요~ 오일파스타도 존맛🧡 살짝어수선했던 분위기만 빼면 굳굳 다음에 또 오고 싶네요
봄의정원 회기점,"둘이서 라자냐랑 찹스테이크 먹었는데 배부르게 목어서 남기고 왔오요 🥺 저번에 회식 때 왔다가 분위기도 좋고 음식도 맛있어서 또 왔어요! 남자친구랑 데이트하기 좋은 곳 이에요 ,,🤍"
봄의정원 회기점,여러가지 메뉴 시켜봤는데 다 맛있었어요회기에 이런 곳이 있다니 분위기 내고 싶을때 좋을것 같아요 완전 추천입니다 매장도 넘 예뻤어요 ㅎㅎ
봄의정원 회기점,이색적인 파스타와 스테이크 너무 맛있게 먹었어요!
봄의정원 회기점,어머니와 콘서트 가기 전 들러서 점심 먹었어요. 로제 파스타 너무 맛있었어요. 조용하고 분위기 좋아요.
봄의정원 회기점,아이생일파티 잘하고왔어요맛있었지만...혼자 서빙하다보니 친절한 느낌은 없어서 아쉬워요
봄의정원 회기점,눈이 즐겁고 맛도 훌륭한 식사!맛있게 잘 먹고갑니다:)
봄의정원 회기점,"윽 너무 별로네요.. 음식 조화가 너무 안 맞아요.특히 저 흰목이 버섯은 식감과 맛이 겉돌고, 포크스테이크에 저 위에 흰색은 크림치즈(?)인데대체 옥수수 퓌레랑 크림치즈 이건 뭔 조합이죠?니 맛도 내 맛도 아니었어요. 지인 생일이라서 어쩔 수 없이 이 근처로 간 건데리뷰가 다 너무 좋길래 놀라서 남겨요ㅜㅜ"
봄의정원 회기점,특별한날 가기좋은 분위기도 가성비도 좋은곳입니다.
봄의정원 회기점,혼자 밥먹기 조용하고 좋아요
봄의정원 회기점,맛있게 잘먹고왔습니다~음식설명도 잘해주시고 ^-^재료가 신선해요
봄의정원 회기점,"지나가다  들어간 음식점.청소년2,어른3모두 오일파스타가 최고였다고.수비드오겹살도  부들부들 맛이 좋았는데, 서빙 접시를 좀 더 고급진 것으로 했으면 하고, 양이 조금부족한듯 했어요.투명 유리접시는 좀....그랬어요.주문한 모든 메뉴 맛있게 먹었어요."
언니네함바그,지방살지만 서울 경희의료원 올때마다 한번씩 들려서 밥먹고가요..1접시를 깨끗이 치웠네요 너무 맛있어요
언니네함바그,회기 맛집입니다! 함박스테이크 맛있고 가성비도 좋아요 매장 내부도 귀엽습니다 ㅎㅎ 추천드려요~
언니네함바그,배달로만 주문해서 먹다가 오늘은 늦은점심으로 매장에 도착해서 20분정도 기다려서 먹게 되었는데너무 맛있고 양도 많고 다음에 또 올 것 같아요!!
언니네함바그,너무 맛있어요!! 회기 명물 ㅎㅎ
언니네함바그,항상 넘나 친절하셔서 기분이 좋은 곳이에요!! 음식은 말할것도 없고 오늘은 뭔가 더 기분좋게 식사했어요💖
언니네함바그,오리지널도 카레도 다 맛나요특히 샐러드.별거 아닌데 넘 맛나요.오늘도 잘먹겠습니다^^
언니네함바그,맛있어요
언니네함바그,너무 맛있게 잘 먹었어요
언니네함바그,두번째 방문인데 이번에도 맛있게 잘 먹었습니다 다음에 또 올게요
언니네함바그,오랜만에 먹었는데 역시 너무 맛있게 잘먹었어요 ㅎㅎ 같이간 형도 맛있다고 했어요
언니네함바그,항상 여기서 먹어요 ㅎㅎ 다른곳이랑은 비교불가.. 오래 함께 해주세요 :)
언니네함바그,항상 맛있게 먹고 있어요! 회기 최애 맛집!
언니네함바그,오랜만에 왔는데 역시 맛있네요 !! 함바그는 언니네가 최고에요 ㅠㅠ
언니네함바그,카레함박 왕맛잇어요 친구들이랑 근처에서 밥 먹을 일 있으면 매번 언함으로 갑니도 ... 🥹
언니네함바그,치즈함박이랑 매콤 먹었는데 둘다 맛나용 😍 찾아온 보람이있어요
언니네함바그,군대 갔다오고 대학 동기랑 몇 년만에 먹었는데 진짜 예전 맛 그대로ㅜㅜ 너무 맛있게 잘 먹었습니다!!
언니네함바그,처음 방문했는데 종류가 많아 고민하다가 매운함바그와 치즈 함바그를 주문했는데 모두 전혀 느끼하지 않고 맛있었습니다. 그리고 일하시는 분도 친절히 대해 주셔서 좋았습니다.다음에 또 방문하고 하겠습니다. 😊
언니네함바그,넘 맛있고 분위기도 좋아요~!💓
언니네함바그,매콤 함박 시켰는데 너무 맵지도 않고 알싸한 게 맛있어요!!
언니네함바그,대학 입학부터 믿고 먹는 언니네 함바그입니다회기 오시면 꼭 가보셔야 해요
언니네함바그,"가성비와 맛, 내부가 작아도 분위기가 좋습니다!특히 맛이 좋아서 또방문할거같아요"
언니네함바그,"든든하고 따듯한 밥이 생각날 때 오는 곳이에요~가게 자체도 아늑하고 포근한 느낌이 좋아서 종종 찾게 되요ㅎㅎ함박 스테이크 위에 쌓여나오는 반숙과 진미채 튀김은 아래 깔린 소스와 숙주랑 같이 먹으면 밥 한공기 뚝딱이에요,, 기본으로 주시는 밥이랑 국 외에 추가로 리필해주셔서 늘 든든히 먹고 갑니다!너무 맛있어서 정신없이 먹다보니 한조각 남은 사진뿐이네요😂개인적으로는 카레 함박스테이크.. 카레향이 너무 세지 않고 부드러워서 너무너무 추천이요👍"
언니네함바그,여기가 너무나도 좋은 이유는저도 물론 당연히 좋아하지만저희 어머니가 넘나 좋아하신다는것에 있어요어머니 입맛에 맞고 거기에 맘까지 들게 하는 이런 집 찾는게 쉽지 않았거든요 마치 빛과 소금 같은 느낌이랄까외출하는게 어려우신 분인지리 그저 좋기만 했습니다자주 사먹을께요
언니네함바그,"항상 올때마다 느끼는 거지만, 집 근처에 이런 식당에 있음에 감사합니다"
언니네함바그,항상 맛있어요
언니네함바그,자주오는 곳이에요 ♥️ 오늘도 맛있게 잘먹고갑니당 카레함바그최고에요 !!
언니네함바그,회기 주민께 추천받은 곳이에요친절하시고 음식도 맛있어요!👍
언니네함바그,음식 맛도 좋고 양도 많아서 든든하게 점심 식사했습니다:)분위기도 좋고 인테리어도 너무 예뻐요! 구석구석 사장님 취향이 잘 보여요🖤잘 먹었습니다🫨
언니네함바그,카레랑 일반 시켰는데 둘다 너무 맛있네요! 셀러드도 괜찮고 밥도 부족하면 서비스로 추가해주십니다!
언니네함바그,두번째 시켜먹었을 때 사진인데먹기 전 찍었던 밥사진을 올려보려고 해요힌 쌀밥도 좋지만사진처럼 건강에 좋은 밥으로 제공해주셔서먹는 내내 몸이 좋아지는 듯한 느낌이 들었어요
언니네함바그,"연애시절 데이트코스였던 맛집...!결혼 후 와서 먹었는데,가게가 이전했어도 맛은 그대로입니다."
언니네함바그,치즈랑 기본! 웨이팅 있고 오래걸리지만 괜춘
언니네함바그,"치즈함바그는 모짜렐라 + 꾸떡한 소스 즐기시는 분들이 만족하실 것 같아요! 매운함바그는 맵찔이 충분히 가능했고, 오히려 마지막 한입까지 물리지 않는 맛이었습니다! 맛있어서 두사람 다 완그릇했습니다! :)"
언니네함바그,다음에 또 와도 좋은 집!
언니네함바그,뻔하지 않은 특별한 함바그!졸업생인데 많은 곳 제쳐두고 올만큼 학생때부터 좋아했습니다!!역시나 대존맛
언니네함바그,"정말 맛있어요 !~가게 분위기도 너무 좋아요자주 먹으러도 가고, 데려간 친구들 모두 맛있다고 하는 집이에요 추천 !!"
언니네함바그,너무맛있어요
언니네함바그,정말 맛잇어요~!!!!!
언니네함바그,제가 넘 좋아하는 집이에요 그치만 테이블이 많이 없어서 먹으려면 피크타임은 피해서 가야해요 ㅠ
언니네함바그,ㅠㅠ오늘도 맛있었어요 식전에 샐러드 두 그릇... 순삭맛있게 먹고갑니당 ㅎㅎ
언니네함바그,너무 맛있어서 정신 없이 먹고나니사진으로 찍을만한게 남아있질 않았어요ㅠㅜ그래서 주문 내역 인증으로 어쩔 수 없이...오늘 특별한 날이라 그런지 가게들이 다 닫혀있더라구요어쩌지 고민하다가 한번 먹어보자 찜해놓고 못 간 언니네함바그가 갑자기 기억이 나서 열심히 되짚어서 전화번호 찾아서 바로 전화...다행히 전화가 되었고 주문이 가능하다고 해서 부리나케 20분을 뛰어서 주문하고 그랬네요자주 방문할거 같아요넋두리가 길었네요아 또 먹고 싶
언니네함바그,너무 맛있게 잘먹었어요~ 분위기가 좋아서 연인끼리 와도 좋을것 같아요! 재료도 신선하고 다음에 또올게요
언니네함바그,"인테리어 소품들은 자주 바뀌지만, 맛은 항상 일정한 언니네 함바그!나름 특색있는 4가지 메뉴가 있어 골라먹을 수 있고 한끼 배부르게 먹을 수 있어서 좋아요 ㅎㅎ"
언니네함바그,넘 맛있게 잘 먹었어요! 서빙하시는 핑크색 맨투맨 여자분과 사장님도 친절하셔서 더욱 기분좋은 식사였습니다.
언니네함바그,점심시간대라 그런지 배달도 밀려있어 음식 나오는데 오래걸렸지만 맛있었습니당
언니네함바그,외대 졸업생인데 크리스마스날 특별한 추억의 맛 여행 잘했어요ㅠㅠ 매콤인데 치즈를 추가해서 그런지 하나도 안매웠어요...고추 더 많이 넣어도 맛있을거같아요 히히 완전 배부르게 맛나게 잘먹었습니당!!!
언니네함바그,너무 맛있어요~!! 다음에 또 올게요
언니네함바그,오랜만에 방문했는데 너무 맛있었어요 💗💗싹싹비웠습니다...😍
언니네함바그,올 때마다 너므 맛있어여 ~~~ 🤍🤍🤍추천추천왕추천 ~~~~~
언니네함바그,이날은 뭔가 소스가 싱거웠어요...! 함바그도 간이 약했던 기억이
언니네함바그,완전 아늑해요 음식도 맛있어요!
언니네함바그,역시 맛있어요
언니네함바그,생각나서 1년만에 재방문! 차타고 20분 거리에서도 먹으러 왔어요! ㅎㅎ
언니네함바그,한 번씩 푸짐하게 힘나고 싶을 때 땡기는 함박!! 다양한 맛과 두툼한 육질!!! 참깨 샐러드 드레싱 샐러드도 넘 맛나요!!
언니네함바그,매운함바그 카레함바그 주문했는데 맛있어요음악이 너무 좋쿠 직원분도 너무 친절하시네요^^
언니네함바그,가게 분위기 아늑하고 음식이 너무 맛있어요!철판에 나와서 다먹을때까지 따뜻하게 먹을 수 있어서 좋아요~~번창하세요🥰
언니네함바그,맛있어요! 매운 함바그는 그냥 함바그 느낌 보다는 팟타이 느낌이 많이 나는 소스였어요 ! 치즈는 정석적인 함박스테이크 맛이었는데 넘 맛있었습니당
언니네함바그,11시40분쯤 도착했는데 웨이팅 없이 바로 주문 가능했어요:) 직원분도 친절하시고 음식은 항상 맛있어요~
언니네함바그,너무 맛있고 따뜻하고 친절해요
언니네함바그,너무 맛있고 사장님이 친절해요 🩷 노래도 너무 좋아요 🩷
여기가좋겠네,ㅈㅇㅇ
여기가좋겠네,좋아요
여기가좋겠네,연애할때가고 거의10년만에 갔는데 가격이 여전히 저렴하고 맛있어요👍 추억의맛집~
여기가좋겠네,찜닭과 고기떡볶이에요~  고기떡볶이는 필수!  맨날 닭볶음탕만 먹다가 찜닭시켜 봤는데 맛있네요~~
여기가좋겠네,맛과 양 가격 모두 잡은 곳...두 명 기준으로 닭도리(소)+고기떡볶이가 옛날부터 국룰이에요🤪배가 고파지면 이런 매장이 주변에 있다는 사실이 어찌나 감사한지 모르겠습니다ㅎ
여기가좋겠네,가성비 최고!!
여기가좋겠네,성인여자2➡️닭도리탕소+면사리+공기밥이렇게 시키세요. 멋모르고 중자 시켰다가 다 못먹고 나왔어요ㅋㅋ 양 정말 많고 집밥 맛에 가성비 최고입니다 대학가 정석맛집!!!! 근처에 사는데 집밥이 생각난다면 추천합니다
여기가좋겠네,좋아요
여기가좋겠네,"두명이서 고기떡볶이, 닭도리탕 중 사이즈로 먹었는데 양이 많았어요ㅎㅎ 고기떡볶이는 떡볶이와 제육볶음 느낌으로 맛있었어요~"
여기가좋겠네,따로따로 포장하신 센스가 와👍중자 아니구 대자 아닌가용?ㅎ 맛나고 양 많고 안먹을 이유가 없네요 ㅋ
여기가좋겠네,"고기떡볶이는 배고파서 먼저 먹다가 찍었습니다,, 회기 닭볶음탕집 하면 넘버원이쥬 헤헤 밑반찬도 너무 맛있고 가성비가 진짜 최고에요!!!! 근데 또 간도 맛있어.. 특히 닭볶음탕은 처음 나오고 5분정도 쫄여서 먹음 더더더더 맛있어여 헷 여기 방문은 정말 수도없이 많이했지만 오늘 첨으로 후기 남겨봅니다~~~ 완전 강추!!!"
여기가좋겠네,맛은 있지만 난 이제 놔줘야할 때?백종원 골목식당 경희대편에 나온 뒤로 더 인기를 얻었던 '여기가 좋겠네'닭도리탕과 고기떡볶이 가격이 착해서 종종 방문해 식사.및 포장.맛은 그대론데 피곤하신지 사장님은 내내 뚱하게 사람을 대하심.제일 한가한 시간에 포장주문인데도 의아함.. 그닥 유쾌하지 않은 경험.단골은 아닐지라도  종종 들렀었는데 영 불편했음.나오면서 인사하는데도 받는둥 마는둥 주객전도.여튼 여기 고기떡볶이는 고기 노릇하게 볶아주고서 육수넣고 끓이다 마지막에 떡넣고 2~3`분 끓여주면 맛있게 완성.그러고보니 육수 안 양배추도 덜 썰린채 통으로 들어있음.기분좋게 리뷰 쓰려고 했는데 여러모로 아쉬운 방문.맛 좋고 가격 저렴하니 좋은 집이지만 난 이제 다른 집을 찾아보려 함.
여기가좋겠네,좋아요
여기가좋겠네,고기떡볶이까지 알차게 먹고왔어요 맛있어요언제 먹어도 맛있는곳이예요 줄서야할수도있으니 주의하세요
여기가좋겠네,맛나다
여기가좋겠네,가성비 좋아요 맛있어요
여기가좋겠네,"결론: 다시는 갈일 없음이유: 닭도리탕은 닭이 뼈 발골하면 먹을게 없음. 그리고 닭에 간이 안배 맛이 밍밍. 국물은 짬. 맛없다. 사장이 바뀐건지 맛도 변함그리고 모듬어묵떡볶이 최악 , 소금 들이부음짜도 너무 짜다. 게다가 반찬도 다 짜다.가실거면 찜닭만 드시길 추천"
여기가좋겠네,흠... 고등학교&대학교때 이후로 거의 15년만에 가본거 같은데 입맛이 변해서 그런지 별로였어요.. 양념은 맛있으나 솔직히 닭다리 한입 베어물고 생닭냄새?나서 남편이랑 둘 다 닭다리 못먹고 버렸고 양념이 닭살 깊숙하게 베어있지도 않은데 양념(국물)도 양이 너무 적어서 끓이면서 떠먹을 국물조차 없어요. 그냥 딱 학생들이 끼니 해결하지 좋은 정도고 나이들어서까지 찾을만한 맛집은 개인적으로 아니었어요~
여기가좋겠네,맛있게 잘 먹었습니다
여기가좋겠네,닭볶음탕 닭발 모두맛있어요
여기가좋겠네,"대부분은 2인 이상 오는 것 같지만, 난 종종 혼자 가서 고기떡볶이랑 공깃밥 시켜서 혼밥하는데 양이 적당하고 혼자 배 채우기에 든든하고 좋다. 대부분 가게에 사람이 많은 편이다."
여기가좋겠네,닭도리탕 맛집!! 여기 닭이 뉴진스럽지 않은 퀄리티에 맛있어요. 닭도리탕 생각날 때 추천!!!
여기가좋겠네,"여기가좋겠네-회기동닭도리탕이 진짜 맛있고 양이 많으며진짜 가성비 너무 좋은곳으로서,경희대 학생이라면여기를 꼭 가서 먹어보는걸 추천하는 가게"
여기가좋겠네,굿
여기가좋겠네,^^
여기가좋겠네,좋아요
여기가좋겠네,뼈없는 찜닭은 처음 먹었는데 양이 많고 당면사리 추가했는데 맛있어요 닭볶음탕은 약간 싱거움이 있었다면 뼈찜은 간이 딱 맞아요 밑반찬도 맛있어서 여러번 리필했네요 ㅎㅎㅎ
여기가좋겠네,가격도 저렴하고 맛있어요 닭발도 맛있네요
여기가좋겠네,👍
여기가좋겠네,직원분들도 친절하시고 맛있어요. 중으로 시켰는데 둘이 먹으니까 양이 많아요.
여기가좋겠네,굿
여기가좋겠네,"여기 닭볶음탕도 맛집이지만,,, 뼈 없는 찜닭도 짱존맛입니다!!! 고기떡볶이는 필쑤"
여기가좋겠네,조아요
여기가좋겠네,음식이 깔끔해요
여기가좋겠네,국물이 진하고 너무 맛있어요 직원분이 너무 친절하세요 요기 강추합니다^^
여기가좋겠네,친절해요
여기가좋겠네,또 먹으러 왔습니다ㅎㅎ 양 많아서 반마리로도 두 명이서 먹기 딱이네요 가성비 좋고 맛도 있어서 손님들이 언제나 많아요
여기가좋겠네,괜히 대학가가 아님이 정도 양이 소자인데두명이서 먹어도 배부르고무엇보다 금액이 저렴함
여기가좋겠네,반마리인데도 두 명이서 배부르게 먹었습니다!맛은 당연히 있습니다 밑반찬도 나쁘지 않아요가성비도 좋으니 추천합니다
여기가좋겠네,오랜만에 고기떡볶이 굿
여기가좋겠네,맛있어요 ㅎㅎ
여기가좋겠네,맛있고 양도 충분해요
여기가좋겠네,회기동 최고 맛집!
여기가좋겠네,좋아요
여기가좋겠네,여전히 맛있네요 오랜만에 갔더니 주문도 태블릿으로 하더라구요
여기가좋겠네,굿
여기가좋겠네,굿
여기가좋겠네,친절해요
여기가좋겠네,맛있어여
여기가좋겠네,가격대비 양이푸짐해요어묵떡복기도 생겼더라고요
여기가좋겠네,양념이 무슨 맛인지 모르겠어요 보이는건 엄청 빨간데 고기에 양념이 안배어서 엄청 싱겁게 느껴지네요..
여기가좋겠네,가족의  맛평가는  닭볶음탕보다  고기떡볶이가 더 좋았어요.그런데  밑반찬  몇 가지  나왔는데대체적으로  모두 짜서  젓가락이안  가더군요. 정말  밑반찬  짭니다.
여기가좋겠네,굿
여기가좋겠네,맛있어요. 친절해요  ~
여기가좋겠네,"추억 때문에라도 좋지만, 꼭 그것때문이 아니어도 음식 만으로도 충분히 맛있는 곳. 이제 정말 몇 곳 남지 않은 회기동의 오랜 맛집."
여기가좋겠네,ㅈㅇㅇ
여기가좋겠네,맛잇어용
여기가좋겠네,"한 3년 만의...오랜만의 방문예전이나 지금이나 맛 그대로였다!여전히 사장님께서 운영하신다!둘이서 중자(한마리)는 좀 많으니, 소자 시키셔도 될 것 같아요. 걱정되시면 사리 추가하세요!"
여기가좋겠네,맛있어요
여기가좋겠네,nice
여기가좋겠네,음식이 맛있어요
여기가좋겠네,굿
여기가좋겠네,친절해요
여기가좋겠네,항상 푸짐하게주세요. 맛있습니다
여기가좋겠네,"경희의료왔다가 찾은곳인데 , 찐 맛집을 찾아간거였어요!!!오랫만에 닭볶음탕 잡내없이 칼칼하고 맛있게 잘하는집에 갔네요. 정말 양도 혜자스럽고 가격도 진짜 착해요사장님도 친절하시고, 점심때가면 자리없어요 학생들이 진짜많아요, 깜빡하고 가방을 두고 나왔는데 사장님이 뛰어서 갖다주셔서 정말 감사했어요  다음에 오면 꼭 또 들리려구요 강츄강츄 찐맛!!"
여기가좋겠네,나쁘지않네요
여기가좋겠네,고기떡볶이.닭도리탕(소)짜리 주문함 양념이 맛있어성  밥에 비벼먹기 좋네요  반찬도 맛있구요 굳굳
여기가좋겠네,"회기에서 대표적인 밥집이에요.가격도 착하고 맛있고, 특히 고기떡볶이는 한 번씩 생각납니다!"
여기가좋겠네,맛있어요!
여기가좋겠네,가성비가 좋습니다.
여기가좋겠네,"가성비 굿 ~ 낮술, 반주 뙇"
여기가좋겠네,가끔씩 방문하는데 가성비 좋아요~매번 갈때마다 느끼는건데 개인적으로는 주류가 좀 시원했으면 좋겠네요~
여기가좋겠네,닭볶음탕 고기떡볶이 무뼈닭발 주문했는데 양이 푸짐하고 맛있어요. 5명이서 배터지게 먹었어요⭕️인스타 뚱스맛집 올린영상보러오세요
여기가좋겠네,"근처 공연보고 리뷰많길래 방문했어요 공휴일에 6시도 안된 시각이었는데 만석이라 20분 정도 웨이팅했구요. 닭도리탕(소)에 분모자, 라면사리 추가햇더니 남녀 둘이 먹기 딱 좋았어요!막 엄청 맛있다 이건 솔직히 아니었는데 가성비가 좋고, 오히려 라면을 볶음면처럼 먹으니까 존맛이었어요~~직원들이 친절하고 대학가 술집 분위기 물씬 나요 ㅎㅎ"
여기가좋겠네,"여자친구와 둘이서 닭도리 소, 고기 떡볶이 시켜서 먹었는데 양도 많고 넘 맛있게 잘먹고 갑니다.또 갈께요^-^"
여기가좋겠네,닭발도 맛있고 닭볶음탕도 맛있어요.
여기가좋겠네,민들래영토를 갔다가 백종원 대표님 솔루션 해준 닭볶음탕이 생각나서 가봤는데 여전히 장사가 잘되고맛도 좋았습니다.둘이가면 (소) 자에 사리 추가  고기 떡복이 이렇게 시키면 딱 좋아요감자 사리를 시켰는데 너무 잘 시켰다 생각했어요~고기 떡볶이 강추! 입니다.
여기가좋겠네,회전이빠르고 양과 가성비.맛까지 좋습니다.반찬도 맛있고요고기떡볶이 안시켰음 후회할뻔.주차는안되니 인근주차장 이용하시면됩니다.밥땡기는 닭도리맛.재방문 각인곳.
여기가좋겠네,맛있어요
여기가좋겠네,2년만에 방문했어요 ㅎㅎ 여전히 맛있고 양도 많아요 잘 먹었습니다 !!
여기가좋겠네,맛있어요
여기가좋겠네,가성비최고인곳👍🏼재료도 신선라고 양도 정말 많아요ㅋ막걸리는 부르는맛🍶
여기가좋겠네,가성비 좋고 맛도 좋고
여기가좋겠네,조카랑 맛나게 저녁한끼. 맛집이라 사람들이 많았어요 . 양도 많고 친절하세요
여기가좋겠네,"닭볶음탕을 이 가격에 먹을 수 있다는 게 가장 최고 장점👍덧, 닭볶음탕은 가게 내부에 안내되어있는 설명대로 해서 먹어야 맛있음!공기밥 양도 넉넉하게 주셔서 좋았음😁"
여기가좋겠네,오랜만에 방문했음에도 여전히 맛있는 음식과 친절한 직원분들~맛있게 잘 먹었습니다^^
여기가좋겠네,맛 좋아
여기가좋겠네,굿
여기가좋겠네,최고에요너무맛있어요
여기가좋겠네,최고고너무좋네요
여기가좋겠네,최고고너무맛있어요
여기가좋겠네,저렴하고 맛있어요 잘먹고갑니다
여기가좋겠네,양도 많고 너무 맛있어요! 우동사리 꼭 추가하세요
여기가좋겠네,오랜만에 먹었는데 역시 너무 맛있게 먹었습니다 ㅠ 진리
여기가좋겠네,"여기가좋겠네 회기역#생방송투데이 #백종원의골목식당 #닭볶음탕 #찜닭인근에 경희대학교와 외국어대학교 가 있는 대학가답게 싸고 양도 푸짐하다. 닭볶음탕 소(13,000원)를 주문했는데 다른 곳의 중자를 능가하는 양이며 닭도 크기가 커서 한조각 한조각이 주먹만하다. 반찬도 무한리필이라 더 퍼다가 더 먹었다. 떡과 감자를 추가하니 양이 중자 돼버렸다. ㅎㅎ 맵찔이인 나지만 그렇게 맵지는 않고 매콤+달달한 양념장과 쌀떡, 파, 양파, 감자가 쫄여져 양념이 잘 스며들어 제대로 된 닭볶음탕의 풍미를 맛볼수 있다후식으로 회기역1번 출구 원조붕어빵 천원에5개 먹으면 화룡점정 찍고 상쾌한 하루를 힘차게 보낼수 있다.  단팥은 천원에5개, 슈크림은 천원에4개로 전국최저가로 팔지만 맛은 굿이다."
여기가좋겠네,맛있어서 멀지만 가게됩니다
여기가좋겠네,학교 다닐때 학식보다 자주 먹었는데오랜만에 추억돋아 방문 ㅋㅋㅋㅋ여전히 가성비 좋아 손님 많네요
여기가좋겠네,유명한 맛집답게 사람이 정말 많았어요~ 학교 근처 식당이라 그런지 확실히 가성비가 정말 좋은 거 같아요 👍
여기가좋겠네,생각보다 별로예요 좀더 팔팔 끓이고 나오면 좋을듯요
여기가좋겠네,친절해요
회기왕갈비탕,오랫만에 찾은 맛집~너무 맛나네요주인사장님도 친절하세요또 방문할께요~^^
회기왕갈비탕,요즘 감기가 유행이라 뜨끈한 갈비탕 먹으로 왔는데 최고로 맛있습니다 회기 사람이라면 무조건 와봤을 거에툐 최고 회기왕갈비탕 🤍🤍가격도 너무너무 착하고 밥도 무한리필에 깍두기도 너무 맛있습니다
회기왕갈비탕,91세 아버지 89세 어머니와 갈비탕 먹으러왔네요눈도오고뜨겁고 든든한 왕갈비탕나는 왜 병원 모시고 오기전에는 일케 못왔을까 반성하며오늘도 맛있는 식사 감사합니다모두 건강하고 행복하세요
회기왕갈비탕,고기양도 많고 야들야들하미 맛있어요 회기 오면 또 갈것 같아요
회기왕갈비탕,회사근처라 동생과 와 봤는데 고기양도 푸짐히고 매장도 깔끔하네요. 이젠 갈비탕 먹고 싶으면 여기로 와야겠어요. 서빙하시는 분들도 친절하시고 셀프바도 있어서 모자란 반찬은 갖다먹음 되겠어요. 미수가루도 공짜네요 ㅎㅎ
회기왕갈비탕,갈비탕 좋아하는 육식파는 무조건 여기입니다!! 강추입니다
회기왕갈비탕,기력회복 특 갈비탕 ! 바람도 많이 불고 추운날이 계속인데~ 새해맞이로 급 갈비탕 맛있게 냠 😋
회기왕갈비탕,갈비탕 고기 양도 푸짐하고 맛있어요!후식인 보리강정이랑 미숫가루도 맛있네요 ㅎㅎ이제 갈비탕은 여기로 정착할게요💕
회기왕갈비탕,여자친구와 올해 첫 식사로 뭐 먹을지 고민하다..보양도 되고 맛도잇을거같은 갈비찜을 먹기로했답니다!반찬도 맛있고 참 만족스러웠답니다!
회기왕갈비탕,갈비가 적당히 기름지고 살이 엄청 부드럽고 촉촉했어요! 매일120kg갈비 핏물을 빼고 여러번 푹 고아서 만들었다는데 진짜 맞는 것 같더라구요..석박지도 식감이 좋고 갈비국물이랑 잘 어울리는 새콤한 맛이여서 질리지않고 계속 먹을 수 있었어요😁그리고 밥다먹고 무한리필로 먹을 수 있는 보리강정이랑 미숫가루도 완전 별미입니다👍👍👍회기나 외대사시는분 여기 꼭 한번은 와야됩니다..정말
회기왕갈비탕,집 근처라 방문했는데 고기 양 엄청 많고 맛있어요! 리필바도 잘되어 있어서 든든하게 먹을 수 있습니다!
회기왕갈비탕,한번 들었다 넘 맛있어서 단골 됐어요~~~ 갈비탕 맛있고 반찬 알차네요 ㅎㅎ
회기왕갈비탕,얼큰 걸비탕 맛있어요
회기왕갈비탕,고기양도 많고 국물도 진하고 맛있어요 ㅎㅎㅎㅎ
회기왕갈비탕,친구가 추천해서 왔는데 양도 푸짐하고 너무 맛있어요!!!또 올게요!!
회기왕갈비탕,갈비탕 맛있고 미숫가루랑 보리강정도 넘 맛있어요!!!!!!!재방문이고 단골 할겁니다
회기왕갈비탕,새해에 가족들이랑 먹으러 왔는데 깔끔하고 맛있었습니다!! 미숫가루도 굿!!
회기왕갈비탕,양많고 맛잇어요
회기왕갈비탕,자주 방문하지만 여전히 푸짐하고 맛있네요~~
회기왕갈비탕,고기가 야들야들 부드럽고 국물도 맑고 개운해요!
회기왕갈비탕,2주 사이에 3번왔어요 갈비탕양도많고 미숫가루 보리강정 다 미챴어요 너무 맛있어요
회기왕갈비탕,양 많고 야들야들하고 너무 맛있어요!!!
회기왕갈비탕,푸짐하게 잘 먹었습니다
회기왕갈비탕,맛있어요!!고기 양도  많은데 다른 곳보다 가견아 저렴하네요거기다 후식으로 먹을 수 있는 미숫가루와 보리강정도 엄청. 맛있네요
회기왕갈비탕,매장 분위기도 좋고 테이블도 넉넉해 커플 데이트 가족외식하기 좋아요 갈비탕 가격대비 양도 푸짐하고 큼지막한 갈비가 들어 있어 발라 먹는 재미가 있어요 갈비살 부드럽고 촉촉하니 맛있어요 국물이 진하고 개운하니 맛있어요 아롱사태도 푸짐히 들어 있고 부드럽고 맛있어요^^겨울철 몸보신 음식으로 추천해요^^
회기왕갈비탕,푸짐하게 한 끼 먹으러 오기 좋아요. 맛있고 체력 충전하기 좋습니다. 보리강정도 너무 맛나요~^^
회기왕갈비탕,양 엄청 많고든든해서 맛있습니다.혼밥하기도 좋아요
회기왕갈비탕,갈비탕 생각나면 항상 와요!변함없는 맛에 고기가 정말 풍부해요
회기왕갈비탕,푸짐해요><
회기왕갈비탕,"진짜 맛있어요 미숫가루 보리과자까지 무한리필되어서 원없이 먹을 수 있어요! 갈비탕도 뜨끈하고 고기도 맛있어요 저렴한 냉동갈비 아니에요 기름지고 몸보신되는 맛이에요. 남녀노소 누구나 잘 먹을 맛이고, 미국 백악관셰프가 다녀간 곳인 만큼 인기도 많고 사람도 엄총 많아요 ! 단체석도 있고, 깍두기가 진짜 대 존 맛 탱! 탕류랑 먹기 좋은 김치. 분점 내주시면 안 될까요 … 저희 집 근처로 …"
회기왕갈비탕,깔끔하게 갈비탕도 잘 나오고 조용한 분위기여서 좋아요 ! 다음에 또 방문하겠습니다 ~~ !
회기왕갈비탕,추운날씨에 갈비탕 한그릇 즥여요 ~~~추천추천 ❤️‍🔥❤️‍🔥❤️‍🔥
회기왕갈비탕,갈비탕도 맛있는데 보리강정 넘 맛잇어요~!
회기왕갈비탕,추운 겨울에 뜨끈한 국물 생각나서 왔네요. 후기 거의 안쓰는데 맛있는 음식 같이 먹고자 남깁니다. 집 가까운 곳에  있어 가족들과 가끔 오는데 올때마다 풍성한 대갈비와 정성스러운 반찬들로 흡족하고 맛있는 식사하고 갑니다. 상호에 맞게 고기 많은 왕갈비로만 주시는데 특은 진짜 어마어마하네요. 맛은 두할말 나위없이 푹 우린 갈비 육수맛이 일품입니다. 그리고 고기도 질기지 않고 부드럽게 씹히네요. 이 집 석박지가 아주 맛있습니다. 갈비탕에 척올려 먹으면 진짜 맛있게 한그릇 뚝딱하네요. 반찬도 셀프고 밥도 원하면 리필도 됩니다. 후식으로 먹을 수 있는 보리강정과 미숫가루 정말 별미입니다. 사장님이 갈비에 진심이네요.
회기왕갈비탕,너무 맛나게 먹다보니 비닥이네요 ㅠㅠ친구들과 맛나게 먹고 신랑하고 또 먹고 아들건 포장해서 갑니다~ㅎㅎ김치.깍두기 다 맛나요
회기왕갈비탕,좋았어요
회기왕갈비탕,벌써 5번째 먹으러 왔어요ㅎㅎ
회기왕갈비탕,갈비탕 생전 먹어본 갈비탕 중에 원탑이에요..국물도 깔끔하고 고기도 튼실하고 밥도 리필가능에 반찬 구성도 좋아요. 오랜만에 방문했는데 더덕무침도 추가됐네요. 갈수록 업그레이드되고 사장님이 신경쓰시는게 보여요  최고!
회기왕갈비탕,가게 내부도 깔끔하고 음식 맛도 깔끔해요. 밥이나 반찬 리필 가능해서 낭비없이 원하는 만큼 먹을 수 있는 것도 좋네요. 고기가 많아 든든하고 맛있는 한끼 먹었습니다. 근처 갈비탕 중에서 제일 잘 먹었어요
회기왕갈비탕,생각지도않게 맛집을 또 찾았네요!진짜 큼직한 갈빗대가 3개가 있었는데 없어졌어요 ㅜㅜ김연우콘서트 보러왔다가 찾은 맛집경희대 관계자들은 좋겠습니다! ㅋ
회기왕갈비탕,양도 많고 맛도 대박입니다! 우이 아이들은 이미 여기에 중독되...어..ㅆ...👍
회기왕갈비탕,너무 맛있게 잘 먹었습니다!!든든하고 푸짐하니 너무 만족해요
회기왕갈비탕,든든하게 먹기 좋아요 맛있게 먹었습니다!
회기왕갈비탕,겨울에 따뜻한 갈비탕 짱
회기왕갈비탕,갈비탕 완전 맛있어요!! 얼큰이랑 아롱사태 하나씩 시켰는데 해장되는 맛입니당 추천해요!!!!💕💕💕
회기왕갈비탕,매장 청결하고 혼밥석도 있어요. 음식도 맛있습니다
회기왕갈비탕,양도 푸짐하고 맛있어요겨울에 든든하네요
회기왕갈비탕,갈비가 엄청 잘 익어서 잘 떨어져요!! 밑반찬도 다 맛있고 보리강정이랑 미숫가루도 무료 제공됩니다 아주 맛있어욤!!!
회기왕갈비탕,맛있어요!!!!!! 항상 구성이 알차서 좋아요 잘 먹었습니다
회기왕갈비탕,담백하고 국물이 원해서 아주 맛있어요!!!
회기왕갈비탕,올때마다 과식하게 됩니다. 푸짐하고 맛있고 공간도 좋고 보신되는 기분이 들고 사이드바도 훌륭해요. 하나같이 맛있어요
회기왕갈비탕,맛나고 고기가 많아 좋네요가성비 좋아요
회기왕갈비탕,벌써 두달만에 세번째 방문이요~!
회기왕갈비탕,"아롱사태갈비탕 먹었는데 양도많고 정말 담백하고 맛있어요!♡ 밥,반찬도 다 리필이 가능하고 보리강정, 후식 미숫가루 넘넘 맛나요! 여기 자주오는데 정말 맛있어요"
회기왕갈비탕,첫방문인데 국물도 깔끔하고맛있어요사장님 번창하세요~~^^
회기왕갈비탕,매번 맛있게 먹고있어요!! 겨울이라 날이 쌀쌀해져 기력보충하러 왔습니다👍🏻👍🏻
회기왕갈비탕,고기 양이 정말 많고 국물맛이 좋습니다
회기왕갈비탕,"밥, 반찬 무한리필에 가게도 깨끗해요"
회기왕갈비탕,특왕갈비탕 갈비살도 야들야들 부드럽게 떨어지고 너무 맛있어요~~👍 그리고 제공되는 미숫가루는 진하면서 풍미가 최고에요! 서비스 보리강정까지 최고! 또 올게요!!😊
회기왕갈비탕,맛있어요. 여기 특히 헛개차와 미숫가루가 제공되는데 아주 야무집니다!
회기왕갈비탕,회기왕갈비탕이 맛있다고 들어서 방문했는데 갈비대도 큰거2개 작은거2개 주고 양이 푸짐하네요~~추운날 몸보신하고 따뜻하게 먹을 수 있어서 좋아요~🙂 good good~~👍
회기왕갈비탕,갈비탕 너무 맛있써여고기도 많고 부드럽고 국물도 맛있써여반찬도 딱 필요한것만 있고 갈비탕이랑 같이 먹기 좋아여아빠랑 맛있게 잘먹었써여
회기왕갈비탕,양많고 맛있었네요
회기왕갈비탕,너무 맛있어요~~ 양도 많고 국물 너무 시원합니다👍👍
회기왕갈비탕,양 많고 맛있어요! 도라지랑 미숫가루 보리강정 따로 떠올 수 있는 것도 좋아요!
회기왕갈비탕,고기양도 많고 맛있어요!!
회기왕갈비탕,여기 왕갈비탕 양도 진짜 많고 국물도 맛있습니다!!!그리고 미숫가루랑 보리강정이 진짜 킥이에요👍🏻👍🏻👍🏻
회기왕갈비탕,너무 맛있게 잘먹고 갑니다!! 고기 많은거 짱짱!
회기왕갈비탕,맛있어요
회기왕갈비탕,갈비탕 양도 많고 깔끔해요. 국물 맛도 자극적이지 않고 맛있어오. 밥도 부족하면 무료로 더 먹을 수 있어서 좋아요.
회기왕갈비탕,예전에 맛있게 먹었던 기억이있는 회기왕갈비탕! 부모님 회기에 놀러오셔서 데려갔는데 너무 잘 드셔서 좋았어용요즘같이 추운 날 갈비탕생각나는데 딱 죠아용후식 보리강정+미숫가루까지 굿
회기왕갈비탕,좋아요
회기왕갈비탕,"회기왕갈비탕에서 아롱사태갈비탕 먹고 왔습니다. 국물은 깔끔하면서도 깊은 감칠맛이 있어 계속 숟가락을 들게 했고, 고기는 부드러우면서도 쫄깃한 식감이 인상적이었습니다. 오픈 주방이라 음식이 만들어지는 모습이 보여서 믿음이 갔고, 혼밥하기에도 전혀 어색하지 않은 분위기였습니다. 셀프 코너로 반찬과 밥을 마음껏 즐길 수 있었던 것도 굿굿! 따뜻한 한 끼가 필요할 때 추천👍 후식으로 미숫가루랑 강정은 꼭 드세용!!"
회기왕갈비탕,국물 진하고 고기 많고 김치 맛있고 갈비탕 전반적으로 넘 최고네요 ㅎㅎㅎㅎ
회기왕갈비탕,"부모님 모시고 왔는데,고기많고 맛있네요!!추운날 따듯한 저녁 맛있었습니다!!@굿굿"
회기왕갈비탕,태어나서 먹어본 갈비탕중 가장 맛있고 양이 많아요
회기왕갈비탕,제기준 갈비탕집은 여기가 넘버원 이네요 ㅎㅎ 항상 맛있게 잘먹고 있습니다.
회기왕갈비탕,너무 맛있고 양도 많아거 한달에 3번이상은 방문해요 회기 맛집 강추!!!
회기왕갈비탕,경희대생들의 겨울철 최고 보양식당
회기왕갈비탕,"갈빗대가 정말 크고 고기도 부드러워요셀프바에 있는 미숫가루도 너무 고소해요밥, 반찬 ,육수까지 리필해주는게 너무 좋은것 같습니다!!"
회기왕갈비탕,이 집은 그냥 와서 드셔보세요... 먹을때마다 너무 맛있어서 감탄하네요... 진짜 갈비탕 중 1등이에요 그냥 오늘도 잘 먹고 갑니다~~
회기왕갈비탕,갈빗대 양도 많고 국물도 맛있네요~! 이 가격에 이 맛이면 추천합니다!
회기왕갈비탕,해장이 너무 잘되고 좋아요.다른 갈비탕집보다 고기 양이 많고 시원합니다재방문의사 무조건 있어요! 회기 갈비탕은 회기왕갈비탕으로 오세요 :)
회기왕갈비탕,고기 듬뿍 아롱사태 갈비탕 먹었어요!기본 갈비탕에 아롱사태 토핑이 있어서 고기 많이 먹고 싶을 때 좋아요매장에 보리강정이랑 미숫가루도 있어서 후식으로 먹기 좋았습니다
회기왕갈비탕,정말 너무 빨리나와서 좋다고 생각했는데 이건 뭐.. 야간끝나고 밥 좀 먹고 잘랬더니 잘시간도 얼마없어 시간도 없는데 비조리라고 말도 없이 냉큼 갔다 주니까 벌써 끓이면서 준비하고 있었나한 내가 바보같다. 실망이다. 비조리 설명도 없고 반대로 너무 빨리갔다주니까 차갑기만한데 언제한걸 준건지도 의심스럽고 맛도 그저그런걸 보니 뼈해장국먹으려다 마땅한데가 없어 대체로 먹었지만 정말 다신 시킬 생각없게 불만족스러웠다.
회기왕갈비탕,맛있습니다 회기 맛집 중 일등입니다
회기왕갈비탕,짱 맛있어요!!! 추운 날씨에 딱이에요!!!
회기왕갈비탕,회기역 근처 최고 갈비탕 맛집!!!예전부터 자주오던 갈비탕 맛집이에요ㅠㅠ 근데 요즘 너무 인기많아져서 올때마다 웨이팅해야되서 마음이 아프지만 잘되니 너무 좋네요~ 밑반찬도 깔끔하고 특히 도라지무침?? 이 너무맛있어요 갈비탕은 추운날 뜨끈하니 잡내도없고 너무맛있구요!!! 갈비탕 찾으시면 완전 추천이요!
회기왕갈비탕,맛있어요. 왜 웨이팅이 있는지 알겠어요.비싸도 옵니다.
회기왕갈비탕,맛있어요!
회기왕갈비탕,맛있어요. 재방문의사있어요
회기왕갈비탕,든든하고 뜨끈하고 푸짐한 아롱사태 갈비탕 너무 맛있게 먹었습니다. 속이허하고 기운보충 필요할때 강력추천!! 또 미숫가루 보리강정 후식이 너무 맛있어요~!!
회기왕갈비탕,"매운갈비탕 완전 얼큰하고 맛있어요! 석박지랑 도라지(?) 반찬들도 다 맛있고, 특히 후식으로 마음껏 먹을 수 있는 미숫가루랑 보리과자 완전 존맛탱 ㅠㅠ"
회기왕갈비탕,자주오는 갈비탕맛집 푸운날 자주 생각나는맛입니다
회기왕갈비탕,맛있어요.  고기 실해요
회기왕갈비탕,"아롱사태많이 갈비탕, 갈비탕 시켜먹고,밥 무한리필! 미숫가루 무한리필! 보리강정 굳"
회기왕갈비탕,양 많고 밥이랑 미숫가루 무한리필이에요~!
회기왕갈비탕,두번째 오는건데 맛있어요. 추운 겨울에 딱이에요!
회기왕갈비탕,푸짐하고 맛있는 갈비탕입니다~여타 고깃집처럼 시끄럽지도 않고편안고 맛있게 식사를 즐길수 있었습니다
회기왕갈비탕,"n번째 재방문입니다.날이 추워질수록 생각나는 집입니다.얼큰도 맛있네요~~고기가 부드럽고 양 많고, 밑반찬도 맛있어요오늘도 맛있게 푸짐하게 먹고 갑니다."
회기왕족발보쌈,로컬 족발 맛집!
회기왕족발보쌈,잘 먹었어요
회기왕족발보쌈,좋아요
회기왕족발보쌈,회기에서 보쌈 제일 잘하는 맛집!!김치가...아주 예술♥️평일인데도 만석!!역시 회기 맛집
회기왕족발보쌈,족발이 쫀듯하고 맛있네요
회기왕족발보쌈,쟁반국수 기대했는데 별루예요.대학가근처인데 가격이 비싸여
회기왕족발보쌈,동창들과 졸업 후 처음으로 학교앞 모임 ㅎ학교 다닐 때 간간히 다니던 곳인데.. 이제는 이 동네 유명 맛집이 되었네요 예약안해도 그냥 오면 된다고 해서 갔는데 5시에 들어가자 마자 바로 꽉 차네요좀만 늦었으면 웨이팅할뻔 ㅎ 오래되서 그때 맛은 기억은 안나지만 여전히 맛있네요 족발 고기는 담백하고 보쌈 김치는 맛깔나고 이 집의 강점인듯 하네요 오래간만에 와서 잘 먹고 갑니다
회기왕족발보쌈,너무 맛있어요 👍
회기왕족발보쌈,김치가 정말 대단하다 👀👀 달콤매콤 또 가고 시퍼요
회기왕족발보쌈,굿
회기왕족발보쌈,보쌈 김치랑 시래국 맛이 좋아요 ^  ^
회기왕족발보쌈,좋아요
회기왕족발보쌈,좋아요
회기왕족발보쌈,진짜 이곳 보쌈은 찐이에요 진짜 개개개객개맛있어요. 친구들이랑도 자주 오고 데려오는 친구들마다 전부 그냥 엄지척입니다.. 일단 김치때깔부터 남다달라요 안에 배가 있어서 달달하고 고기 잡내 전혀 없어요. 진짜 너무 맛있단 말밖에 안나옵니다. 보쌈맛집? 단연 이곳이 넘버원이에요..
회기왕족발보쌈,포장이 푸짐해요 김치가 밥도둑이에요
회기왕족발보쌈,양이많아요
회기왕족발보쌈,보쌈이 생각날때 항상 포장해갑니다👍🏻
회기왕족발보쌈,포장해도 막국수까지 다 챙겨주시는 쎈수여기 김치믄 말해 뭐해요 정신없이 먹느라 사진을 빼먹은 아쉬움*^^*
회기왕족발보쌈,조아요
회기왕족발보쌈,잡내없이 맛있어요. 보쌈 먹고 싶을 때 마다 생각날거 같아요
회기왕족발보쌈,맛나영
회기왕족발보쌈,너무 맛있어요..체고체고
회기왕족발보쌈,장사도 잘되는데 왜 늘 인상을 쓰면서 말할까직원도 아니고 장사가 잘되면좋은거 아닌가
회기왕족발보쌈,"제가 안대를 쓰고 먹었다면, 족발인지 삼겹살인지 구분이 안가는 맛인거 같네요. 족발이라함은 한약재와 함께 잡내제거 및 담백한 맛으로 먹은 음식인데, 여기 족발은 담백한 맛이 아닌 소금맛이 납니다."
회기왕족발보쌈,"김치가 특이하고 맛있었어요! 고기도 야들야들 부드럽고 같이 나오는 동치미, 시래기국, 콩나물국까지 알차요"
회기왕족발보쌈,맛있어요
회기왕족발보쌈,굿
회기왕족발보쌈,너무 맛나요 족발이나 보쌈이냐 늘 고민될뿐 ㅋ막국수는 간이 좀 약한듯.. 조금 더 양념하셔도 좋을듯
회기왕족발보쌈,오랜만에 간 경희대앞 족발맛집~ 고기 잡내도 없고 부드럽고 친구가 양 많고 맛나다고 넘 좋아하네요.. 얼갈이국 칼칼하고 밥도둑이었고 막국수 굿굿
회기왕족발보쌈,이동네 보쌈 맛집~ 매화수도팔고 김치도맛있고양도많고 서비스도 좋고 좋은시간~~
회기왕족발보쌈,맛있는친절한
회기왕족발보쌈,맛있어요!!
회기왕족발보쌈,족발을 너무 사랑하는 1인입니다 여기족발 너무맛있어요
회기왕족발보쌈,언제 먹어도 맛있어요
회기왕족발보쌈,너무 맛있어요!!! 가성비도 좋고 친절하시고요*^^*
회기왕족발보쌈,오늘은 보쌈김치가 먹고싶어서 보쌈으로 주문했어요
회기왕족발보쌈,가봐야지 가봐야지하다가 갔는데 좋네요
회기왕족발보쌈,보쌈을 많이 안먹어봤었는데 여기 맛집이 맞는것 같아요!! 사람 진짜 많고 고기랑 막국수랑 김치도 맛있고 기본으로 나오는 국들도 맛있어요!
회기왕족발보쌈,좋아요
회기왕족발보쌈,족발 먹고싶을때 포장해다 먹어요
회기왕족발보쌈,최애족발집입니다
회기왕족발보쌈,맛있게 먹고 좋아요감사합니다
회기왕족발보쌈,회기역 맛집 오랫만에 방문했는데역시나 맛있네요특히 저 김치가 정말 맛있어요
회기왕족발보쌈,맛있어요
회기왕족발보쌈,보쌈이 참 맛있어요.고기도 부드럽고보쌈 김치가 정말 맛있네요.
회기왕족발보쌈,그냥 보통 족발집이네요 살고기가 너무 퍽퍽해요막국수가 맛있어요 ㅎㅎ
회기왕족발보쌈,맛있어요
회기왕족발보쌈,서울에서 유명하다고해서 찾아갔어요보쌈/족발/막국수중에 보쌈이랑 김치가 완젼맛있어요ㅎ
회기왕족발보쌈,굿
회기왕족발보쌈,"서비스, 위생 모두 최악정리도 안된 테이블에 앉히고 여러모로 실망스러웠어요"
회기왕족발보쌈,ㄱㄱ
회기왕족발보쌈,"솔직한 후기로는 처음에 서비스로 주시는 시래기 된장국 이게 진짜 맛있습니다--족발 중--양은 적당했습니다 근데 족발이 조금 짯습니다! 프랜차이즈 족발처럼 달고 자극적인 족발은 아닙니다참고하세요 그리고 족발 사이즈가 조금 두꺼워요 조금만 더 얇으면 좋았을텐데 괜찮았습니다 저는--쟁반막국수--이거 굉장히 맛있네요 자극적인 시판 양념장 같지 않아서 좋았습니다!--보쌈김치--김치가 진짜 정성이 들어간 맛입니다 다데기가 많아서 다데기 많은거 싫어하시는 분들은 입에 안맞을 수도 있습니다!배추에 깐밤 , 무 ,배 , 미나리를 넣고  돌돌돌 말아서 다데기를 위에 끼얹은건데 다데기가 우리가 아는 겉절이랑 조금다른 새콤달콤한 느낌입니다"
회기왕족발보쌈,쫄깃쫄깃오래전부터이곳이우린최고라!!생각해요외국간아이들도매번이맛을기대합니다오래기다려서인지김치도마니주셨어요
회기왕족발보쌈,맛있어용 굳굳굳
회기왕족발보쌈,4명이서 가시면 특대로 주문하세요! 막국수도 맛있고 김치가 진짜 맛있어요! 양념도 시원하고 너무 잘 어울리네요👍
회기왕족발보쌈,"회기왕족발 평이 좋아 이용했는데 오늘 이후로 가지 않으려고 합니다  포장주문후 찾으러 갔더니 카운터에 있던 남자가 너무도 불친절하게 무엇을 주문했는지 빨리 말하라 며 귀찮은듯 다구치더군요. 종업원 교육을 어찌 시키는 건지 손님 한테  ""아줌마"" 라고 부르며 음식이 나왔음을 알려 주었습니다,   헉!!!  어떻게 손님을...    잘못 들은줄.....   요증 같은 세상에  어떻게 이런  불친절한 식당이 있는지  참 이해가 않됩니다내돈주고 주문해 먹으며 이렇게 기분 나쁘긴 처음 입니다"
회기왕족발보쌈,보쌈김치 양념이 특이해요!!
회기왕족발보쌈,보쌈김치가 하드캐리!! 결국 김치 추가쓰 ㅎㅎㅎㅎ
회기왕족발보쌈,미용실 원장님 추천으로 방문했어요! 회기 오면 항상 장군집만 갔었는데 보쌈 추천 받았습니다! 고기 냄새 안 나고 촉촉하니 맛있어요~ 고기도 고기지만 주인공은 저 보쌈김치!!김치 위에 양념이 잘 어울어져 특색있어요 맛있습니다!! 된장시레기국도 맛있고 쟁반국수도 추천해요! 시끌시끌하지만 회기에 한잔하러 오면 재방문할 것 같아요ㅋㅋ
회기왕족발보쌈,예전에 맛있게 먹었던 기억이 있어서 오랜만에 부모님 모시고 방문했는데 불친절 끝판왕👍 특히 남자 사장님? 입장하자마자 너무 째려보고 노려보셔서 불편했어요..
회기왕족발보쌈,오랜만에 먹어서 맛잇었어요 ㅎ
회기왕족발보쌈,양이 너무 많아서 막국수는 1/3밖에 못 먹었어요..ㅋㅋㅋㅋㅋㅋㅋㅋ돌돌말이 김치 최고ㅎㅎ
회기왕족발보쌈,집에서 보쌈해 먹는데 보쌈 김치가 없어서 보쌈 김치만구입해서 먹음!!맛있어요~
회기왕족발보쌈,맛있어요.. 지하에 서빙하시는 직원분도 친절하세요
회기왕족발보쌈,보쌈 맛집이에요 특별한맛은 아니고양도 많고 보쌈먹고싶을때 무난하게 들르기 좋아요매장도 넓어서 여러명오기에도 좋을 것 같아요!
회기왕족발보쌈,굿굿
회기왕족발보쌈,맛있게 먹었어요
회기왕족발보쌈,김치가 꼭 회무침에 올라가는 새콤한 양념이여서 넘 맛있었어요! 보쌈의 느끼함을 잘 잡아줘서 조합 굳! 가격대비 양도 괜찮고 막국수도 맛있었어요! 서울에서 놀다가 저녁에 소맥이랑 먹기 딱 좋은 곳👍🏻❤️
회기왕족발보쌈,오랜만에 방문했는데 역시 맛있어요족발양도 많고 잡내도 없고같이 시킨 막국수랑 먹으니더 맛나네요 ^^
회기왕족발보쌈,"족발은 별로였고콩나물 국, 우거지, 동치미 맛나요"
회기왕족발보쌈,한 시간 가까이 기다리다가 보쌈 안나와서 그냥 나온 사람입니다. 너무 한거 아닙니까? 계속 기다리라는 말만 하고 사라지고 보쌈 안나오냐니깐 성질 부리면서 본인도 족발로 바꿨으면 좋겠다는 아주머니! 그게 할 말 인가요? 먼 길 찾아간건데 기분만 상하고 시간 버리고 갑니다. 앞접시에 고추가루 묻어있어서 이 집은 아니다 했는데 역시네요
회기왕족발보쌈,여긴 릴리 김치 맛집 ㅜㅜ 오랜만에가도 넘 맛있어
회기왕족발보쌈,"맛집 없기로 소문난 회기에 단비같은 존재잡내 하나없고, 소주 콸콸 들어가서 나갈때 네 발로 기어나옴"
회기왕족발보쌈,늘 만족하고 돌아가는 맛집
회기왕족발보쌈,잘 먹었습니다
회기왕족발보쌈,.
회기왕족발보쌈,굿
회기왕족발보쌈,김치가 특별하고 유독 맛있는 회기왕족발보쌈 🫧 늘 포장해먹다가 처음으로 식당가서 먹었는데 똑같이 너무 맛있음요 o̴̶̷̥᷅⌓o̴̶̷᷄ 포장에는 막국수가 들어간다면 식당에서 먹을때는 막국수 대신 배추된장국이 나오네요 꽤나 맛있어요무엇보다 홀에 계시던 여사장님이 어어엄청 친절하세요 가족끼리 갔는데 기분 좋게 식사하고 나왔어요 !
회기왕족발보쌈,예전보다 간이 쎄져서 짜고 고기를 너무 두껍게 썰어서 식감이 많이 안좋아졌어요. 참고하셔서 엣날처럼 더 사랑받는 회기왕족발이 되었으면 좋겠어요.
회기왕족발보쌈,내가 회기에 가는 이유. 맛나요.
회기왕족발보쌈,"여기는 보쌈 맛집이에요. 보쌈고기 보들보들하고, 김치는 양념이 많지만 맵지 않고 상큼 달콤해요:) 치킨먹고, 2차 방문이라 보쌈 특대랑 막국수만 먹었구요~ 너무 맛있어요😆👍🏻집 가까우시면 포장해서 드셔도 아주 좋아요.저는 포장 자주 해 먹는데 푸짐하게 포장 잘해주세요.가게 항상 잘 돼서 재료들 다 신선하고, 바쁘시지만 친절하게 응대해주세요😊"
회기왕족발보쌈,너무 정신없이 먹었다문 앞에 앉아서 더 그랬고그 젊으신 남자분은 사장님이신가 왜케 인상을 쓰고 계시지ㅠㅠ 음식주문할때 막국수 안드시냐고 안물어 봤으면 좋겠네 인상쓰면서 말하니 ㄱ부담
회기왕족발보쌈,굿
회기왕족발보쌈,맛있어요^^
회기왕족발보쌈,완맛집
회기왕족발보쌈,담백하고 맛있습니다!
회기왕족발보쌈,잘 다녀갑니다^^
회기왕족발보쌈,보쌈김치 엄청 맛있어욤
회기왕족발보쌈,좋아요
회기왕족발보쌈,포장해서 먹었는데 가격 괜찮고맛나요~
회기왕족발보쌈,진짜 미친 맛!!!!!! 김치가 시원하면서도 아삭 달콤? 하 어떻게 표현해야할지 모르겠지만 하여튼 존맛!! 보쌈 수육과 찰떡!! 그리고 비빔막국수 진짜 꼭 드세요~~
회기왕족발보쌈,항상 손님이 많은 곳인데 운 좋게 바로 입장 했어요.보쌈김치가 맛있어서 족발을 시키고 김치를 추가했어요^^
회기왕족발보쌈,"경희대 맛집 족발을 포장 해왔습니다.보쌈김치는 추가해서 왔습니다.족발이 냄새 안나고 괜찮은데, 두껍네여."
회기왕족발보쌈,족발 맨날 사진찍는거 잊음
회기왕족발보쌈,친절해요
회기왕족발보쌈,감사합니다
회기왕족발보쌈,보쌈도 맛있고 족발도 맛있네요~잘먹었습니다~^^
회기왕족발보쌈,보쌈김치가 너무 맛있습니다~ 고기도 두툼한세 최고예요!!
회기왕족발보쌈,마시써용!!
회기왕족발보쌈,좋아요
호랑이도삭면,"* 기분나쁨체이지만 최대한 객관적 사실만* 2인 방문으로 메뉴 4개 키오스크 주문 후 좌석 착석* 음식 나왔는데 아무말 없이 테이블에 던지고가심 (접시가 책상에떨어지면서 덜그럭 소리 날정도)* 식사 거의 끝나기 전까지 물을 안주셔서, 다먹을때쯤 저기 물좀주세요~ 하니까 물컵 두개 탕!탕!! 물주전자 쿵~ 놓고 가심 왼쪽귀에 무선이어폰 꼽고 서빙하시는 아주머니분은 주방이랑 대화할때는 중국어로 화기애애하신데, 서빙할때는 무언가 잔뜩 화가 나 계셨습니다.  옆테이블은 만두 언제나오냐고 물어보니까 13분 동안 쪄야되는거라고 그런걸 왜물어보냐는 식으로 지르시던데.. 중국 현지인 리얼체험 유투브에서나 봤던 서비스를 겪고 왔네요.  이런 서비스라면 맛도 없게 느껴질거고 다시는 안갈집으로 금방 소문나겠어요."
호랑이도삭면,"기본 우육도삭면 먹었는데 국물은 진하고 짭짤해요. 면은 밀가루 맛 나요. 고기는 딱 장조림 맛이에요. 세가지가 전혀 안 어우러짐,,, 9500원인데 가성비 있는지는 모르겠고 그냥 예상했던 맛… 제 입맛엔 안 맞아요 진짜 무슨 맛인지 모르겠음… 꿔바로우랑 딤섬은 맛있었는데ㅠ"
호랑이도삭면,"사장인지 직원인지 중국인인거 같은데 굉장히 불친절함. 중화사상 있는듯.  들어가서 안내를 안해주길래 마음에 드는 자리에 앉았더니 키오스크 가서 주문하라고 우리쪽 쳐다도 안보고 소리침. 메인 메뉴 내려놓으면서 단무지 먹을거냐고 쏘아붙임. 그릇 내어 주는 태도도,, 흠.. 서빙알바만  3년 넘게 해봐서 이해해보려고 해도 힘들었음. 와중에 메인메뉴 다먹어도 딤섬은 안나오길래 물어봤더니 13분 걸린답니다. 말투가 아주 표독스러웠어요. 키오스크 결제 후 13분은 넘었는데 왜 안나오는진 의문이였구요. 처음부터 안내를 해줬으면 안물어봤을 텐데 그것도 못참고 왜 물어보냐는 태도가 아주 인상적이였습니다. 다신안갈 것 같네요. 돈내고 무시당하는 페티쉬 있는 이상 가는 사람이 이상할 것 같네요.참 그리고 여기 냉방 안됨."
호랑이도삭면,우육도삭면 먹었어요.입구에 들어가시면 키오스크가 바로 있어서 결제하시면 됩니다. 면이 수제비처럼 쫄깃한 식감입니다. 먹기에 좋은 식감이였어요. 간장베이스에 볶은 소고기를 함께 넣은 우육면입니다. 오향이 들어가는건지 향신료(카레향으로 착각이 들기도..)향이 납니다. 국물 자체가 해장용으로도 좋을것 같아요. 소고기 육수가 진하면서 담백하고 계속 먹고 싶게 만드는 맛입니다. 고기는 장조림 크기정도로 썰어져 있는데 많지는 않지만 골라먹는 재미가 있었습니다. 옆에 고추기름과 간장이 놓여져 있어서 취향에 맞게 간을 더 조절할 수 있게 해놨어요. 전 그냥 먹는게 좋아서 안넣었습니다. 다른 메뉴도 궁금해지게 하는 맛이였습니다.맛있게 잘 먹었습니다👍
호랑이도삭면,일 년만에 복학해서 먹었는데 여전히 맛있네요 😆
호랑이도삭면,면의 식감이 저와 잘 맞아요
호랑이도삭면,우육도삭면보다 곱창도삭면이 더 맛있었어요!! 도삭면 식감 너무 쥬아해요 ㅎㅎ
호랑이도삭면,JMT!!! 뚝딱 잘 먹었습니다!
호랑이도삭면,테이블에 있는 향신료 넣으면 완전 카레맛입니다!마라도 얼얼하고 맛있게 먹었습니다면은 두꺼운 칼숙수 느낌?입니다
호랑이도삭면,맛있어요~
호랑이도삭면,깔끔하고 가성비 좋고 양많아요.
호랑이도삭면,굿
호랑이도삭면,음식이 맛납니다.
호랑이도삭면,혼밥석이 있어서 좋네요~
호랑이도삭면,맛있어요~
호랑이도삭면,굿
호랑이도삭면,맛있어요
호랑이도삭면,우육도삭면 잘 먹었습니다!
호랑이도삭면,리뷰이벤트 안 한대요. 보고 오시는분 계실까봐 납깁니다😊한다고 써있어서 홀에 계신 중년 남성분께 리뷰 이벤트 여쭤보니 예? 안하는데요? 하시고 아 그래요 라는 말에는 대답도 없이 자리로 돌아가셨어요~ 저녁시간에 방문하고 매장에 혼자였는데 음식은 맛있고 빨리나왔습니다
호랑이도삭면,전 별로요.고기가 질겨요. 양도 적어요
호랑이도삭면,중국향(?)이 나는 우육면이에요. 맛있으려다가 말아진..?
호랑이도삭면,면의 넓이 다양해서 딱 봐도 핸드메이드이네요 ㅋㅋㅋ 고기 양이 많지 않은데 부드럽고 맛있어요!
호랑이도삭면,경희대 콘서트로 근처 밥집 검색 후 방문.계시는분들 모두 현지인(중국분)인거 같은데 분위기가 좀 무섭고 퉁명스러움ㅎㅎ 남녀노소 방문객층이 다양.키오스크 주문 후 음식 겁나 빨리 나오는데 모든 음식이 간이 너무 쎄고 꿔바로우 플러스 완전 새콤.갠적으론 별로였습니다.
호랑이도삭면,쫀득하고 맛있어요! 반정도 먹고 매운소스 넣고 먹으면 또 다른 맛으로 맛있어요 ㅋㅋㅋㅋ
호랑이도삭면,생각보다 많이 짰어요 ... 🥹면은 쫄깃한 수제비가 면으로 만들어진 느낌이라맛있었습니다 ~
호랑이도삭면,맛있는데 너무 짜요
호랑이도삭면,도삭면 특히 미니족발❤️❤️❤️😄
호랑이도삭면,맛있어요!!!강추!!!!
호랑이도삭면,빠르고 맛있어용 ;))
호랑이도삭면,"꿔바로우랑 우육도산면 가격도 너무 괜찮고 맛있어요.꿔바로우는 쫄깃쫄깃해서 맛있네요.제가 굵은 면을 별로 안 좋아하는 편인데도, 여기 면은 쫄깃쫄깃해서 맛있게 잘먹었어요."
호랑이도삭면,처음먹어보는데넘맛있어요
호랑이도삭면,맛있어용
호랑이도삭면,도삭면 처음인데 맛있게 먹었어요!
호랑이도삭면,맛있어요~~! 가격이 합리적이에요!
호랑이도삭면,도삭면 맛집~~ 완전 맛있어용☆
호랑이도삭면,꿔바로우랑 도삭면 다 맛있어요🥹🥹
호랑이도삭면,늘 맛있게 잘먹고있습니다.해장으로 너무너무 좋아요
호랑이도삭면,인테리어가 통일감을 주는 파란색과 흰색의 조화가 좋고도삭면과 미분이 색다른 맛으로 다가왔어요모든 메뉴가 맛있고 음식이 빨리 나온 점도 참 좋았어요 ^^
호랑이도삭면,너무 맛있고 매장이 청결하네용
호랑이도삭면,맛있어요~!
호랑이도삭면,우육도삭면이 국물도 시원하고 면도 쫄깃하니 맛있어요. 음식도 빨리 나와서 좋아요.
호랑이도삭면,음식이 빨리 나와요
호랑이도삭면,맛있고 좋아요해장용
호랑이도삭면,从开业到现在一直很喜欢吃，前台姐姐态度特别好，味道也很好，但是最近几次去好像换了新前台，态度特别不好，跟我欠她几百万似的，两次了，都给人感觉不舒服😞但是味道包装环境还是没得说 ，一如既往的好
호랑이도삭면,"간이 너무 쎄고, 전형적인 중국이나 대만 현지 음식 분위기입니다.친절하지도 않고..."
호랑이도삭면,소고기도삭면이 제일 맛있어요! 간장 베이스에 칼국수면 있는 한국 면요리라 해도 믿을 것 같아욯ㅎㅎㅎ꿔바로우는 무적권 시키기~!
호랑이도삭면,음식을 아직 먹지도 않았는데 비주얼부터 너무 맛있엉보여요 냄새도 합격!!
호랑이도삭면,종종 먹으러오는 맛집이에요!너무 친절하세요감사합니다
호랑이도삭면,중국에서 먹었던 우육면 맛이 나서 놀랐어요. 다른곳에서 먹었을땐 달랐는데 여긴 비슷했어요! 너무 맛있었어요!
호랑이도삭면,처음 와봤는데 단골될 거 같습니다.
호랑이도삭면,도삭면만 먹어봤는데 냉면도 맛있네요!!
호랑이도삭면,꿔바로우 도 맛있고 도삭면도 맛있네요~정기적으로 오겠습니다!!
호랑이도삭면,너무 맛있어서 또왔어요 후기남기면 샤오롱바오 2피스 꽁짜!ㅎㅎ
호랑이도삭면,너무맛있고 혼밥테이블이 있어서 편합니다!위치도좋고 회전이 빨라서 점심에 자주와요 !
호랑이도삭면,전에 왔다가 맛있어서 또 왔어요!! 우육도삭면 여기서 꼭 드샤보세요! 꿔바로우도 같이 드세요~!!!
호랑이도삭면,도삭면을 처음 먹어봤는데 너무 맛있어서 깜짝 놀랐어요! 처음 도삭면을 여기서 먹어서 다행이에용😋 우육도삭면 국물도 너무 맛있고 면도 쫄깃쫄깃해서 완전 취향 저격!!! 꿔바로우도 꼭 시켜드세요! 바삭쫄깃하니 너무 잘 어울리고 맛있어요😆
호랑이도삭면,맛있어용 !!!
호랑이도삭면,생각보다 메뉴가 엄청 다양하네요! 우육미분 먹었는데 맛있어요~
호랑이도삭면,도삭면은 처음인데 입문자도 먹기 좋았어요!맛있었습니다경희대 맛집으로 추천해요애용하겠습니다!꿔바로우도 맛있었어요!
호랑이도삭면,지나가다가 보면서 궁금했는데 리뷰보면서 더 궁금해져서 왔어요.먹자마자 수제비같은 느낌 면이 딱!!! 쫠깃쫠깃 넘 맛있네요.남편은 곱창도삭면 먹고는 해장하는것 같다네요 술도 안먹었는데ㅋㅋ향은 좀 특이한데 맛있어요ㅎㅎ
호랑이도삭면,화장실 청소는 좀 필요한것 같습니다.. 직원은 친절해서 좋아요!!
호랑이도삭면,매장이 처음 생겼을때 부터 '가봐야지'라고 생각은 했는데 미루다가 못 가본 곳이었어요!! 좋은 기회가 되어서 첫 방문하게 되었는데 굉장히 만족스러운 저녁식사를 하고 왔네요ㅎㅎ일단 양이 많아서 부족하지 않게 먹을 수 있었고 맛도 좋았어요! 향신료?가 있는 것 같았는데 심하지 않아서 부담없이 없을 수 있는 맛이었답니다!!가게에 들어가면 넓은 테이블에 혼자 앉을 수 있는 좌석까지 있어서 혼밥에도 좋을 것 같았어요!!그릇 컵 등 식기구도 너무 예뻤어요!! 예쁜 그릇에 먹어서 맛도 더 좋은 느낌 이었답니다!!저녁식사 맛있게 했어요 좋은 음식 맛보게 해주셔서 감사합니다!!
호랑이도삭면,대만에서 우육면을 먹고 오랜만에 먹고 싶어 방문하게되었어요~!!매장은 크지는 않은데 혼밥 좌석도 잘 되어있고 회전율이 빠르더라구요!!제일 먼저 궁금했던 우육 도삭면은 국물이 깔끔하고 담백했고 면은 두꺼운데 쫄깃해서 맛있었어요~!다음으로 많이 시키는 곱창 미분을 먹어봤는데요!!면의 식감이 미끌거려 특이했고 곱창과 향신료의 향이 강했어요~! 현지 음식들을 잘 먹으면 좋아하겠지만 약간 호불호를 가질 수 있는 음식이에요!마지막으로 샤오룽바오는 육즙이 줄줄 나와 맛있고  사이드 메뉴로 딱 좋아요ㅎㅎ
호랑이도삭면,굿
호랑이도삭면,아주아주 맛있어요
호랑이도삭면,도삭면 처음 먹어봤는데 쫄깃하고 맛있어요!! 혼밥하기도 좋을 것 같아요~~!!
호랑이도삭면,도삭면이 쫄깃하고 맛있어요
호랑이도삭면,우육면를 좋아하는데 우육도삭면이 맛있더라고요~~수제비같은 식감의 쫄깃한 도삭면이 좋더라고요! 국물도 육향 가득해서 맛있었어요~쏴더우자우 다진 미분은 처음 먹어봤는데요 중국향신료 향이 나면서 매콤짭짤하니 감칠맛는 국수였어요! 색다른 맛이었어요!! 그리고 꿔바로우는 겉바속촉의 그대로~ 새콤달달하니 너무 맛있더라고요!! 매장에 바테이블도 있어서 혼밥하기도 너무 괜찮을 것 같아요 ㅎ
호랑이도삭면,개인적으로
호랑이도삭면,저렴한 가격에 맛있게 잘먹었습니다! 혼밥하기 좋구 메뉴가 저렴해서 여러개 시키고 나눠먹기에도 좋아요!!
호랑이도삭면,맛있어요
호랑이도삭면,자주 오는데 항상 맛있어요
호랑이도삭면,우육면 국물도 진하고 양도 많고 정말 맛있게 잘 먹고 왔습니다 경희대 혼밥 맛집 추천합니다.
호랑이도삭면,"너무 맛있어서 정신 없이 먹다기 찍었어여ㅋㅋ제일 기본인 우육면 먹어봤는데 사골 국물 맛이 깊고, 구수하니 맛있네요👍🏻먹는 양이 많은 분들은 토핑추가해서 드시면 딱 맞을거 같아요!!"
호랑이도삭면,"와,,, 경희대중국집 양이 미쳤어요!!!친절하시고 혼밥하기에도 정말 편하게 되있어요미친듯이 술술 들어가는 맛은 물론!!🙆가성비 킹왕짱👍간만에 맛집찾음!! 자주 와야겠어요!!⭐️🖐️"
호랑이도삭면,매장은 넓고 쾌적한데 학교 앞이라 그런지 혼밥하기 좋은 좌석도 있었어요! 샤오롱바오는 고기가 가득했는데 만두를 벌리면 육즙도 가득 나와서 너무 맛있게 먹었습니다! 체인점이 많이 있는 이유가 있네요~!
호랑이도삭면,도삭면 처음 먹어봤는데 너무 맛있게 먹었어요^^ 새로운맛을 또 알아버렸네용^^ 다음에 또 방문하겠습니당😁😁
호랑이도삭면,곱창이 들어간 도삭면아주 맛있어요.대박이네요 ㅎㅎ불맛입은 도삭면 최고!
호랑이도삭면,우육면 처음 먹어보는데 면도 쫄깃하니 너무 맛있어요 !! 양도 적당하니 딱인 거 같아요 ㅎㅎ 곱창 도삭면은 약간 매콤해서 매운거 좋아하시는 분들에게 추천드려요!! 완전 맛집입니다😋
호랑이도삭면,우육면이 맛있어요
호랑이도삭면,이동네 주민에 경릐대생이면 다 아는 호랑이도삭면저는 여기 지나갈때마다 들르는 또또간집입니다. 제발 여러분 이집 소고기볶음도삭면은 꼭 먹고가주세요레전드입니다
호랑이도삭면,친구랑 우육도삭면이랑 샤오롱바오랑 꿔바로우 먹었는데 쫄깃쫄깃한 도삭면에 꿔바로우는 바삭하면서 달달하니 부드러워요 식사가 빨리나오고 단짠단짠 배부르게 먹었어요^^
호랑이도삭면,경희대 혼밥 중식당 고민중이라면 호랑이 도삭면 괜찮네요. 저는 칼칼한거 좋아해서 닭내장 도삭면 먹었어요. 이거 추천해요 :)
호랑이도삭면,매장도 깨끗하고 맛있어요~~
호랑이도삭면,맛집검색해서 왔어요도삭면 좋아하는데  맛있어요!
호랑이도삭면,양이적은게 아수움
호랑이도삭면,우육도삭면🍜 우육탕분🍜 샤오롱바오🥟 빙홍차🥤까지!회기역 우육도삭면 맛집 인정~자극적이지 않은 우육도삭면에~ 처음 먹어봤지만 약간 마라맛 나는 맛있는 우육탕분~육즙 가득한 샤오롱바오까지!그리고 이 더위 깔끔하게 당충전해주는 빼먹을 수 없는 빙홍차까지!혼밥하기도 좋은 공간도 마련되어있어 부담없이 올 수 있어요!다양한 도자기로 장식되어 내부 분위기도 깔끔하게 통일되어있어 좋아요!! 추천합니당
호랑이도삭면,자주 오는데 올때마다 맛있습미다!!도삭면도 맛있고 국물도 진해서 가성비도 좋아요면 한 번 무료리필도 해주시니 대학생들은 무조건 오시길 바랍니다 :)
호랑이도삭면,곱창도삭면은 처음인데 맛있어요!얼큰해서 해장용으로 딱이에요!곱창 볶음 도삭은 국물은 없지만 볶음면의 특유의맛이있어서 자꾸만 땡겨요!!
호랑이도삭면,"도삭면은 처음 먹어 보는데, 약간 수제비? 느낌의 식감이면서 쫄깃한 게 깊은 우육 국물과 어우러져서 아주 매력 있었습니다! 꿔바로우도 여느 중국집 못지 않게 바삭하고 소스가 새콤달콤한 것이 맛있었답니다. 강추요!! ㅎㅎ"
호랑이도삭면,처음먹어보는 맛인데 맛있네용ㅎㅎㅎ
호랑이도삭면,자주 오는 맛집입니다!
호랑이도삭면,우육면 생각하고 갔는데 완전 다른 맛이네요 !!개인적으로는 비빔 도삭면이 진짜 맛있고 비빔도삭면이랑 꿔바로우 같이 먹으면 진짜 환상의 조합이에여🥹 완전 강추드려요 ㅎㅎ 도삭면이 쫀득하고 특이해서 안 먹어보신 분은 한 번쯤 먹어보시길 추천드려요✨
호랑이도삭면,분위기 좋고 매장 청결하고 혼밥하기도 안성맞춤이에요!!무엇보다 매장 컨셉이 돋보여서 약간 여행 온 느낌이에요~연예인도 왔다 간 유명 맛집!!
호랑이도삭면,쫄깃한 식감을 좋아해서 도삭면을 좋아하는데 주변에서 찾기 힘든 종류라 자주 못먹었거든요! 근데 자주가는 회기에 도삭면집이 있다니 너무 좋아요ㅠㅠ 역시나 면도 쫄깃하고 맛있는데 우육면 유명한곳 많이 가봤지만 이 곳 우육면이 한국인 입맛에 딱 맞는 간에 부담스럽지 않고 너무 맛있데 잘 즐길 수 있는 우육면이였어요! 꿔바로우도 바삭하고 정말 만족스러웠습니다!
호랑이도삭면,회기에서 우육면 몇군데중에서 제일 자주가는 맛집 우육도삭면 진짜 먹어보세요 단골 될거임…
호랑이도삭면,도삭면 처음 먹어봤는데 너무 맛있어요!!점원분들도 친절하시고 매장도 깨끗하고 혼밥좌석이 많아서 다음에 혼밥하러 한번 와야겠어요향신료 맛이 많이 강할까 걱정했는데 입맛에 딱 맞았어요🤤볶음도삭면 강추에요
호랑이도삭면,맛있어서 재방문합니다~!
호랑이도삭면,면이 도삭면이라 식감도 좋구 맛도 너무 좋아서 단골 될 예정입니다!!!!!! 마라맛도 은은하니 너무 맛있어요ㅠㅠ
호랑이도삭면,현지맛이입니다국물도진하고 맛있어요~다음에또방문할께요~♡
거복이식당,처음 와봤는데 고기도 구워주시고 너무 친절하고 마싯어요 ㅎㅎ 다음에 또 올게요 !!
거복이식당,맛있어요!!! 경희대 오면 꼭 가세용
거복이식당,너무 맛있어요🤤 잘 먹고 갑니다
거복이식당,매장도 깔끔하구 고기도 구워주세요💖💖다들 꼭 와보세요!
거복이식당,고기 질도 좋고 가성비가 너무 좋아요🥰순두부찌개도 정말 너무너무 맛있어요!!!회기에서 고기집 오실거면 여기로 오세용… 다음에 무조건 또 오고싶어요ㅠ🤍
거복이식당,고기가너무 맛있습니다. 사장님이 진짜 잘구워주셔욬ㅋㅋㅋㅋ
거복이식당,고기가 잡내가 없고 질이 좋아요!두껍고 육즙이 터지는게 완전 맛있어욥!!강추강추!!
거복이식당,이근처 고기집들 중에 제일 맛있어요!! 리뷰보고 찾아왔는데 정말 후회없는 맛이에요~직원분께서 고기를 잘 구워주셔서 더 부드럽고 촉촉 야들야들했어요 감사합니다 또 방문할게요
거복이식당,고기가 맛있어서 항상 생각나는 곳이에요 ! 맛있게 잘 먹고 갑니다
거복이식당,너무 맛있고 좋습니다👍
거복이식당,회기 삼겹살집 하면 항상 오는 곳
거복이식당,맛있어요~~다음에도 또 오고 싶어요
거복이식당,오랜만에 왔는데 맛있어요 !! ㅎㅎ
거복이식당,너무 맛있습니다!!밑반찬도 다양하게 너무 잘 나오고기본으로 순두부찌개 나오는 것도 너무 좋아요고기도 다 구워주십니다ㅎㅎ최고~~!!🤩🤩
거복이식당,고기 항상 잘 구워주셔서 좋아요!!
거복이식당,추운날 고기 먹고 싶어서 들렸는데 가격도 괜찮고 고기 질이 너무 좋아요 자주올게요!
거복이식당,재방문하겠습니다! 맛있게 잘 먹고갑니당
거복이식당,지나갈 때마다 들러보고 싶었는데매장도 깨끗하고 고기 질 너무 좋아요~가격도 합리적입니다 히히고기 구워주셔서 너무 편하게 잘 먹었습니다~
거복이식당,맛있어용
거복이식당,여기 진짜 진짜 지인짜 맛있어요
거복이식당,고기도 맛있고 서비스도 좋아요:)
거복이식당,가성비도 좋고 고기를 구워주셔서 정말 맛있게 먹고 갑니다 최고><
거복이식당,고기 직접 구워주시고 반찬 구성이 아주 알찹니다!제가 회기 6년 지박령으로 고깃집은 정말 많이가봤는데 감히 회기 최고의 고깃집이라고 할 수 있을 정도로 고기 질이 정말 좋아요👍🏻다음 학기도 자주 오겠습니다😋
거복이식당,"우선 고기맛, 사이드 전부 다 괜찮았어요고기를 구워주셔서 편하고하지만 서빙하시는 외국인분? 모자쓴 분 때문에두번 다시 안갈거 같아요우선, 표정이 너무 안좋으세요 무언가를 부탁 할 때불편해요 제가 제 돈주면서 밥 먹는데그분 눈치를 봤어요손님을 바라보는 눈빛? 그게 너무 불편합니다많이 아쉽네요."
거복이식당,맛있어요 ㅎㅎ깔끔하고 직원분도 친절하세요
거복이식당,매번 방문하는 곳이지만 항상 맛있어요!! 추천합니다☺️
거복이식당,"맛있고,가격이 싸요.또 재방문하고 싶어요!"
거복이식당,맛있어요!!! 자주와용
거복이식당,처음 방문해보는데 이가격에 고기퀄리티도 진짜좋고 서비스로 찌개까지 주셔서 가성비 정말정말최고인 맛집입니댜 재방문 무조건 할거같아요!!☺️
거복이식당,고기도 직접 구워주시고 순두부찌개도 서비스로 주는 너무 혜자인 곳…❤️너무 맛있어요 다음에 또 올께요
거복이식당,고기 너무 맛있어요ㅠㅠ 그리고 순두부찌개 서비스 짱이에요♥️♥️♥️ 다음에 또 방문할게요!!
거복이식당,서비스로 나오는 순두부찌개도 맛있고 고기도 부드럽습니다!! 회기 맛집인정~~다음에 또 방문하겠습니다.
거복이식당,직원분이 구워주시고 친절해서 좋아요!!!
거복이식당,너무 맛있어요! 회기에 이런데가 있었다니..단골 예약입니다!
거복이식당,자주 오는 맛집 고기 질도 좋고 가성비도 좋음
거복이식당,경희대맛집 거복이 식당입니다직접 구워주셔서 넘나 맛있고순두부찌개는 덤 입니다~~1고기 질이 좋습니당
거복이식당,처음 왔는데 가격대비 잘 나오는것 같아요. 순두부찌개가 공짜인데 정말 푸짐해요! 삼겹살도 두툼하니 정말 맛있습니다~ 반찬도 깔끔하고 이정도면 자주 방문할듯합니다!!
거복이식당,나이스
거복이식당,직접 구워주셔서 너무 편해용고기도 맛있어요!!
거복이식당,"고기 질이 좋아서 자주 방문하는 매장이에요! 순두부찌개도 기본 서비스로 나와서 좋고, 밑반찬도 든든하게 잘 나옵니다!! 치맛살 맛있으니 꼭 드세요!"
거복이식당,직접 구워주시고 함께 제공되는 순찌가 킥입니다 -!좀만 늦었음 웨이팅할뻔했는데 웨이팅없이 맛나게 먹엇어요 !!
거복이식당,고기질도 좋고 첫판은 구워주셔서 좋아요!반찬도 많고 다 맛있어용서비스 순두부찌개도 최고!! 세 번째 방문입니당~
거복이식당,선배님과 같이 밥먹으러 왔는데 매장에 들어갈 때부터 친절하게 맞아주시고!오자마자 테이블도 깨끗하게 만들어주시고 서비스도 챙겨주셔서 매장에서 있는 내내 웃으면서 식사할 수 있었습니다!또 대학가라 누구든지 오기에 부담없는 매장이라 생각됩니다~!
거복이식당,다음에도 이용할거 같아요 고기가 진짜 맛있습니다.
거복이식당,양 많고 친절하시고 고기 빈찬 모두 맛있게 먹고 갑니다~ 다음에도 자주 올게용~ 가격도 좋고 맛있는곳~~~
거복이식당,맛있습니다~~
거복이식당,고기도 맛있고 두번째 방문이에요!아이들 데리고 왔어요!아이들도 맛있게 먹었어요~~😊
거복이식당,회기에서 워낙 유명한 고깃집이라서 방문했는데 역시 맛있어요 양 진짜 많고 가성비 최고!! 서비스로 주는 순두부찌개가 대박입니당 강츄
거복이식당,맛있어요!!! 나중에 또 올게요!!
거복이식당,회기 목살 원탑이요 👍
거복이식당,양이 많고 고기가 신선하고 맛있어요!
거복이식당,여기는 제가 고기 먹고 싶을 때마다 오는 곳인데 진짜 완전 맛있고 양도 푸짐하고 직원분들도 친절하셔서 너무 좋아요~자주 자주 올게요 ^^
거복이식당,친구의 맛집이라고 해서 왔는데 너무 맛있어요 ㅠㅠ다음에 또또또또 올게요!!
거복이식당,맛있고 고기 질이 좋아요! 가성비 넘 좋아요
거복이식당,맛있어요생각보다 양이 많아요서비스 순두부찌개가 맛있어요
거복이식당,양도 많고 너무 맛있어요 다음에도 오고싶어요
거복이식당,직원분이 너무너무 맛있게 구워주시고 고사리가 완전 킥이었어요ㅋㅋㅋㅋㅋ 순찌랑 콘치즈도 존맛탱구리구리!! 담에 또 올게요!!!
거복이식당,너무 맛있어요! 담에 또 올게요~
거복이식당,처음 와봤는데 고기도 너무 잘 구워주시고 나오자마자 푸파해버려서 사진을 못찍었네요ㅠㅠㅠ 학교 앞에 있어서 자주 올 것 같아요!!
거복이식당,음식이 맛있어요
거복이식당,맛있어요
거복이식당,"음식이 맛있고, 친절했습니다!"
거복이식당,고기도 직접 구워주시고 찌개도 너무 맛있어요!직원 분들도 친절하시고 기본 반찬도 푸짐합니다 :)
거복이식당,"솔직히 가격, 맛 다 좋았습니다.다만, 평일에 근무하시는 안경쓰시고 모자쓰신 분, 사장이신가요? 알바라면 교육 좀 부탁드립니다.쳐다도 보지 않고 말을 하질 않나, 이벤트 한다하면 휴대폰 말없이 가져가서 툭 누르고 쳐다도보질 않고 돌려주질 않나, 남의 가방은 말도 없이 만져 옮기질 않나, 믈어보면 대충대충 대답하질 않나.. 그게 멋있다고 생각하는 건지 모르겠네요.제가 왜 돈주고 그런 서비스를 받으며 먹어야하는지 꽤나 불쾌했습니다.그분 제외하고는 너무 친절하셔서 그나마 버티다 먹고 옵니다."
거복이식당,"고기가 좋은 것 같고, 가성비도 좋습니다! 다양한 사이드나 야채도 있어서 좋은 거 같아요 ~ :)"
거복이식당,우연히 들렸는데 고기도 두툼하고 순두부찌개도 기본으로 주시고 고기도 직접 구워주세요. 너무 친절하시고 좋아요.
거복이식당,진짜 맛있어요...구워주셔서 좋고 반찬도 많이 나와요~서비스로 나오는 순두부찌개도 맛있고된장 술밥도 맛있습니다!!
거복이식당,고기가 탱글탱글 맛있어요! 경희대 근처 돼지고기 맛집 서비스로 나오는 순두부도 칼칼하니 맛있습니다.
거복이식당,고기가 냄새 안나고 너무 맛있어요👍 또 고기도 직원분이 구워 주셔서 고기 못 굽는 사람들이 방문하기 좋은곳 같아요
거복이식당,고기질 너무 좋고 친절하게 구워주셔서 잘 먹었습니다
거복이식당,고기질이랑 맛이랑 양 다 너무 좋아용
거복이식당,회기 고깃집 중에 제일 맛있어요!고기 질도 좋고 서비스로 주시는 순두부찌개도 맛있습니다직원분들도 친절하세요
거복이식당,직접 구워주시니까 넘 편해용 순두부찌개가 기본으로 나오는 것도 좋아여❤️‍🔥
거복이식당,넘 맛있고.. 반찬이 다양해서 좋아요! 재방문 예정입니다 :)
거복이식당,맛있어요~~ 대학원 친구들과 왔어요 회식하기 좋아요
거복이식당,고기 야들야들하고 맛있어유😭 순두부 찌개도 존맛탱임👍🏻 밥 두공기 뚝딱임다ㅠㅠㅠ
거복이식당,서비스 순두부찌개도 엄청 푸짐하고고기도 되게 맛있게 잘 먹었습니다🥰다음에 또 올게요~!
거복이식당,직원분들도 친절하고 고기가 엄청 신선해용
거복이식당,"고기 너무 맛있어요!!고사리랑 파도 좋은데, 순찌가 진짜 찐입니다!!!초 sexy food~~🔥🔥"
거복이식당,구기 두께 질 장난 아니고 가격도 합리적이라 좋아요!! 창이 열려있어서 분위기도 좋슴다👍
거복이식당,꼭 오게요<
거복이식당,아따 맛있구만유~ 가격도 좋고 맛도 있고 야무집니다
거복이식당,직원분이 너무 친절하시구 순두부찌개도 넘 맛있구 고기도 잘라주셔서 넘 좋아용!
거복이식당,고기가 두껍고 잡내도 없어서 넘 맛있어요~친구랑 우연히 들렸는데 자주 올 꺼 같아요사장님 더더 흥하세요~~!!
거복이식당,거복이식당 소문이 자자해서 와봤는데기대 이상으로 맛있어요 🥹🥹기본으로 나오는 순두부찌개가 백반집 저리가라입니다..... 사장님 흑백요리사 나가셔두 될 것 같아요.....!!!잘 먹고 갑니다 ㅎㅎ다음에 또올게요~~
거복이식당,가격도 저렴하고 서비스로 나온 순두부찌개도 맛있어요담에 또 오려구요!
거복이식당,너무너무 맛있어요고기를 너무 잘 구워주셔서 편하게 먹었어요재방문의사 100%!!
거복이식당,예약하고 웨이팅없이 바로 입장했어요고기 양도 많고 맛있어서 배부르게 먹었어요
거복이식당,다 구워주시고 잘라주시고 순찌 맛있고 직원분들 친절하시고 고기가 맛나용🤤🤤데이트로 잘 먹고 갑니당!! 추천해용!!
거복이식당,Great place with family and friend so taste grilled pork
거복이식당,회기 삼겹살 원탑 👍
거복이식당,고기도 직접 구워주시고 서비스 순두부찌개도 짱입니다!! 이것때문에 공기밥 주문 필수에여ㅎㅎ날씨 좋은 날 창문열어서 야장느낌도 나요~~~고기도 맛있어서 자주 옵니당 강추합니당!!
거복이식당,맛있게 먹고 갑니다 !
거복이식당,넘 맛잇어요
거복이식당,친구랑 처음와봤는데 처음에 고기도 구워주시고 기본으로나오는 순두부찌개도 너무맛있었어요!날씨가 좋아서 창문열어주는 테라스 자리에앉앗는데 너무기분좋게먹고갑니다!
거복이식당,구워주셔서 너무 편했어요느므 맛있습니당! 자주 올게여~~
거복이식당,"삼겹살의 퀄리티와 서비스로 나오는 순두부찌개, 치즈볶음밥이 가히 경희대 근처에 있는 식당 중 최고입니다❤️"
거복이식당,맛있어요. 직원이 많이 도와주고 친철해서 친구들이랑 맛있게 먹었어요.
거복이식당,간맥만 할라고 하다가 소주 2병씩 깠어요 기본으로 순찌가 최고 🩷🩷🩷🩷🩷🩷
거복이식당,너무 맛나고 좋아요ㅎㅎ
안녕유부,https://m.blog.naver.com/qkrrudcnr/223716766141-> 상세한 리뷰는 상단 블로그!
안녕유부,포장해서 먹었어요!! 맛있어요 ㅎㅎ
안녕유부,마싯어용!!꼭 와서 드셔보시길
안녕유부,치즈우동볶이 정말 매주 먹음👍
안녕유부,맛있어용!!!!!!!!
안녕유부,"처음 오는 곳이기도 하고, 친한 동생이 추천해준 집인데 정말 맛있고 가격도 적당해서 나중에 또 혼밥하러 오기 좋은 곳입니다!"
안녕유부,일주일에 2-3번은 오는듯 ㅎ
안녕유부,아이들과 행복한 식사 시간이 되었어요 감사합니다
안녕유부,좋고 맛있네용~~
안녕유부,음식이 특별하고 맛있어요! 인테리어도 깔끔하고 좋아요. 3번째 방문!
안녕유부,안녕유부 넘 좋아요 🥹가볍고 프레쉬하게 탄수화물 먹고 싶을 때 가면 딱이에요!!매장도 우드톤으로 아기자기하게 꾸며져 있어서 힐링되는 기분이에요 !경희대에 계속 있어주세요 사장님 ~~
안녕유부,병원 들렸다가 우연히 들어온 곳인데음식도 식당도 깔끔하고 분위기 있고 맛도 좋네요!혼밥하기도 좋은듯
안녕유부,"깔끔하고 푸짐한 유부는처음입니다혼밥, 조용한 매장 추천요"
안녕유부,혼밥 할만한 곳 찾다가 들림! 겨울철 뜨끈한 우동에 연어유부 먹으니 너무 맛남😍
안녕유부,언제나 잘 먹고 이씁니당
안녕유부,맛있오요
안녕유부,경희대병원 맛집 추천글보고왔어요!유부초밥도 맛나게 양도 왕큽니다아!
안녕유부,최소 주에 한 번 많으면 거의 매일 와서 먹는 맛집
안녕유부,날이 추우니 자꾸 생각나요. 맛나구 뜨끈한 우동과 유부가… ㅎ 맛나요. 오늘도 기대 기대. ㅎ
안녕유부,유부초밥 먹고싶을 때마다 늘 찾는 곳입니당..🫶하나도 빠짐없이 전부 다 맛있어요! 꼭 다 드셔보시길늘 매장에서만 먹다가 처음으로 포장해봤는데 포장도 아주 깔끔해요!! 너무 좋습니다사장님! 근데 비닐봉지가 끊어질 듯 말 듯해서 불안하게 들고 왔어요 ㅠ ㅋㅋㅋㅋ 혹시 4개 이상으로 포장하는 건 더 튼튼한 봉지를 쓰시는 게 어떨까요....?😀😀
안녕유부,포장이깔끔해요
안녕유부,마싯어용!!
안녕유부,플레이팅이 넘 예쁘고 양도 푸짐해요ㅠㅠ 맛있게 잘먹고 갑니다 ~~ 혼밥하기 조아서 다음에 또 올 것 같아용 ㅎㅎ
안녕유부,맛있어요!! 추천합니다~
안녕유부,깔끔하고 맛있어요 👍🏻👍🏻👍🏻 잘먹고갑니다 ㅎㅎ
안녕유부,신전 느낌 나요치즈 개많고 개마싯음!!
안녕유부,혼밥이라면 되게 좋은 식당!! 가격 비싸지 않고 맛있음🤓
안녕유부,오랜만에 안녕유부~🤍🤍 최애인 매콤크림 새우는 언제 먹어도 넘 맛있어요 ㅠㅠ 물론 나머지 메뉴도 넘 맛있습니다🩷
안녕유부,맛나요!!
안녕유부,매번 들를때마다 만족하는 식당이에요.유부초밥 너무 맛있어요.양이 많으니 친구랑 같이 와서 먹어야 할 듯.
안녕유부,언제나 맛있습니다~최고^^♡♡♡
안녕유부,마싯어용!!
안녕유부,혼밥하기 좋아요생각도 못했는데 우동이 맛있어요
안녕유부,유부초밥 맛있고 빨리 나와서 좋아요!! 너무 친절하세요 ㅎㅎ
안녕유부,맛있어용
안녕유부,어묵 우동이랑 소고기 김치인데 둘 다 맛있었어요~!! 회기동 식사 장소로 추천합니다🙂
안녕유부,혼밥하기 좋은 유부초밥 집 ㅎㅎ 사장님도 친절하시구 넘 맛있어용🩷🩷
안녕유부,맛나고 깨끗하구 음악도 적당히!!! 추천으로 왔는데!! 후회없음요!!
안녕유부,혼밥하기 딱 좋아요~ 타코와사비도 맛있습니당
안녕유부,너무 맛있습니다
안녕유부,친구들과 함께 대화하며 먹기 좋은 식당이였어요!!
안녕유부,너무 맛있어요^^!
안녕유부,너무 맛있고 친절하십니다! 또 올게요!!
안녕유부,맛있고 구성도 너무 좋아요😊
안녕유부,"늘 새로운것,맛있는것을 찾는 미식가인 나..밖에 현수막에~치즈우동볶이가 맛나보였다..들어가 시켜보았다. 치즈가 듬뿍 뿌려져 나왔다. 오뎅이 들어가잇엇는데,야들야들 맛잇었다.치즈떡도 부드럽고,칼칼하니 달콤한 떡볶이같은 우동치즈오뎅떡볶이 비슷 더맛잇당~오늘도 맛있는것 발견! 다음엔 이쁜 유부랑 같이 먹어보고싶다~겁나 맛잇엇당~"
안녕유부,집 근처라 자주오는데 깨끗하고 맛있어요!!ㅎㅎ
안녕유부,사랑해요
안녕유부,너무 맛있어용~~
안녕유부,맛있어요!!!!
안녕유부,맛있어요!!
안녕유부,떡볶이에 떡이 별로 없어요 ㅠ
안녕유부,종종 먹으러오는 곳이예요! 양도많고 혼밥하기도 좋아요! 너무 맛있어요🩷
안녕유부,완전 맛잇어용!!
안녕유부,종종 밥 먹으로 오는데 유부초밥 종류가 많고 하나씩 고를 수 있어서 좋아요!
안녕유부,간단히 먹기 좋은 유부초밥집이에요. 생각보다 양도 크고 연어는 강추입니다. 담에 또 올께요^-^
안녕유부,경희대 논술시험 보러 온 아들을 기다리며 다음 논슬시험 장소로 이동중 간단하게 차에서 먹일 도시락을 찿던중 카페 같은 유부초밥과 우동집을 발견하고 바로 포장완료~건강식 두부로 만든 유부초밥기대하시라 개븡박두!!!!아들 합격하면 매일 출근도당 학실!!!
안녕유부,우동이랑 유부초밥 다 맛있어요!!!
안녕유부,너무 맛있어요 유부광팬이라 잘먹었네요
안녕유부,맛있게 잘먹었습니다 :) 자주올게요☺️
안녕유부,혼자 왔는데 혼밥 하기 좋고! 생각보다 양도 많아요! 알바생분 도 친절하세요~ 청양참치마요랑 우삼겹 맛있어요🥰 분위기도 좋아요
안녕유부,매장 분위기도 좋고 아침에 간단하게 혼밥하기 좋아용 맛있어요!!
안녕유부,매번 스시집에서 먹던 타코와사비를 유부집에서 먹다니..크기와 맛 다 만족해요.꾸준히 와서 유부 종류별로 다 먹어보고 싶어요.
안녕유부,매장이 깨끗하고 사장님이 친절하세요!
안녕유부,마싯어용!!
안녕유부,디자인도 깔끔해서 혼밥하기에도 좋은 곳입니다! 사장님들도 친절하시고 종류도 다양하고 너무맛있어요~! 자주올게요!!
안녕유부,🧡여기 유부초밥에 우동은 진리입니다🧡이 가격대에 이런 퀄리티의 밥이 나와서 깜짝 놀랐습니다. 밥도 맛있고 우동도 맛있어용. 혼밥하기 좋습니딘
안녕유부,너무 맛있어요 !!💓🥹
안녕유부,언재나 잘 먹ㄱ 있어용 감사합니자❤️
안녕유부,"디자인, 맛, 가성비, , 분위기 다 너무 굿이예요!! 특히 국물맛 최고!! 우동 최고입니다👍"
안녕유부,"홍릉 산책후 근처 맛집검색해서 왔어요,깔끔하고 맛나네요,"
안녕유부,처음 왔는데 역시 사람들이 많이 오는 데에는 이유가 있네요! 냄새부터 미쳤어요~
안녕유부,경희대 맛집^_^토핑이 다양해서 골라먹는 맛이 있어요특히 치즈 우동 볶이 맛있어요 추천합니다!
안녕유부,찐찐맛집진짜 너무 맛있어요... 유부초밥도 튼실하고 여기 놀랍게도 우동 떡볶이가 있는데 진짜... 정말 맛있답니다 경희대생만 아는 숨겨진 맛집🥹
안녕유부,너무 맛있어서 치과 들를때마다 먹고 갑니다
안녕유부,맛있게 잘 먹었습니다!! 소불고기 너무 맛있어요
안녕유부,저렴하면서 깔끔한 매장~~다음에 재방문하고 싶을정도로 만족도 굿입니다^^
안녕유부,너무 맛있어요!
안녕유부,너무너무 맛있어요~~ 재방문 의사 있습니다^^♡♡♡
안녕유부,유부초밥이 종류가 엄청 다양한데 다 맛있구 우동이나 치즈볶이도 맛있어용!!
안녕유부,알바생이 예쁘고 착하시고 음식도 정말 맛있어요!!
안녕유부,맛이어요..분위기가 좋아요
안녕유부,치즈우동볶이 너무 맛있고 연어 위에 와사마요소스 너무 맛있어요
안녕유부,우동도 맛나고 치즈우동볶이도 너무 맛나!! 1인 2차돌유부초밥은 기본 ㅋ
안녕유부,대기없이 바로 포장 가능해요
안녕유부,유부가 크고 알차요!한 끼 식사로 충분합니당
안녕유부,밥대신 두부로 바꿔주고! 깔끔하고 맛있어요!!음식이 아주 정갈해요!
안녕유부,매장도 아담하고 예쁘고 직원분도 친절하세요!유부초밥 종류도 다양해요~~👍🏻👍🏻
안녕유부,치즈우동볶이가 정말 맛있어요둘이서 이렇게 시키고 배부르게 잘 먹었습니다앞으로 자주 방문할게요!
안녕유부,깔끔하고 친절해요. 맛도 있어요.
안녕유부,메뉴가 엄청 빨리나오고 키오스크 주문이라 아주 편해용마싯서용
안녕유부,존맛 2트
안녕유부,이쁜 간판에 홀려 들어갔어요 회기동에 이렇게 이쁜가게가 생기다니💖 너무 좋아요 맛있게 잘 먹고갑니다
안녕유부,혼밥하기 좋고 가성비도 좋아요
안녕유부,맛있었어용
안녕유부,너무 맛있게 잘 먹고 가요 자주 시켜먹습니다 ^^
안녕유부,혼자 오기 좋아여!! 사람이 많이 와서 좀 일찍 와야해요
안녕유부,경희대 올 ㄷ때마다 오는 곳입니다 맛있어요
안녕유부,제 최애는 두부에용 ♡ 짱맛입니다
안녕유부,맛있어서 자주 이용해요
안녕유부,너무 맛있고 직원분들도 너무 친절하셔용
크치치킨 회기점,처음 방문인데 치킨이 바삭해서 맛있고 무료로 순살 변경까지 돼서 넘 좋아요! 소스도 다양하고 감튀도 제공돼서 좋아요
크치치킨 회기점,음식이 맛있어요🥹
크치치킨 회기점,너무 맛있어요 또 올거에용
크치치킨 회기점,매번 오지만 너무너무 맛있네용 잘 먹구 갑니다 😎😎
크치치킨 회기점,너무 맛있게 먹어서 음식사진 못찍었지만훌륭한 식당임.ㅇㅇ 꼭 오시길
크치치킨 회기점,너무 맛있었어요!  단체 모임하기 정말 좋아요~
크치치킨 회기점,아주 맛있어요!! 다음에 또 방문할 예정이에요!
크치치킨 회기점,매콤크림파스타 쿠폰 받아서 파스타랑 치킨이랑 먹으러왔는데 너무 맛있게 잘 먹었어요! 늘 맛있는곳 입니다👍
크치치킨 회기점,저번에 먹고 반해서 재방문했어요! 이번엔 양념 도전했는데 너무너무 맛있어요.. 진짜ㅠㅠ 앞으로 여기 전 메뉴 도장깨기 해볼게요 ❤️🩷👍🏻👍🏻
크치치킨 회기점,"메뉴 구성 넘 알차고, 깻잎치킨 JMT!! 최근 먹은 치킨집 중 젤 맛있었어요!! 완전 강추합니당! 짬뽕, 파스타도 너무 맛있었어요!!💕"
크치치킨 회기점,항상 오는 집이라 잘 먹고 갑니다! 늘 맛있어요(੭•̀ᴗ•̀)੭
크치치킨 회기점,음식 너무 맛잇고 모임하기 좋았습니다~
크치치킨 회기점,항상 맛있게 먹고 가요~~! 최곱니다~~
크치치킨 회기점,파스타랑 치킨 너무 맛있고 친구들이랑 같이 오기 좋아요~~
크치치킨 회기점,크치치킨 역시 너무 맛있고 파스타랑 궁합이 넘 조아용😻😻
크치치킨 회기점,너무 맛있어요 ❤️❤️
크치치킨 회기점,오랜만에 와도 정말 맛있네용 ㅎㅎㅎㅎㅎ치킨 먹고싶을때 항상 생각해용!!
크치치킨 회기점,포장해서 먹었는데 맛있어서 직접 와봤어요 더더 맛있어요
크치치킨 회기점,사진도 못찍었을 만큼 너무 맛있게 잘먹었어요갓튀겨나온 치킨과 파스타의조합이 최고스파게티면이 튀겨져서 나오는데 특이하고 맛나요펍같은 분위기 가족끼리 와도친구끼리와도연인과와도 행복한시간을 만들수있을것같아요^^
크치치킨 회기점,분위기 너무 좋고 치킨 너무 맛있습니다!
크치치킨 회기점,"회기에서 힙한 감성 넘치는 치킨 맛집을 발견‼️이름부터 독특한 크치치킨은 깻잎치킨이라는 시그니처 메뉴로 유명한 곳이었는데,이거 진짜 먹어보자마자 반할 수밖에 없는 맛이었음😋✔️깻잎치킨깻잎 특유의 향이 치킨에 은은하게 스며들어 너무 고급스럽고,튀김옷이 바삭하면서도 속살은 엄청 부드럽고 촉촉했음💖이게 그냥 치킨이 아니라 새로운 카테고리의 음식이라 해도 과언이 아닐 정도로 특별했음‼️✔️치킨+파스타 조합은 생각지도 못했던 꿀조합!크림 파스타가 치킨의 바삭한 식감과 너무 잘 어울리고,같이 먹으니까 제대로 한 상 차린 느낌이라 모임이나 데이트에 딱✨가게 내부는 힙하고 세련된 분위기라 인스타 갬성 사진 찍기 완벽! 📸매장이 넓고 좌석 간 간격도 넉넉해서 단체 모임 장소로도 강추👍"
크치치킨 회기점,너무 맛있어요 재방 예정입니다
크치치킨 회기점,크리스마스마다 매번와요매콤 파스타와 순살이 진리 ㅎㅎ매번 주기적으로 크치 한번씩 해줘야합니다.많은관심 부탁드러요
크치치킨 회기점,넘나 맛나용 ❤️
크치치킨 회기점,아주 맛있고 맛있어요^^
크치치킨 회기점,너무 맛있고 가성비 좋은거같아요 ㅎㅎㅎ 담에 또 올게요 경희대 맛집 ㅇㅈ
크치치킨 회기점,항상 잘 먹고 있습니다!! 사진은 없지만 소세지 강추합니다♡♡♡
크치치킨 회기점,치킨과 파스타 맛있게 먹었어요!!
크치치킨 회기점,지인 추천으로 왔어요 너무 좋아요
크치치킨 회기점,크리스마스 맛있게 또 온게요
크치치킨 회기점,맛있어요
크치치킨 회기점,완전 맛있어요!
크치치킨 회기점,너무 맛있어요!!!코젤다크도 처음먹어봤는데 너무 최고에요자주올게요
크치치킨 회기점,매일 어니언 순살만 먹는데 바삭하고 맛있습니다!! 매콤크림파스타를 꼭 같이 드세요 (^^)d
크치치킨 회기점,너무 맛있어요 벌써 10번째 방문이에요
크치치킨 회기점,맛있어용~~🤤🤤
크치치킨 회기점,회기에서 순살 치킨 제일 맛있게 하는 곳 ! 어니언크림치킨이 진짜 맛있어요~ 꼭 드셔보세용직원분들도 너무 친절하셔요 ! 치킨은 여기서~~
크치치킨 회기점,제가 사진은 못 찍는데 사진에 비해 완전 맛있어요다음에도 꼭 올 예정 어니언 치킨 한마리에 꼭 매운크림파스타도 시켜서 드세요 꼭 한마리 시켜서 배터지게 드셔야 합니다
크치치킨 회기점,치킨바삭하고 감티 마싯어용
크치치킨 회기점,생맥보고왓는데 치킨도 기대이상으로 맛있어서 좋았어요 자주 올것같네요
크치치킨 회기점,파스타치킨 꼭 드세여.. 진짜 너무 맛있어서 흡입했어요 둘 중 뭐하나 빠짐없이 진짜 훌륭한 맛이에여!! 진짜 너무너무 맛있어요!!! 후회없음 ❤️🩷👍🏻
크치치킨 회기점,그냥짱맛 무조건 가서드세여❤️😊🤗
크치치킨 회기점,너무 맛있습니다 회기는 자주 오는데 다음에 또 와야겠어요~ 잘먹었습니다
크치치킨 회기점,저의 단골 최애 치킨집이에요. 여기 파스타도 진짜 맛있어요. 양념치킨도 바삭바삭
크치치킨 회기점,이렇게좋은 경희대근처 치킨집 분위기도좋고 12월연말모임하기정말좋은발견했어요 다음의도 재방문의사있어요 친절하게응대해주시는 직원분들너무감사합니다.
크치치킨 회기점,넘넘 맛있어요😁😁
크치치킨 회기점,정말 맛있게 잘 먹었습니다.
크치치킨 회기점,맛있게 먹고 갑니다!!크리미어니언치킨 맛있어요~
크치치킨 회기점,항상 실패가 없는 크치치킨!! 너무 맛있오요♡♡♡♡ 히히 ㅎㅣㅎ ㅣ
크치치킨 회기점,매콤크림파스타 넘 맛있어요 ㅎㅎ 잘 먹었습니다~~
크치치킨 회기점,맛있었습니다 재방문의사 잇어요!
크치치킨 회기점,음식이 엄청 맛있었어요~ 파스타에 치킨 먹으니까 양도 많고 잘 먹고 갑니다. 직원분들도 친절하시고 매장도 쾌적해서 다음에 또 올것 같아요
크치치킨 회기점,넘넘 맛잌ㅅ고 친절해용~~👏👏
크치치킨 회기점,치킨이랑 파스트 세트 맛있어요
크치치킨 회기점,어니언치킨 매콤파스타 조합 최고입니다 꼭 드세요
크치치킨 회기점,항상 치킨 파스타만 먹다가 오눌은 치즈볼도 먹어봤는데 뿌링클 가루 묻혀주셔서 맛있렀움니다🫢
크치치킨 회기점,아이가 생일인데 크치치킨 가고 싶다고해서 방문했어요 음식 다 너무 맛있도 직원분들도 너무 친절하세요
크치치킨 회기점,치킨도 맛집인데 파스타도 대대대존맛입니다💖파스타랑 치킨 궁합이 짱이에요👍 그리고 양이 진짜 왕많습니당..😆😆 짱짱 푸짐해요💖💖
크치치킨 회기점,종종 치킨 땡길 때 오는 곳!깻잎치킨도 맛있어요
크치치킨 회기점,맛있게 잘 먹었습니다~
크치치킨 회기점,크치치킨 자주 시켜먹고 와서 먹기도 하는곳이에요!직원분들도 친절하시구 오늘도 맛있게 먹고 갑니다☺️
크치치킨 회기점,처음 방문했는데 치킨도 맛있고 파스타도 정말 맛있어요!! 너무 만족했습니다. 운전때문에 맥주는 먹지 못했지만 다음번에는 꼭 같이 먹어보고싶어요 조만간 또 먹으러 와야겠어요ㅎㅎ 아 어니언크림치킨 강추!!
크치치킨 회기점,아쥬 맛있어여
크치치킨 회기점,맛있어요
크치치킨 회기점,가성비 좋아요ㅎㅎ
크치치킨 회기점,회기 간만에 오는데 치킨먹고 싶어서 크치와쑴여기 치킨집인데 파스타도 맛있슴 ㅠㅠ 꼭 시켜보세요
크치치킨 회기점,좋아요!
크치치킨 회기점,깻잎치킨 정말 맛있어요 파스타도 싹싹
크치치킨 회기점,신나는 금요일 크치에서ㅇ보냈어요추천합니다
크치치킨 회기점,양도 많고 완전 맛있어요 ㅎㅎ 시나몬 맥주도 맛있어요~~ 다만 금욜저녁엔 꼭 예약하고 가세용 사람 엄청 많아요ㅠㅠ
크치치킨 회기점,맛있게 잘 먹었습니다!! 다들 오세요~
크치치킨 회기점,"샐러드 망고 드레싱에 먹으니 맛있어요!꼬마들이 좋아해서 치킨 생각나면 늘 크치치킨 오는데지난번에 리뷰 이벤트로 문어 당첨되어서남편없이 셋이 오면 치킨 둘, 넷이 오면 문어 포함한 치킨 셋트에 후라이드콤보 추가해서 먹어왔어서 늘 즐기던대로 맛있고 배부르게 잘 먹었습니다!화이트 어니언 치킨 참 좋아하는데 언젠가 꼬마들도 같이 먹을 수 있을 때까지 회기동에 오래오래 있어주세요!!"
크치치킨 회기점,오늘도 잘 먹고 갑니다!! 추운 겨울에 따뜻한 거 먹어서 좋았어요🥰
크치치킨 회기점,친구들이랑 가성비 있게 치킨 먹기 좋아요!! 맛있게 잘 먹었습니다~
크치치킨 회기점,사장님도 친절하시고 직원도 친절하시고 메뉴도 맛있어여 ㅎㅎ다른 분들 모시고 다시 방문할께여^^
크치치킨 회기점,소모임 회식으로 왔는데 완젼 맛있게 먹구 가요!!😊음식 다 맛있고 특히 어니언이 젤 맛있어요😜
크치치킨 회기점,단체모임때마다 항상 오는데 너무 맛있고 넓ㄱ고 분위기도 좋아요!! 친절하셔서 자주옵니당☺️☺️
크치치킨 회기점,양도 많고 분위기도 좋아서 추천합니다👍👍
크치치킨 회기점,수제 소세지 먹었는데 아주 맛있어요!!
크치치킨 회기점,파스타랑 치킨 세트 먹었는데 3명이서 먹기에 양도 많고 맛도 있었습니다!! 다음에 또 올 것 같아요~
크치치킨 회기점,맛도 분위기도 정말 좋아요맛있게 먹고 갑니다!
크치치킨 회기점,두 번째 방문인데 역시나 맛있습니다 직원분들 다 친절하시고 매장 널찍해서 편하게 잘 먹었어요 짱 🥺❤️
크치치킨 회기점,양이 많고 맛있어요! 매콤크림파스타는 느끼할때 먹으면 맛있어요🥰🥰
크치치킨 회기점,친구랑 같이 왔는데 엄청 맛있었어요! 치킨의 깔끔한 맛이 너무 좋았어요! 다음에 또 올게요!
크치치킨 회기점,냠냠굿 ~~
크치치킨 회기점,지난번 리뷰로 문어 받아서 또 해봅니다! 생각보다 당첨이 잘돼용!!!!
크치치킨 회기점,처음와서 먹었는데 너무 맛있네욥!! 치킨도 맛있구 파스타도 맛있네욤~~ 다음에 또 올게요..!
크치치킨 회기점,여기 단골입니다!!!너무 맛있어요 회기에 있어서 감사해요 💜💜💜
크치치킨 회기점,너무 맛있어요 특히 크림어니언이 맛있어요 항상 감사합니다!
크치치킨 회기점,튀김 바삭하고 맛있어요!! 직원분도 친절하십니당 다음에 또 방문하겠습니다..
크치치킨 회기점,치킨 먹고 싶을 때마다 오는 곳! 오늘도 잘 먹고 갑니다🥰
크치치킨 회기점,크림어니언이 참 맛있습니다.
크치치킨 회기점,맛있구 직원분들도 친절하세욤🤗💕
크치치킨 회기점,"파스타가 넘 맛있어서 또 먹으러와써요! 어니언 진짜 맛있구, 소세지 진짜 육즙 가득 정말정말정말 맛있움니다!🤩"
크치치킨 회기점,코젤다크 생맥이 너무 맛있어요!
크치치킨 회기점,너무맛있어용~  아가들이 너무 맛있다고 해서 뿌듯하네요ㅎㅎ
크치치킨 회기점,와..여긴 그냥 성지입니다맛이면맛 양이면양 완전최고에요치킨 파스타 다 맛있고요인스타 팔로우 이벤트로 맥주 무제한이벤트가 있는데우리가 어디가서 버드와이저 스텔라 생맥주를 먹어보겠어요진짜 사장님이미쳤어요 가게입니다
크치치킨 회기점,"맛은 당연하고너무 친절해요~~!!!!!!!!!일하시는 분들..,.외모도....언니오빠라 부르고싶은 외모~~!!! (이뿌면 나이필요없고 다 언니오빠ㅎㅎ)무제한 맥주도 저려미가 아닌 무려 7가지중에 골라 마실수 있고~퀄리티가 좋아요~~!!!안주도 맛나고..... 안주하나만 시켰다가 추가했는데세트로변경해주시고남은안주도 너무 깔끔하게 포장해주셨어요~~조만간 무조건 꼭 올거에요~~!!!!"
크치치킨 회기점,맛있어오.. 야구도틀어줘요
크치치킨 회기점,완전 맛있습니다!! 치킨에 파스타!!  코젤다크 최고!!
푸른하늘,양도 많고 맛있게 잘 먹고갑니다!!
푸른하늘,뜨끈한 된장 국물까지~
푸른하늘,김밥이 크고 맛있어요!!!*^^*
푸른하늘,"경희대 앞에 위치한 푸른하늘입니다.키오스크로 주문하시면 번호표 나오고,반찬, 장국, 물, 수저는 셀프로 이용하시면 됩니다.음식 준비되면 번호 불러주시는데 그 때 받으러 가시면 돼요!사진 속 음식은 치즈라볶이(곱배기)에 김밥 두 줄(참치, 원조)인데...솔직히 여기는 맛집이다 아니다 가리는 건 의미가 없습니다...🙂‍↕️예전부터 그냥 생각나면 가고, 포장도 해서 먹고... 메뉴도 다 먹어본 것 같아요ㅋㅋ곱배기를 시켜도 가격 추가가 없고, 김밥도 항상 크고 꽉꽉 눌러 만들어주시고 항상 잘 먹고있어서 정말 감사할 뿐이에요!다 드시면 그릇은 반납하시면 됩니다!(저는 먹고나면 경희대 한 바퀴 자주 걷는데 진짜 좋아요☺️)"
푸른하늘,참치김밥 퀄리티 최고에요!
푸른하늘,굿
푸른하늘,양도 많고 저렴하고 맛있어요~~
푸른하늘,김밥이 너무 실하고 맛나요!!!참치김밥은 참치가 넘쳐나고!!치즈김밥도 너무 맛나네요!!늘 한줄씩 나눠먹는데 오늘은 둘다 3-4알씩 남기고 배부르다고 배를 두드렸네요~(그만큼 실하다는 말씀!_깔끔히 다먹고 나왔슴돠 ㅋ)
푸른하늘,달짝지근하고 살짝 매콤했던 떡볶이진짜 김밥이라 같이 먹으니깐 많이배불렀어요ㅜㅜ
푸른하늘,학교앞쫄면이먹고싶으면여기이름처럼푸른하늘로달려갑니다ㅋ양도많고면발도야채양도많아서기분좋아요김밥은포장
푸른하늘,밥이 약간 아쉬웠지만 맛있어요
푸른하늘,김밥 속 알차고 맛있어요
푸른하늘,항상 맛있고 든든합니다!
푸른하늘,오뎅탕 참치김밥 맛있어요.
푸른하늘,맛있어요~~~
푸른하늘,굿
푸른하늘,좋아요
푸른하늘,오늘은 포장했어요~~
푸른하늘,"라볶이 먹다가 볼 안쪽이 무언가에 긁히는 느낌이나서 보니 손가락 한마디 길이의 철수세미가  나왔습니다""환불해드리겠습니다""가 아닌 ""환불해드릴까요?"" 는 무슨 의미일까요?라볶이와 김밥을 시켰는데 라볶이만 환불을 해주시네요음식점에서 철수세미를 씹게 해놓고가게의 대응이 참... 어떻게 하면 음식에서 철수세미가 나올 수 있는건가요? 조리과정과 설거지에 문제 많아보입니다"
푸른하늘,양 푸짐하고 넘넘 맛있습니다 김밥이 매우!!!♡
푸른하늘,졸업하고 5년만에 왔는데ㅠㅠㅠㅠ여전히맛있어요
푸른하늘,둘이 먹었는데 넘 많이 시킨듯요 ㅎ맛나게 잘 먹었습니다. ~~
푸른하늘,굿
푸른하늘,좋아요!
푸른하늘,든든하게 먹기 좋아요!
푸른하늘,딱 옛날 분식 느낌으로 먹기 좋아요! 달작지근한 라볶이입니다!! 양도 많고 맛있어요 푸른하늘 기본 김밥도 알차고 맛있어요!
푸른하늘,늘 맛있어요~
푸른하늘,생각했던것보다.. 조금아쉬웠어요
푸른하늘,"김밥만 먹다가 라볶이도 시켜봤는데, 보이는 그대로 분식집 라볶이 맛입니다..! 양이 많아서 먹다가 김밥은 다시 포장해서 가져왔어요!ㅎㅎ김밥은 말뭐.. 넘 맛있구.. 자주 가는 맛집입니다👏"
푸른하늘,건강한…맛입니다
푸른하늘,"와 토종순대 진짜ㅠ너무 맛있어요,,같이 곁들여주시는 고추 들어간 된장?쌈장?이 있는데 미쳤어요,,,,회기 갈 때마다 갈거에요,,"
푸른하늘,참치김밥에 참치가 많이 들어있네요~그런데 계란 지단에 계란 껍질이 있어서 먹다가 좀 그랬네요ㅠ
푸른하늘,좋아요
푸른하늘,좋아요.
푸른하늘,급한 사람에겐 최고다.포장 주문하면 미리 싸놓은 시원한 김밥을 비닐봉투에 담아서 10초만에 받을 수 있음. 얼마나 빠른지 릴스 1개를 다 못봤다.
푸른하늘,"유명한 김밥집이라  한 번 가봄. 쫄면, 김치김밥  치즈김밥  먹었어요 양  많아서  둘이  다 못 먹었어요"
푸른하늘,김밥 알차고 맛있고 진짜 빨리 나와요! 👍🏻
푸른하늘,매운 거 좋아하고 잘 먹는데(불닭볶음면기준) 푸른하늘 기본 쌀떡볶이는 더 맵지만!!! 맛있다!!!
푸른하늘,좋아요
푸른하늘,좋아요!
푸른하늘,맛집이라고해서   와봤어요 옛날식맛!
푸른하늘,푸하는 야채김밥이 찐입니다... 야채 왕창 많이 들어있어요 향도 너무 좋고 최곱니다!!!!!!!!
푸른하늘,참치김밥은 무조건이라해서 시켯는데 참치양이 정말 많아요!치즈라볶이도 너무 많아서 쪼오끔 남겼어요학생들 입맛에 딱입니당~~!
푸른하늘,굿
푸른하늘,굿
푸른하늘,돈까스김밥 넘 마싯떠여
푸른하늘,김밥이 짱 크고 맛있어요
푸른하늘,.
푸른하늘,좋아요
푸른하늘,퇴근하면서 방문하였어요 ~가격도 저렴하고 양도 많아요~~
푸른하늘,참치김밥 2줄 시켰는데 참치 양이 진짜 많고 커요~!
푸른하늘,김밥과떡볶이는짝짝꿍ㅋ아주맛있어요양도많쿠요
푸른하늘,😄
푸른하늘,"어제 남자친구와 점심쯤에 다녀왔습니다~ 원래는 가볍게 배를채우기 위해서, 떡볶이만 먹으려고 했는데,  참치김밥이 맛있다고 하여 떡볶이와 같이 먹었습니다.  김밥 슉 마요네즈와 참치가  살짝 느끼해서 떡볶이 국물 이랑 같이 먹으면 느끼함을 덜어주더라구요. ~ 치즈 떡볶이는 치즈도 잘 늘어나고,  매콤함+ 달달함 맛이 좀 어울려져 있었던 것 같아요.^^ 경희대 근처라 인기가 많더라구요~~"
푸른하늘,굿
푸른하늘,굿
푸른하늘,김밥도 순대도 맛있는데 미나리에서 돌이 나왔어요치아 부셔지는줄ㅠㅠ세척에 더 신경 쓰셔야 겠어요
푸른하늘,김밥 가성비 좋어요
푸른하늘,김밥이 맛있고 가성비가 좋아서 종종 포장해요!직원들 분위기가 좋거나 친절하시진 않아요
푸른하늘,"학교 근처 맛있는 김밥, 쫄면 집입니다~~ 저렴하게 먹고 가기 좋아요 ^^"
푸른하늘,굿
푸른하늘,와우 맛집 검색하고 갔어요.역시 맛나네요.김밥 정말 착한 가격이네요떡볶이 매우면서 맛나요제가 맵질이여서 콧물 흘리며  맛있게  먹었네요ㅎ ㅎ번창하세요^^
푸른하늘,맛있어요
푸른하늘,대존맛 혜자김밥
푸른하늘,넘 푸짐하고 맛있어요!!
푸른하늘,"경희대 대표 분식집입니다!엄청 뚱뚱하고 재료 마니 들어있는 김밥으로 유명해요 라볶이는 곱빼기가 무료입니다 저렴한 가격에 많이 먹을수 있어서 아주 오랜기간 인기있는 집이고 고대랑 왕십리에 2호점,3호점도 생긴걸로 알고 있어요~~"
푸른하늘,제육김밥이. 맛있어요.
푸른하늘,맛있게 먹었어요
푸른하늘,참치김밥 한줄로 든든합니다
푸른하늘,좋아하는 국물떡볶이 스타일
푸른하늘,굿
푸른하늘,맛있어요
푸른하늘,맛있어요~
푸른하늘,역시 푸하~~
푸른하늘,쫄몀 맛잇어요
푸른하늘,반찬 셀프여서 좋구 김밥도 구성 알찹니다 ㅎㅎ경희대 최애 혼밥집❤️
푸른하늘,양도많고 맛있고 좋아요. 다음에는 라볶이 먹어보려구요.
푸른하늘,가성비가 좋아요~~
푸른하늘,좋아요
푸른하늘,"라볶이(곱빼기) 5,500원참치김밥 4,500원합계 10,000원처음에 키오스크로 돈까스김밥 주문했다가김밥싸시기 전에 부랴부랴 참치김밥으로 변경했네요그냥 라볶이랑 라볶이 곱배기랑 가격차이가 없습니다.라볶이 곱배기 양이 많으니 이거 하나만으로도 충분히 배부릅니다. 저야 대식가라 이거먹고도 김밥을 더 먹었지만 라볶이만 먹었어도 충분히 포만감 들었을 겁니다김밥은 크기가 숟가락보다 살짝 더 큰 굵기에요아쉬운점은 마요네즈가 참치와 비벼져있지않고 김밥 사이사이에 발라지는 식이라는점과마요네즈가 김밥 사이사이에 뿌리는 양이 균일하지 못한점은 아쉽습니다만그걸 커버할정도로 참치양이 많고 입안 한가득 들어가는 만족감이 장점입니다.이 정도 양이면 마요네즈 좀 부족하면 어떻습니까. 감사히 먹어야죠"
푸른하늘,역시 푸른하늘 참김 짱
푸른하늘,Good
푸른하늘,가성비 있게 분식먹기 좋습니다.
푸른하늘,양도 많고 맛있어요~잘 먹었습니다. ~~
푸른하늘,맛있어요
푸른하늘,좋아요
푸른하늘,굿
푸른하늘,맛있어요~
푸른하늘,쫄면 김밥 포장해서 먹었는데 맛났어요
푸른하늘,라볶이 양이 진짜 미친듯이 많아요⭐️⭐️참치김밥은 언제나 최고입니다😋😋😋❤️
푸른하늘,음식바로 나오고 돈까스 바삭해서 너무 좋았어요 ㅋㅋㅋㅋㅋㅋ 돈까스김밥 추천 👍
푸른하늘,좋아요
푸른하늘,늘 맛있어요 혼밥 할때 메뉴 선정 못하면 자주 가요
푸른하늘,참치김밥 굵어서 양이 많게 느껴졌구요 떡볶이 맛있게 잘 먹었어요~^^
푸른하늘,좋아요
푸른하늘,ㅎㅎ
푸른하늘,굿
푸른하늘,"치즈라볶이, 참치김밥 넘넘 맛있어요👍경희대 공연보기전에 들렸는데 역시 대학가앞이라서 양도 엄청많아요😊"
푸른하늘,굿
푸른하늘,좋아요
싸왓디타이,친절하시고 음식이 맛있어요 추천합니다!!
싸왓디타이,깔끔하고 맛있어요!!
싸왓디타이,양도 많고 맛있어요! 한국인 입맛에 딱입니다.
싸왓디타이,넘 맛있어요!
싸왓디타이,똠얌타래를 추천받고 먹어봤는데 똠얌꿍에 국수 넣은 맛! 해산물 맛이 많이 난대요 전 맛있었습니다~ 파인애플 볶음밥도 다양한 게 들어가고 푸짐했어요 뭔가 생각한 맛이 아니어서 더 좋았어요 여자 둘이서 배 터졌습니다!
싸왓디타이,음식도 빨리 나오고 맛있어요 매장도 넓어서 단체도 가능해요
싸왓디타이,태국의 참 맛을 느낄 수 있어서 좋았어요. 태국 현지 맛이에요. 다음에 또 올거에요. 양도 많이 주시고 친절하셔서 감사했어요. 리뷰로  모히또까지 주시고 잘 먹었습니다.
싸왓디타이,진짜 맛있어요...특히 꾸어이띠어우똠얌타래 진짜 핵맛.
싸왓디타이,맛있어요!!
싸왓디타이,똠얌 쌀국수가 최애 메뉴인데오늘은 밥 먹고 싶어서 파인애플 볶음밥 시켰어요.간 세지 않고 맛있어요.근데 똠얌 쌀국수가 아른거려요..담엔 여럿이 와서 다 시켜야겠어요.
싸왓디타이,잘 먹었어요 ~~~
싸왓디타이,회기 최고의 태국 음식점이에요!! 팟타이랑 똠양꿍 정말 맛있어요ㅎㅎ🥰
싸왓디타이,자주찾는곳인데 맛있습니다. 직원분도 친절하구요. 추천드려요
싸왓디타이,n번째 방문! 항상 맛있고 깔끔해서 좋아요 굳굳
싸왓디타이,태국에서 먹었던 맛이 나서 좋아요
싸왓디타이,태국에서 먹었던 똠얌국수 맛이랑 비슷한데 더 진해요!뿌님팟퐁커리는 역시..맛있어요!분위기도 좋고 창가자리 뷰는 틔여있어서 시원하고 좋아요!
싸왓디타이,맛있고 친절하십니다!
싸왓디타이,맛있어요. 추천합니다!
싸왓디타이,뿌님팟프릭퍼는 처음 먹어봤는데 넘 맛있어요 😋모든 메뉴 다 먹어보고 싶어요..
싸왓디타이,경희대병원 근처 맛집!매장 2층 통창이라 환하고 쾌적해요.음식도 기본에 충실한 맛입니다. 깔끔해요✨✨
싸왓디타이,주변에 태국 식당이 별로 없는데 맛있는 곳 찾았네요^^ 메뉴들 다 맛있네요!
싸왓디타이,스폰지밥 파인애플 집맛있었어요 뜨거운 파인애플과 볶음밥.모닝글로리는 매콤한게 맛있었어요!
싸왓디타이,맛잇어요!
싸왓디타이,맛있어요
싸왓디타이,얌운센과 똠양꿍을 시켰는데 정말 맛있었어요!! 둘 다 매운걸 시켜서 입에 불이나서 혼났지만 ㅋㅋㅋ 그럼에도 손이 계속 가는 마성의 맛!! 결국 다 먹어버렸네요♡
싸왓디타이,맛있습니당!!!
싸왓디타이,배달 매장이용 다 이용하는데 항상 맛있어요최애 메뉴는 똠얌꿍이고 현지에서 먹는거 같아요
싸왓디타이,음식 맛있습니다~~ ! 양도 많고 여럿이 오기 좋아요~~~
싸왓디타이,자주 먹는데 먹을때마다 넘 맛있어용여러가지 먹어봤는데 다 맛있어요~~
싸왓디타이,부모님이랑 맛있는 식사하러 왔어요음식도 너무 맛있고 직원분도 친절하셔서 즐거운 식사 하고갑니다👍
싸왓디타이,사장님께서 넘 친절하시고 음식도 되게 빨리 나와요!똠양꿍 쌀국수 선호하지는 않는데 맛있어서 놀랐습니다...🥰
싸왓디타이,튀김도 너무 바삭라고 쌀국수 국물도 너무 찐하고 맛있어요!!
싸왓디타이,정말 정말 맛있고 괜찮은 집이에요. 10분 거리에 사는데 최소 한달에 한번 이상 오는 단골입니다. 가성비 좋고 양 많고 맛도 좋아요.
싸왓디타이,맛있게 잘먹었습니다!!
싸왓디타이,누와 여자친구가 퇴근 후 팟타이가 먹고싶다고 노래를 불러서 지나가다 보고 들렸는데 너무너뮤 맛있어요!!!ㅎㅎㅎ 나시고랭도 맛있어요 다음에도 또 올게요!ㅎㅎㅎ
싸왓디타이,쌀국수 양도 진짜 많고 너무 맛있습니다ㅠㅠ🥹🥹팟타이 새우도 땅콩이 들어가서 독특하게 맛있어요ㅠㅠ 태국 노래도 계속 나와서 태국 현지 음식 즐기기에 최고입니당 !☺️☺️
싸왓디타이,언제 와도 맛있게 태국 음식을 맛볼 수 있어요!브레이크 타임도 없어서 정말 편하게 올 수 있어요뿌팟퐁커리 꼭 드셔보세요
싸왓디타이,태국음식 처음 먹어봤는데 주문한 음식들 모두 입에 잘 맞고 되게 맛있었어요!! 매장도 청결하고 사장님도 친절하십니다!
싸왓디타이,친절하시고 맛도 좋아요 ! 또 갈거에용!!
싸왓디타이,배달로도 자주 이용하는 곳이에요 항상 맛있어요
싸왓디타이,맛도 좋고 신선해요. 빠르게나오고 직원분도 매우친절해요.
싸왓디타이,크리스마스날 가족들과 방문하였습니다!! 직원분들 너무 친절하시고 음식도 맛잇어요! 4명에서 B세트 시켰는데 양도많고 빨리나와서 너무 좋앗어요!
싸왓디타이,음식도 맛있고 양도 많네요. 다음번에도 가족들과 같이 오려구요
싸왓디타이,양도 많고 맛있어요~
싸왓디타이,좋아요
싸왓디타이,"음식이 엄청 깔끔하게 나오고,밥도 넉넉히 주세요!식사메뉴보다 큰걸 주문하긴했지만요 ㅋㅋ여튼 넘넘 맛있었어요"
싸왓디타이,매장이넓어서 편안한분위기에서 식사가 가능하고 태국의맛을 그대로 느낄수있어요
싸왓디타이,두번째 방문이에요!! 너무 맛있어서 태국 음식에 빠졌어요ㅠㅜ
싸왓디타이,아이스크림까지 야무지게 맛있었습니다!!!
싸왓디타이,여기 맛있어요!!쏨땀은 안에 암살자처럼 고추가 숨어있어서맵찔이인 저는 놀랐지만..고추빼고 먹으니 짱맛탱!!!!팟씨유  첨 먹어보는데 완전 제스탈이에유양도 많고 강추합니다🥰
싸왓디타이,진짜 회기의 보석...🫶🏻없어지지마..제발 꼭 여기 오래오래있어줘
싸왓디타이,태국 현지맛에 진짜 가까운것 같아요 ㅋㅋ 얼마전 여행 다녀오고 생각나서 찾아왔는데 대만족이에요>_<
싸왓디타이,타이음식 먹고싶을 때 늘 오는 곳이에요~음식도 맛있고 음료도 맛있어요! 똠양꿍은 좀 쎄지만 금방 익숙해지고 새우며 재료들이 엄창 신선합니다! 양도 많아요
싸왓디타이,맛있어요..음식도 빨리나오고 친절하세요^^ 데이트겸 나왔는데 너무 만족해요
싸왓디타이,볶음밥 먹고싶어서 왔는데 맛있어요! 혼밥하기도 좋아요!
싸왓디타이,똠얌타래 먹고싶어서 방문했어요!배고팠는데 음식이 빨리 나와서 좋았습니다. 재재재방문이에요ㅎ
싸왓디타이,깔끔하고 맛있어요살짝 달긴하네요^^
싸왓디타이,양이 진-짜 많아요쌀국수 양이 특히 많아요먹으면서 태국 여행 계획도 짰어요팟씨유 진짜. 맛있어요:
싸왓디타이,국물이 정말 진하고 맛있어요!!!
싸왓디타이,풋팟퐁커리랑 똠양꿈 넘 맛잇네요!!! 똠양꿈 처음 먹어보는데 맛잇엇어요 근데 좀 매웠습니다ㅠㅠㅠㅠ 특히 풋팟퐁커리 강추입니다!!!!
싸왓디타이,맛있어용 지인이랑 오기 좋습니다^^
싸왓디타이,진짜 맛있어요!!! 똠양꿍도 나시고랭도 푸팟퐁커리도 존맛~~! 직원분도 친절하세요!
싸왓디타이,직원분들이 친절하시고 똠얌꿍 쌀국수가 특히 맛있었어요! 양도 많아서 둘이 가서 좀 남기고 왔어요 다음에 오면 다른 메뉴도 다 먹어보고 싶어요 ㅎㅎ!
싸왓디타이,너무 맛있어요.... 회기의 축복.. 음식이 하니하나 정성스럽고 맛있어요 감사합니다~!!!
싸왓디타이,깔끔하고 맛있어서 혼자오기도 제격입니당
싸왓디타이,진짜 맛있어요 꼭 먹어보세요
싸왓디타이,음식이 진짜 다 양도많고 맛있어요! 모닝글로리 이거 진짜 최고b
싸왓디타이,남자친구랑 왓어용 넘 맛잇어요 ㅎㅎ
싸왓디타이,메뉴가 양이 많고 맛있어요.직원분께서 친절하시고 모르는거 여쭤봤을때 상냥하게 알려주셔서 감사했습니다^^데이트 장소나 학교 공강중에 오기에도 좋아요~
싸왓디타이,맛있게 먹었습니다! 모닝글로리 파는곳이 잘 없어서 아쉬웠는데 여기서 이렇게 팔아주셔서 감사합니당 ~ 팟타이도 너무 맛있어요🤤
싸왓디타이,곳
싸왓디타이,매장도 넓고 음식도 넘 맛있어요🥹🥺가성비 짱입니다!!
싸왓디타이,공심채볶음이랑 뿌팟퐁카리시켰는데대박 맛있어요 양이 많았는데 순식간에 다 먹을정도잘 먹구 갑니다 담에 또올듯
싸왓디타이,와서 두 번 먹어봤는데 공심채를 제일 좋아해요. 정말 맛있어요! ! 식당의 종업원은 매우 친절하고 서비스 태도가 매우 좋습니다!
싸왓디타이,음식 깔끔하고 너무 맛있어요!
싸왓디타이,처음 왔는데 너무 맛있네요!!!!!! 재방문 의사 있음
싸왓디타이,근처라 와봤는데 맛있고 저렴해요~ 다음에 또 올거같아요~
싸왓디타이,현지맛이 그리워서 방문했는데 맛있어요 고추는 조금 덜고 먹어도 될것같아요
싸왓디타이,태국 현지맛으로 메뉴 다 너무 맛있었어요
싸왓디타이,두번째 방문이고요. 아이는 쌀국수 잘 먹어요. 팟타이 꿍은 무난히 맛있고. 떰양꿍은 오늘 처음먹었는데 괜찮네요:)
싸왓디타이,처음왔는데 너무 맛있고 종류도 다양해요!!
싸왓디타이,"자주 가는 곳이에요!!! 양도 많고 재료가 신선한게 느껴집니다,,, 새우완자튀김 탱글탱글 맛있고 똠얌타래 처음 먹어봤는데 보들보들 맛있어요!!!!!!! (팟타이, 라드나도 맛있어요!!)"
싸왓디타이,"첫 방문이예요! 우선 팟씨유가 있는 타이음식점이 잘 없는데, 싸왓디타이에눈 팟씨유가 있어서 기쁘게 주문했어요.완전완전 맛있습니다… 고소하고 간장맛이나는 팟씨유. 강추 꼭 드셔보세요! 똠양꿍누들도 크리미한 코코넛맛과 레몬베이스.. 오늘처럼 쌀쌀한 날씨에 딱이예요!그리고 텃만꿍도 바삭하고 쫀득하니 맛있었어요! 양도 진짜 많아서 엄청 배부르게 먹었습니다 :) 강추.. 다음에 또 오려구요"
싸왓디타이,음식이 맛있고 푸짐해요. 사장님도 친절하세요
싸왓디타이,양도 너무 많고 맛있어용!!! 양 진짜 짱많음!!
싸왓디타이,"태국음식 좋아하는 친구랑 n번째 왔어용,,넘 맛있어유ㅠㅠ"
싸왓디타이,오늘도 맛있게 먹고 갑니다!! 맛이 되게 현지에있는 것 같구 너무 좋아요~~
싸왓디타이,맛있어요 !
싸왓디타이,맛있어서 자주 와용!!
싸왓디타이,아기의자 있어서 아기랑 같이 식사하기 좋았어요!팟타이도 똠양국수도 맛있었어요!!
싸왓디타이,"저 태국음식 처음 먹어보거든요?? 인기있는 메뉴로 시켰는데 주변에서 호불호 갈린다고 해서 걱정도 되구, 배도 많이 부른상태였는데 진짜 맛있네요..!!! 와 태국 여행 가보고싶네요!"
싸왓디타이,여자친구가 태국음식 마니아인데 5점만점에 4.7로 굉장히 높은 점수를 부여했습니다!! 메뉴도 많고 음식 양도 굉장히 많아서 나눠먹으면서 배불리 먹었어요!! 자주 올 듯 합니다 ㅎㅎ
싸왓디타이,너무 맛있어요!! 가까이 살면 자주 올 것 같아요ㅠㅠㅠ
싸왓디타이,태국 음식 팟타이 먹고싶어서 왔는데 정말 맛있어요 매장도 넓고 깔끔하네요!
싸왓디타이,음식도 빨리나오고 너무 좋아요!
싸왓디타이,나시고랭 맛있습니다.
싸왓디타이,맛있어요!!
싸왓디타이,재료가 신선하고  쌀국수 국뮬이 깔끔합니다. 숙주를 넉넉히 주셔서 잘먹었습니다~~
싸왓디타이,지난 번 쌀국수에 반해서 팟타이도 시켰어요.친절해서 더더 좋아요
싸왓디타이,국물이 너무 맛있어요!!!
