가게명,Review
청량회관 시립대,들어오면 일본에 온 것 같은 느낌의 분위기입니다.참치아마에비 세트를 시켰고 참치가 해동이 잘 되어 찬기가 없습니다. 참치가 기름지고 살맛이 좋습니다. 단새우는 달달하고 녹진하니 맛있습니다. 머리 모아서 튀겨달라고 하면 튀겨주십니다. 고소하니 맛있습니다. 바지락술찜도 시켜서 먹고 먹다가 파스타사리 또는 칼국수사리를 추가해서 먹을 수 있는데 개인적으로는 파스타사리가 더 맛있었습니다. 면을 알덴테로 잘 해주셔서 마음에 들었습니다.계절메뉴 시마아지도 재방문 때 먹어보았는데 이곳은 참치가 참 맛있는 것 같습니다.특별한 날 오기 좋은 것 같습니다.
청량회관 시립대,청량리 일티어 넘사 참치에 파스타 동해 적심 지긴다 시아마지까지 사이코쟈네
청량회관 시립대,다 맛있넴 대가리도 튀겨주고 특히 파스타 굿굿
청량회관 시립대,청량리 구석 이불집때부터 다녔는데 모든 안주와 술이 정말 낮은 가격에 최고의 맛과 서비스. 진짜 미쳐요. 청량회관 가면 무조건 참치랑 유자하이볼 주문해요. 그치만 다른 안주와 술 말모. 맛도리임. 진짜 시립대 하면 청량회관 만 떠올라요. 인스타 게시글 올리면 가끔 사장님이 오셔서 댓글도 남겨주세요 ! 진짜 센스쟁이 사장님 ! 진짜 너무 직원분들도 사장님도 친절하신데 맛도 있으니까 계속 가고싶은 곳 
청량회관 시립대,사장님도 직원분들도 너무너무 친절하고 식당 분위기 넘 좋고 음식들 하나같이 재료 싱싱하고 개존맛이고 정말 최고.. 저희가 돼지같이 많이 잘 먹어서 서비스까지 주셨어요 감동
청량회관 시립대,이시대최고의이자카야
청량회관 시립대,최고입니다 진짜 맨날 가고 싶을 정도로 맛있어요
청량회관 시립대,번창하세요 ... 모둠튀김 꼬옥 드셔보시길 ... 버섯튀김이 끝내줍니다 굴튀김은 말해뭐해 .. ! 사장님 너무 친절하고 좋아요 ...
청량회관 시립대,기분 좋게 모임하기 좋은 분위기 있는 곳!
청량회관 시립대,기대없이 갔는데 안주 하나하나 다 맛있어서 놀랐던 곳
청량회관 시립대,맛있긴 한데 너무 비쌈 처음 접해보는 분위기의 술집
청량회관 시립대,특별한 날에 분위기 내기 좋아요!예약 필수..!!!
청량회관 시립대,참치와 파스타를 좋아하신다면 고민은 사치.
청량회관 시립대,메뉴 다 맛있고 사장님이 친절하세요!!!주변사람들한테 추천하고 싶은집
청량회관 시립대,참치 맛이 죽여쥬요 오징어파스타 안먹으면 유죄!!!! 제발 먹어줘!!!!
청량회관 시립대,친구랑 좋은 시간 보내고 왔네요.
청량회관 시립대,분위기가 아주 유니크한 곳! 사장님도 친절하고 회 맛도 좋았습니다
청량회관 시립대,주의참치에서 감동적인 맛이 남바지락술국도 어제 과음한 사람의 속을 풀어주는 따스한 맛이 나는데 참치의 맛 식감 어느 하나 빠지지 않는 감동적인 맛이 남특이점사장님 힙잘알임 가게서 노래나올때 울컥했음
청량회관 시립대,존맛탱... 참치가 이렇게 맛있을 수 있다...?
청량회관 시립대,분위기있게 소주한잔하고싶을때가면 좋을곳하지만 예약하는게 좋아요
청량회관 시립대,친절하시고 맛좋은데 시끄럽고 자리가 협소한게 아쉬움
청량회관 시립대,사장님 친절해요!!!!예약후 직접확인전화도주시고약간 가격대가있는데맛이 그만큼 더 합니다
청량회관 시립대,예약하기 힘들지만 가끔 가기 좋음원탁 자리 앉고싶은데 좁은 자리 걸려서 슬픔
청량회관 시립대,참치회 진짜 맛있었어요
청량회관 시립대,가격 보소 에혀
청량회관 시립대,소주 4000원이고 병당 15000원에 콜키지 되는게 제일 큰 장점이고요! 단새우랑 참치가 유명한 것 같은데 그거보다는 요리류가 더 맛있었습니다! 파스타랑 스튜 정말 맛있었어요! 음식 나오는 속도가 좀 더디긴한데 전 오히려 좋았어요 사장님도 엄청 친절하신 편이구요 예약제라 싫다는 분 계시는데 오히려 예약 안 받고 워크인으로 웨이팅 하는 것 보다 훨씬 좋은 제도라고 생각해요 재방문 의사 있습니다
청량회관 시립대,좋아요
청량회관 시립대,오자마자 예약했냐 물어봄 예약 안하면 못감 귀찮아서 안갈듯환풍시설 없어서 냄새 안빠짐 숨막힘이것도 인스타감성인가일단 개쫍고 음식이 대체로 너무 비쌈구라같으면 가보삼선택은 본인이
청량회관 시립대,진짜맛나요
청량회관 시립대,가지마세여 제가 가야됩니다.. 참치 단새우 굿
청량회관 시립대,그만좀 오세요 나 좀 가게!!
신락원 시립대,더워 죽겠는데 에어컨도 안틀어 주시네요탕수육은 너무 커서 딱딱해서 먹을때 불편함짜장은 그냥그냥짬뽕은 특별한 맛은 안납니다백년가게 치고 엄청난 맛은 아닙니다 자극적인 짬뽕 생기면 좋겠네요
신락원 시립대,탕수육 고기 잡내 없이 맛 좋아요!다만 짬뽕이 예전만 못한 느낌?..
신락원 시립대,탕수육과 짜장면을 주문하였고 거의 바로 나왔습니다 즉 탕수육은 미리 만들어두고 소스만 데워서 나오는것 같습니다 덕분에 탕수육이 딱딱하네요 튀김옷 잘해놓고 탕수육을 미리 만들어 파는 곳에 굳이 찾아갈 이유는 없습니다 짜장면은 여타 짜장면과 비슷합니다
신락원 시립대,식재료 해산물을 풍성하게 넣어 유산슬과삼선우동 짬뽕 짜장면도 시원하고 맛이 좋아요.백년가게 노포음식점. 좋아요.
신락원 시립대,사진을 찍진 않았지만 동네 주민이면 인정하는 노포맛집찾아가서만 먹을 수 있단 점에서도 맛은 확실합니다
신락원 시립대,중국 음식 좋아해서 유명판 중식당 찾아가는 편인데 여기 정말 최애입니다. 집 근처라 자주 가고 이사가고 싶지 않을 정도예요! 인당 3만원대 코스요리 추천드립니다!
신락원 시립대,2024년 1월13일 방문해서 탕수육 먹었습니다비린네가 진동을 하길래 가위달라고 해서 탕수육 단면을 잘라보니 핏물이 뻘겋게 선명할정도로 안익은걸 대충 소스에 버무려 내주었더군요 .사진 올립니다
신락원 시립대,다맜있어요.
신락원 시립대,개인취향이지만 여기 짬뽕을 가장 좋아합니다. 주차장이 없어서 만점은 못드립니다. 새로 주문해본 게살스프는 보통이네요. 매번 친절하고 맛난 음식에 고맙습니다.
신락원 시립대,미친 짬뽕맛집 짜장보다 짬뽕이 더 맛있는듯 23년 외곬 짜장길만 걸어왔는데 여기가면 무조건 짬뽕시킴
신락원 시립대,요즘 중국집은 여기만 갑니다 
신락원 시립대,좋아하던 곳인데 아쉽네요.523일 코스요리 먹었습니다.게살호박스프에 소금을 안 넣으셨더군요.전분이 안들어가는 스프인지 모르겠지만 전분도 없더군요.가장 기대했던 탕수육에는 고기에 밑간이 안되어 있었어요. 여러모로 아쉬웠어요.
신락원 시립대,짜장면은 맛있는데 짬뽕이너무 별로라서 2점 뺄게요
신락원 시립대,재방문 의사 있습니다평점은 요리는 4.8점5점만점식사는 4점친절도는 4점식당환경 3.5점가격은 좀 나가는 편입니다특히 중새우 요리는 5점만점입니다유니짜장 7천원4점좋았습니다삼선짬뽕1만원3점은 내용물 고명은 훌륭했으나특징이 없었고저는 그런데 와이프는유니짜장보다 삼선짬뽕이 더 좋다고하네요요리로 중새우 대 4만원12개강추입니다훌륭합니다새우 크기도 튼실하고 신선했으며튀김옷과 튀김정도 소스 맛정말 짱입니다탕수육도대 2만8천원4.3점 좋았어요볶먹 스타일로나왔는데 클라스가 다름을 느꼈습니다저는 개인적으론 찍먹스타일인데신락원 스타일의 탕수육은 찍먹 안된답니다몇년 전 양꼬치집에서 꿔바오루 찍먹으로 달라고 하니 안된다고 하여 이상하다 했는데이젠 이해가 됩니다요리 2개 먹어봤는데 품격이 느껴졌습니다가족위주인것같은 서빙 직원분들도카운터포함 4명이나 되어 친절했고불편한 점 없었습니다단지 음식주문이 밀리다보니 요리와 식사가같이 나와요리 좀 먹은 후 식사가 나왔으면. 좋겠지요 면이 불을까봐 서둘러 먹어 아싑네요요리 몇 개 드실 분들은 식사는 나중에 별도로주문하시길 권해드립니다휴일 저녁시간에 방문해보니 손님들도 거의다자녀 혹은 부모님을 동반한 가족위주 식사라지역밀착형 식당으로 보기에도 참 좋았습니다
신락원 시립대,최고의 중국집이다인생맛집이에요
신락원 시립대,이곳은 주차 전혀안됨동네 근처도 주차할곳 없음삼선짜장은 짜장소스를 오래 해놓은건지 맛이 짜고 쓴맛이그리고 왜케 매워청양 고추인지 고추를 한 바가지 썰어넣고이래놓고 3대 중식당이라고 홍보만 하는건지
신락원 시립대,서비스 응대에 관한 불만이 많으신것 같은데...불편함 없이 오히려 필요한 요청에 나이스하게 응해주셨어요주로 주말 저녁에 방문해서 불편함을 느끼게 해준 분이랑 제가 만나지 못했을 수도 있겠네요음식으로 넘어가서중화요리가 가볍고 맛이 깊어요방문때 마다 음식 컨디션이 바뀌지 않는다? 그정도면 충분하다고 생각합니다개인적으로 참 좋은 식당이며 자주 방문할 의사가 있어요
신락원 시립대,몇번갈때마다 실망감을주는 맛과 삼합회같이 행동하는 무서운분..몸에 금덩어리만 주렁주렁 달고다니지마시고거울보고 웃는 연습좀하세요!! 건들건들거드름그만피시고..덕분에 손님들 데리고갔다 망신만당했내요..
신락원 시립대,짜장면 별로탕수육 좋음재방문의사 굳이?
신락원 시립대,유명하다고 해서 갔는데 대기가 있었고 직원이 밖에서 기다리면 부른다 했는데 알고보니 저희보다 늦게 온 사람이 막 들어가서 식사하더라구요 번호표도 없고 체계가 없더라구요. 그리고 음식에머리락이 나왔습니다. 진짜 그때는 이맛이 뚝떨어지더라구요. 젊은 직원분은 미안하다는 말씀을 하시는데 나이많은 분은 계산하면서도 무표정으로 머리카락있는 짬뽕 빼고 대체된 짬뽕 계산하시는 모습보고 미안한 표정이라도 짓던지...진짜 이런 곳이 어떻게 유명하고 오랫동안 가게를 유지했는지 의아할뿐이네요. 다시는 안갈 것 같아요.
신락원 시립대,전농동 유명한 중국집 오늘은 흑후추안심과 식사 메뉴를 머금 후식으로 주는 푸딩도 이집만의 특별함 또머꼬싶따
신락원 시립대,가격대가 조오금 비싸나 탕수육 맛있음삼선짬뽕 특이하니까 드셔보세요
신락원 시립대,탕수육이 넘나 맛있는 곳이에요!전 찍먹파이지만 이곳은 볶아서 나와서 인지 소스 묻혀나와도 넘나 맛있습니다.식어도 바삭바삭한 탕수육!!!겨울에 별미인 굴짬뽕!정식 코스 또한 가성비 최고입니다!
신락원 시립대,이집은 탕수육이 최고네요 소스에 버무려 나오는데도 바삭바삭 볶음밥은 돼지고기 볶음밥인데 좀 느끼하구요 짬뽕은 저는 맵찔이라 단백하니 좋았는데 매콤한거 좋아하시는 분은 호불호 갈릴듯 합니다. 손님이 많아 웨이팅은 해야하고 주변주차는 불가합니다.
신락원 시립대,전농동에서 먹을 수 있는 최고의 탕수육
신락원 시립대,유니짜장이 맛있었고 가성비도 좋음...하지만 신락면이 너무 별루였다.사천탕수육은 무난...유니짜장 먹기위해 재방문 의사 있음
신락원 시립대,불친절 끝판왕 3살 아이였는데 어린이용 의자 달라고 하니 짜증난 표정으로 무성의하게 던지듯 갖다 주고 메뉴 주문시 틱틱거리며어디든 식당가면 어린이용 수저나 포크 주는데 이집은 성인용 젓가락을 귀찮은듯 갖다줌 손님 많다고 거만해 진듯.
신락원 시립대,튀김요리가 훌륭해요
신락원 시립대,지인 소개로 종종 오는데...오늘 손님이 많아서 인지 몰라도..유니짜장의 임팩트 맛은 사라지고면은 불고 맛은 면에 안배고 싱겁..대충 썰은 양파와 춘장 볶아둔 짜장에간 고기 만 따로 볶은 느낌...그냥 동네 짜장면 집 시키는 맛?바쁠때 안오는게 낳으려나...그만 오는게 나으려나...맛집이라는게 참 유지하는게 쉽지 않다지만..이럴때마다 씁쓸하다...
신락원 시립대,근방에 드문 중식 맛집
신락원 시립대,맛은 그렇다치고 너무불친절함
신락원 시립대,전농동 동대문구탕수육중 신락면 삼선짬뽕 33000원 결제했어요.탕수육 소스는 달달하고 튀김옷은 쫀쫀. 속에 고기는 두툼하니 맛있어요! 달달하고 쫀쫀하면서 부드러운 부먹 탕수육 좋아하신다면 강력추천!신락면은 해삼 버섯 죽순 새우 오징어가 들어있고 짬뽕국물 비주얼에 국물은 좀 적고 전분으로 걸죽한? 여튼 저는 좋았습니다. 새우가 탱글탱글하니 아주 신선해요.재료가 좋아서 다른 요리도 기대된다고 지인이 말하네요. 
신락원 시립대,짬뽕 국물맛이 좀 특이하긴 한데 카운터에 있는 덩치 큰 어쩌면 머리가 좀 모자란듯한 남자의 퉁명스럽고 뻣뻣한 자세가 기분 나쁘게 만들어 분위기를 망친다.이 중국 남자만 없다면 모든게 무난하단 생각.
신락원 시립대,후식으로 주는 두유 단호박 푸딩 넘 맛있어요. 이 푸딩은 정말 별다섯개
신락원 시립대,삼선짬뽕밥 불맛이 아닌 라면스프맛이 강하고 기름기가 있어 느끼함 내용물은 아무리 휘저어봐도 9천원대는 아닌거같음
신락원 시립대,밥먹고 싶어서 시킨 볶음밥만으로 내공을 느낌.
신락원 시립대,동네 중식집치고 음식보 분위기도 좋아요
신락원 시립대,깔끔한 맛 탕수육이 쫄깃하여 좋았다
신락원 시립대,근방 최고 중식당
신락원 시립대,최애 중국집
신락원 시립대,맛과 청결 정통의 분위기
신락원 시립대,면류는 건강한 맛 같이 맛없었음칠리새우는 바다의 짠맛이 고여있음. 양념이 짜다는 게 아니라 새우에서 바닷물 맛이 남이거는 새우 손질 잘하면 맛있을거라고 생각됨이 곳 메인요리는 탕수육임바삭한 게 맛있음소스는 유자청을 사다가 그냥 부은 거 같은 맛임소스가 좀 덜했다면 물리진 않았을 거임친절함은 없다고 보는게 맞음가격은 비싸지만 퀄이 생각보다 괜찮음면류 말고 다른 요리는 가격 괜찮다고 생각하는데면류는 비싸다고 느낌
신락원 시립대,짜장은 보통 탕수육은 듣던대로 훌륭합니다.튀김옷이 얇고 바삭한게 참 독특했어요.속에든 고기가 싱싱했습니다.탕수육의 가격에 비해서 양은 모자란 느낌이지만만족스럽게 먹었습니다.
신락원 시립대,저렴하고 맛도 보통
신락원 시립대,칭찬리뷰글들 평점 절대절대 믿지 마세요! 탕슉맛 깔끔하다는분 화납니다!!!!!! 뭔입맛이 초딩인감? 맛탕비슷첫맛만 쫌 특이?하다가 먹을수록 찐득끈적달큰 물엿을 뿌먹하는 기분윽느끼찐덕달큰초딩이 좋아할맛 임.특히 고기양 너무 적음!! 인색하십니다 고기좀 쪼메 더 쓰시징유니짜장 맛있단분? 진심아니죠? 평균이하맛울동네 옛날짜장집게 훨맛남!게살볶음밥은 말할것도 읎음 후식인 푸딩 맛있다는분? 아 증말 때려주고 싶다능리뷰님들 가족 아님 알바님들이시죠? 우쒸
신락원 시립대,쥔장분이 중국분 맛은 좋은데 다른 중국집보다 쬐금 가격이 쎕니다
신락원 시립대,주말이라 혼밥말고 여러명이 맛봐야하는 메뉴를 먹고자 인터넷인지 망플에선지 봤던 사진속의 탕수육 색깔이 범상치 않았었던 신락원과 그 주변의 영화원이란 중식집 두군데중 어디를 갈까하다 좀 더 실패확률이 낮아보이는 뭔가 가게이름이 영화제목같은 신락원으로 향함. 오전만해도 빗방울이 내려서 비위가 약해진 상태여서 이런때는 가게분위기가 지저분하다던지 탕수육에서 잡내가 나면 큰일이라 망설였으나 금방 날이 개서 다행이었음.가게앞에는 차가 한대 주차되어 있어서 좀 더 골목으로 들어가 알아서 주차를 한 후 가게로 향함.가게는 지은지 오래되지 않아보이는 아담한 편으로 내부도 오래되서 지저분하다던지 하지 전혀 않았음.가게안으로 들어가자 밝은 미소로 안내를 하시는 주인아주머님이 맞아주심. 탕수육이 유명한건 대강 알고는 왔지만 자세히 공부하고 온건 아니어서 뭐가 유명한지 여쭤보니 탕수육류랑 중새우요리류 깐풍기등과 유니자장면 신락면을 말씀하심.탕수육 대자를 시키고 싶었지만 언제 다시올까해서 온김에 이것저것 맛보고 싶기도 하고 나중에 화교신걸 알았지만 전혀 화교인걸 눈치챌 수 없게 유창하게 한국말을 하시는 주인아주머님이 중자도 충분할거라고 하셔서 탕수육 중자랑 유니자장면 곱배기 신락면 새우볶음밥 곱배기를 주문함.따뜻한 차를 따르고 조금 기다리니 탕수육이 먼저 나왔는데 보는 순간 어버버하면서 말이 막혔음. 어 어 어 이건! 이런 느낌.. 심장이 나도 몰래 갑자기 쿵쾅쿵쾅 뛰면서 진정이 않됨. 한눈에 봐도 범상치 않은 포스가 느껴지면서 짝퉁이 아닌 진품인게 눈을 통해 몸으로 전달됨.젓가락으로 조심스럽게 들고 한입 베어무니 튀김옷은 뭔가 꽉찬 밀도가 아닌 찹쌀튀김옷의 쫄깃하면서도 공갈빵처럼 튀김옷안이 적당히 비어있어서 바사삭 부서지면서 안의 돼지고기가 마중을 나오는데 잡내가 하나도 나지않아서 0.001초만에 분석한 뇌가 겁낼필요없이 꽉 베어물라고 이에 명령을 내림. 고기도 잡내없이 부드럽고 튀김옷도 바사삭 공기층이 많이 있는 오랜만에 맛보는 오리지널 탕수육이었음.최근에 논현동의 홍명에서 탕수육을 먹으면서 느낌에 홍명 스타일의 탕수육을 만드는 중식당에서 배운 여러 제자들이 홍명을 비롯해서 도처에서 중식당을 오픈한건지 먹으면서도 오리지널의 느낌이 아니라 카피한 느낌이 들었었는데 심장이 더 빨리 뛰기 시작함.곧 주문한 식사류들도 나왔는데 유니자장면은 너무 달거나 캐러멜이 많이 들어가거나 점도가 높거나 하지않고 은은한 맛이었고 원래 짜장면이나 짬뽕을 그리 좋아하거나 하진 않는데 대표식사인것 같아 주문한 신락면은 맛을 보니 설명된대로 적당히 매콤하면서 조미료나 그런게 안들어간건지 덜들어간건지 무겁지 않고 뒷맛도 깨끗한 해물이 비교적 넉넉히 들어간 볶음짬뽕 비슷한 맛이었음. 새우볶음밥은 그 중에선 제일 특징이 없는 그렇게 불맛나게 고슬고슬하게 볶아지거나 하지 않고 살짝 심심했음.무엇보다 탕수육을 맛보고 심장이 막 뛰는 상태여서 식사가 코로 들어가는지 입으로 들어가는지 모르는 상태였어서 정확하진 않음.식사후에는 디저트로 단호박푸딩을 내어주셨는데 푸딩맛은 아주 연한 두유맛으로 그릇 바닥에 단호박퓨레같은게 조금 있었음.탕수육을 소스까지 숟가락으로 싹싹 긁어 먹은 후 가게 내부를 둘러보며 한국관광협회인가에서 인정한 인증서같은걸 찍고 있으니 주인아주머님이 가게에 들어오자마자 우측벽에 걸려있는 중국 세계중식요리경연대회에서 수상하신 금메달 사진과 세계중식협회같은데서 정식으로 인정한 인증서를 가르키시면서 저거 사진 찍었냐고 저게 훨씬 더 중요한거라고 하시길래 사진을 찍음. 사진을 열심히 찍으니 주인아주머님께서 센베이도 주셨음.너무 오랜만에 어버버버하게 만든 탕수육을 만나서 기뻤고 동대문구는 최근에 즐거운맛돈까스와 콘반때문에 두세번 와본걸 제외하곤 태어나서 별로 와본적이 없어서 외국보다 낯선 느낌이었는데 가게를 나올땐 앞으로 동대문구를 자주 오게 될 것 같은 예감이 들었음.
신락원 시립대,깔끔한맛이네요 탕수육 튀김이 특이하네요 아주 바삭한데 부드럽습니다
신락원 시립대,국물이 괜찮다. 후식으로 푸딩 나오는데 그것도 맛있다. 재방문 의향 있음.
신락원 시립대,전농동에 와서 짱께집 어디 갈지 모르겠다면 닥치고 신락원!
신락원 시립대,볶음밥 맛있게 잘 먹었습니다
은하곱창 시립대,쫄깃한 곱창과 소스가 최고입니다 주인이 친절하고 서비스가 좋습니다. 자주 가고 싶은 전농동 명소입니다.
은하곱창 시립대,걍 최고에요!!! 당면 야채도 듬뿍 대박 
은하곱창 시립대,너무 맛이 변했음...
은하곱창 시립대,양 많고 맛있어요 냄새도 안남
은하곱창 시립대,여자 셋이서 중 먹었는데 소 먹어도 됐을듯곱창 양 진짜 많고 잡내없고 야채 무한리필 셀프소주도 4천원
은하곱창 시립대,돼지곱창전골이고 맛있고 양 많아요!!
은하곱창 시립대,진짜 맛있는 곱창전골집이예요다음에 또 갈래여
은하곱창 시립대,맛은 적당합니다. 근처에 곱창전골 집이 여럿 있는데 이 집은 만석일 때가 자주 있어요. 근데 웨이팅 까지 할 만큼 특별한 맛은 아닌 것 같아요. 여기서 먹으려고 방문했는데 웨이팅이 있다면 주변에 맛있는 집이 좀 있으니 잘 둘러보세요. 그래도 쑥갓을 좋아하면 근처에서는 여기가 쑥갓이랑 먹는 유일한 곳일 겁니다.
은하곱창 시립대,값이 저렴하고 친절함 외에 음식에 대해 칭찬할 점은 없습니다...
은하곱창 시립대,에구 예전만은 못하네
은하곱창 시립대,. 적응하고 먹으면 맛있음. 볶음밥 임. 호불호 심하게 갈릴 음식과 분위기1 식당 앞 골목부터 특유의 내장 냄새2 식당 안은 냄새가 더 심함3 생곱창느낌 낯설다면 비주얼 거부감 있을 수 있음4 화장실 극악. 딱 변기만 들어갈 공간 사이즈. 세면대 없음. 오로지 변기만 존재5 먹는내내 좋게 말하면 정겨운 분위기 나쁘게 얘기하면 도떼기시장
은하곱창 시립대,그럭저럭. 명성에비해 맛잇는 느낌은 없다.무한리필인 미나리와 당면은 애초에 많이 나오는 양이라 무한리필의 의미가 없으며 딱히 맛있는 맛인지도 모르겠지만 위생도 아쉬웠다. 나는 내가 드러운 지라 위생에 관대한 편인데 이정도면 뭐..말다했다고 본다.맛없지는 않으나 맛이 깊지 못하다.인터넷에 바이럴로 소문난대로 맛집으로 부르기엔 억지스러운 집. 지나가다가 갑자기 곱창전골 땡기면 갈만한 정도로 분류하겠다.
은하곱창 시립대,추억의 맛살아있는 맛오늘 또 가고싶은 집
은하곱창 시립대,돼지 잡내를 먹을 수 있고 좋아하면 맛집이지만 그렇지 않다면 최악의 음식이 될수 있기에 지인에게 추천하기에 조심스럽다. 몇번 추천해서 지인과 같이 갔지만 나만 맛있게 먹은 경험때문에 웨이팅이생기면서 잘 안가게되었지만 분명한건 나에겐 맛집이다.
은하곱창 시립대,시립대생의 소울푸드를 취급하는 노포. 전골의 진한 국물 맛에 소주를 곁들이면 그게 천국이지요.
은하곱창 시립대,기대가 컸을까 웨이팅에 비해 아쉬움이 많은 국물.알곱창의 양이 많기는 하나 내 기준 깊은 맛은 찾지 못했음.
은하곱창 시립대,휴무일 확인하세요
은하곱창 시립대,맛있다그러나 늦게감 당신의 전골 없다
은하곱창 시립대,누린내 너무 심해요 가게 입구부터 음식까지..곱창 먹고 나오니 온몸에서 역한 냄새가 나요 몇년간 자주 맛있게 먹었고 이정도는 전혀 아니었는데 변한거같아요..
은하곱창 시립대,직원분도 넘 친절하셨고 4명이서 대짜 시켜서 넉넉하게 먹었어요 볶음밥까지 너무 맛있습니다
은하곱창 시립대,유명해서 먹어봤는데 양도많고 좋아요 근데 조금 뭔가간이 살짝 심심했지만 그래도만족해여 
은하곱창 시립대,처음 맛볼때는 이게 왜 유명하지?!! 싶었는데 가져다주신 양념 넣고 졸이니깐 진짜 맛있어요!!! 거기에 소주랑 같이 먹으면 진짜 굿굿 마지막으로 볶음밥 먹으면 굿굿 볶음밥은 필수인거 아시죠??.....근데 화장실이 밖에 있는데 근데 좀 그래요 그리고 세면대도 없어서 손을 못 씻어욯
은하곱창 시립대,왜 유명하게된건지.. 어떤 장점도 찾기 어려웠어요
은하곱창 시립대,곱창양이 아주 많았음누린내가 나긴하나 그런맛으로 먹는집쑥갓깻잎 필수술이 아주 잘 들어가는 맛
은하곱창 시립대,전골이 아주 좋은 가게
은하곱창 시립대,가게 입구부터 누린내 장난아님 이런거 좋아하시면 강추! 내 스타일은 아님
은하곱창 시립대,돼지누린내가 나서 다 못먹고 왔어요. 그나마 입구 옆에 깻잎과 쑥갓을 넣어서 먹으니 괜찮았어요
은하곱창 시립대,맛없지는 않은데 엄청 특별하지는 않아요.기다려서 먹을만 하지는 않은거 같아용..
은하곱창 시립대,노포 곱창전골 볶음밥
은하곱창 시립대,맛나용!곱창질리게먹기가능
은하곱창 시립대,벌써 5번은 간 것 같삼 !!!! 곱창전골 잡내 하나도 없구 술이술술 들감 중 사이즈도 너무 많아서 4명느 먹어야 댐 3명은 소로도 괜춘 ..
은하곱창 시립대,너무기대가컸나....볶음밥맛집곱창전골소소밑반찬먹을것없구....너무싱거워역시조려야해......조리니깐그나마먹을만해찌만2.5점임둥
은하곱창 시립대,셋이 갔는데 일행 중 한 명은 아예 냄새가 나서 먹질 못했다. 나랑 다른 친구는 다행히 괜찮았다. 문 앞에 있는 깻잎을 넣으면 더 국물 맛이 좋아져서 여러 번 가져다 먹었다.중 자를 시켰는데 꽤나 많다. 셋이 가면 소 자가 좋을 듯.개인적으로 좋았지만 또 갈지는 의문이다. 3.5
은하곱창 시립대,식당 입구에서부터 냄새가 너무 심했고...그래도 맛은 있다는 후기 믿고 갔었는데 전골에서도 누린내가 계속 나서 먹기 힘들었어요..쑥갓이랑 먹어야 겨우 먹을 수 있었다는.....
은하곱창 시립대,돼지곱창 누린내 장난없이 나요 반도 못먹고 나왔네요 다시는 먹고싶지않네요
은하곱창 시립대,곱창전골 맛집이에요!!야채도 계속 가져다먹을 수 있고 맛이 대박입니다..!웨이팅이 항상 길어서 넘 슬퍼요
은하곱창 시립대,탱탱하고 맛있어용 간 슴슴하면 양념 풀어서 먹으면 더 맛있습니다!
은하곱창 시립대,곱창전골 양이 진짜 많고 맛있어요! 당면도 많이 주시는데 엄청 탱글탱글했고 볶음밥도 맛있어서 잘 먹었어요 완전 맛집이에요 ..
은하곱창 시립대,소주 땡기는 곱창전골
은하곱창 시립대,생각보다 엄청 간이 슴슴해요 제가 생각한 맛과 달라서 조금 당황했어요그리고 소스가 숙성이 됐는지 술맛? 이 나서 저는마늘찍어먹는 장에 찍어먹었어요곱창은 신선하고 냄새안나요!!
은하곱창 시립대,겨울이면 생각나는 돼지곱창전골 맛집!처음 가게에 들어갔을 때 나는 돼지냄새를 견딜 수 있다면 맛있게 먹을 수 있는 곳. 큼직하게 잘린 돼지곱창이 입에서 씹히는 식감이 좋고 추운 겨울에 국물 한 모금에 술 한잔이면 몸이 싹 녹는다. 전에 비해 양은 좀 줄어든편.전골은 나오자마자 먹지말고 곱창의 맛이 국물에 푹 우러나올 때까지 잠시 기다려줘야 한다.
은하곱창 시립대,들어가자마자 냄새가 나서 걱정했는데 끓여서 먹어보니 냄새안나고 맛남..국물은 오래 끓여야 진국의 맛을 느낄수있음..한가지 이해 안가는건 양념장..짜기만하고 맛이 어울리지도 않음..초고추장 찍어먹는게 백번 나음 
은하곱창 시립대,오래전부터 지인들이 추천해서 가볼까 가볼까 하다가 처음으로 가봤는데 정말 소문대로 맛집이네요!곱창이 큰데도 부드럽고 누린내 없이 맛나고요당면이 정말 신의 한 수! 너무 잘 어울려요!무엇보다도 쑥갓 깻잎 등 채소가 무한리필이라 느끼함 없이 깔끔하게 곱창을 먹을 수 있어 너무 좋았습니다!마지막 볶음밥까지 다 맛있어요!포장까지 되니 참 좋네요!!
은하곱창 시립대,여긴 진짜 이해할 수 없는 맛집......어떻게 이 냄새를 못맡지? 그냥 입구 들어가는 순간 잡내가 나서 에이 설마 맛집인데 아니겠지.....는 개뿔 잡내 맞았음. 곱창은 두어개 먹고 뱉어버림. 국물에서는 냄새가 그나마 덜 나서 그냥 국물에 밥비벼먹고 나옴. 더럽기는 또 얼마나 더러운 지....에휴 내 인생 워스트 집
은하곱창 시립대,정말 소주의 베스트 프렌드. 겨울마다 방문할 예정
은하곱창 시립대,은.하.조.아
은하곱창 시립대,인스타에 너무 떠서 가보고 싶었던 곳이었는데 그렇게 막 맛집은 아닌 듯 잡내도 좀 나고 맛이 약간 간이 덜 된것 같이 좀 부족해요 그리고 쑥갓 깻잎 무한 리필인데 애벌레 붙어있어어용 .. 양이 진짜 많긴 해요 근데 두번은 안 갈듯 ! 볶음밥은 맛있음 직원분들은 친절해요
은하곱창 시립대,언제나 찐 맛집
은하곱창 시립대,존맛 
은하곱창 시립대,곱창 킹성비 맛집. 이모님들 정말 친절하시고 맛도 맛이지만 양도 수북해서 먹방 찍고 옴. 나오는 길에 갑자기 내리는 비에 우산도 선뜻 빌려주셔서 마음도 훈훈해져서 나왔네요.
은하곱창 시립대,재료는 여전히 신선한데 맛이 변했어요아무런 맛이 안 느껴져요.. 소금물에 팔팔 끓인 돼지곱창을 쌈장에 찍어먹는 맛이에요..왜이렇게 변했을까요 직원분들은 친절하신데..기다려서 먹었으면 화났을 것 같아요..
은하곱창 시립대,여기 냄새 끝판왕 
은하곱창 시립대,괜찮아여 가성비 좋아여
은하곱창 시립대,하단에 잡내얘기 많던데 뭐 못맡으신분들은 그럴수있죠 잡내장난아니던데.. 난 못먹겠음.
은하곱창 시립대,가성비 하나가 모든걸 말해준다 곱창 양 미쳤고요다만 돼지냄새에 예민한분들은 절대 가지말것.. 갠적으론 둔감해서 그저 사랑뿐미나리무한 당면무한이라 더 굳
은하곱창 시립대,사실 잡내같은 걸 잘 못 맡아서 그런지 저한테는 맛있어서 자주 가는 편입니다오래된 외관? 치고 깔끔해서 자주 가는데저번에 한 번 먹을 때는 머리카락이 3가닥이나 나왔어요....한 번 나왔을 땐 에이 뭐 했는데 먹다보니 또 나오고 그래서 말씀드렸더니 너무너무 죄송하다면서 새로 드릴까요 술을 드릴까요 해서 저희는 그냥 술값 제해주시는 걸로 했는데 사실 집에서 요리할때 머리카락 들어가는 거 생각하면 뭐..신경이 쓰이긴 해도 자꾸 먹고 싶어서 가요포기못해
은하곱창 시립대,단맛감칠맛이 부족한 맛곱창 많고 쑥갓이랑 당면 리필 돼서 가성비 넘쳐요소주 한 잔 하기에 좋은 곳
은하곱창 시립대,가성비 있게 밥먹고 술먹고 할 수 있는 곳당면 채소가 무한리필 가능하고 곱창 많음돼지냄새가 조금 나지만 겨자 찍어먹으면 괜춘웨이팅까지 하면서 먹을 맛은 아님
은하곱창 시립대,매일 줄서있어서 한번 가봤는데 왜 손님이 많은지 모르겠다 국물에 감칠맛도 전혀없고 맛있는거 모르겠는데 어 뭐지 왜 이런맛.......
은하곱창 시립대,맛 자체는 평범별 세 개 양이 엄청 많고 당면 사리 무한 리필 가능이라 좋음! 소주 안주로 굿 평일 4시 전에 갔더니 소주 한 병 서비스로 주심
은하곱창 시립대,가성비 맛 다 좋은 곳진짜 최고 택배보다 가서 먹는게 훨씬 맛있어요
은하곱창 시립대,말해뭐해.. 조만간 또 먹으러 가려구요 굿
은하곱창 시립대,곱창전골에 볶음밥 먹고 후식은 마트 생크림빵 먹어줘야 왠성
은하곱창 시립대,은하계 전설. 위생은 조금 아쉬워요.
은하곱창 시립대,저녁 약속을 하고 찾아갔는데 재료가 소진이라 손님을 받을 수 업다고 해서 발길을 돌렸습니다.문제는 택배차량이 은하곱창만 한가득 싣고 있더군요.가게로 찾아가 운치를 느끼며 즐거운 저녁시간을 보내려 간 손님들을 배려한다면 택배물량을 일정수량으로 제한하고 가게물량을 확보하는 것이 장사하는 사람의 도리라는 생각이 듭니다.너무 편하게 장사한다는 생각과 함께 고객에 대한 진정한 배려는 없는 가게라는 생각이 들었습니다.맛은 차치하고라도 가고 싶은 마음이 싹 가신 건 사실입니다.잘 숙고하셔서 손님들과 함께 오래가는 맛집이 되었으면 졿겠습니다.
은하곱창 시립대,쑥갓 리필 무젹건
은하곱창 시립대,가끔 먹으면 맛있어서 좋아했는데 가격을 너무 자주 올리고 카카오맵에 가격이 4월에 수정된건데 안맞네요. 지금은 소 사이즈가 2만5천원인데 여기는 2만3천원으로 되어있어요. 교통도 너무 불편하고 다른 곱창 집 찾아봐야겠어요.
은하곱창 시립대,그럭저럭 평범
은하곱창 시립대,그럭저럭 맛있긴한데 특별한 맛은 아니에요
은하곱창 시립대,여전히 맛잇어요
은하곱창 시립대,810년쯤 됐을까요?진짜 1만원남짓 할때부터 맛있게 먹었었는데방송타고 무언가 맛이 떨어진 느낌을 받았어요....아직도 맛있지만 옛날만큼이 아니라서 기다리며 먹기에는 아쉬움이 남네요....
은하곱창 시립대,포장했는데 양도 푸짐하고 맛있어요
은하곱창 시립대,예전 기억에 맛있었던 기억이 있어서 다시 갔는데 돼지 누릿내라고 해야하나 완전 많이나고 당면도 쩐내남 여친한테 진짜 맛있다고 데려갔는데 집오면서 미안하다고 계속 사죄함
은하곱창 시립대,존맛.... 유명해지기 전부터 먹었어요 
은하곱창 시립대,곱창전골 중 최고
은하곱창 시립대,최고 ...
은하곱창 시립대,믿고먹는 은하곱창 존맛
은하곱창 시립대,쑥갓 무한리필이 아주 굿
은하곱창 시립대,아직 돼지곱창전골은 익숙하지 않음.
은하곱창 시립대,친절하시고 맛있어요. 오동통한 당면...또생각나네요
은하곱창 시립대,맛 자체는 일반적인 곱창전골 맛.처음엔 살짝 밍밍하지만 끓일수록 맛이 깊어진다.청결하고 깨끗한 분위기는 아님.미나리랑 당면이 무한리필이라 좋음.깊은 감칠맛같은건 없지만 여럿이서 싸고 푸짐하게 맛집분위기내며 먹기 좋아요.엄청 맛있는건 아닌데 가끔 생각나서일년에 두세번정도 주기적으로 가요. 또 갈거에요.
은하곱창 시립대,한번가고 반해서친구데리고 또갔는데 냄새나서 못먹었어요문열자마자 돼지똥냄새같은게 나서 뭐지 했지만 맛은 괜찮을줄 알았는데 음식에서도 냄새나서 결국 못먹었습니다...이 날만 냄새가 난거같은데 전 앞으로도 못갈것 같습니다다시는 이런일 없었으면 해요 아쉬워서 후기남깁니다평소엔 정말 맛있는곳이에요
은하곱창 시립대,맛있는데 누린내가 좀 났음
은하곱창 시립대,자꾸 생각남 청량리에 살면 최소 일주일에 한번 갔을듯
은하곱창 시립대,나쁘지 않아요. 곱창전골이지만 자극적이지 않은 맛?굳이 찾아가서 먹거나 줄 서서 먹을 곳은 아닌 것 같아요.근데 곱이 매우 많아요!
은하곱창 시립대,가는길에 리뷰보고 엄청 걱정하고.. 빠꾸해서 돌아갈까싶었는데 만족했습니다 !!!!!!!존맛싱겁다그래서 장을 더 넣어먹을생각으로 시킨건데 아녔음 간 적당했어요 저한텐!!양도 괜찮았구 당면리필되는거 좋구 볶음밥 맛없대서 시킬까말까고민하다가 시켰는데 괜찮았어요.. 괜한걱정이었음 생각나서 오늘 또 갈 것.
은하곱창 시립대,지금 포장하러 가는중
은하곱창 시립대,흠... 곱창이 탱글거리구 쑥갓과 당면을 많이 먹을수 있어 좋아요.근데 양념이 살짝 약한거 같구 곱창에서 누린내같은게 많이 나서 처음 접하는 사람은 힘들것 같아요.
은하곱창 시립대,비린거잘먹고 웬만해서 다 잘먹음. 그리고 곱창전골 완전 좋아해서 먹으러 옴. 지금까지 먹었던 곳 중에 제일 맛없음... 냄새야 뭐 날 수 있는 음식이고 그런맛에 먹는거니 상관없는데 국물이 밍밍함. 보통 자극적이면 칼칼한데 여기는 자극적인데 밍밍함. 안쪼려져서 그런가보다하고 볶음밥 먹기전에 먹어봤든데도 밍밍함여기의 장점. 1곱창이탱글탱글함2잘라먹는재미3사진잘나옴4김치맛있음 5동치미맛있음 6친절람단점 1.곱창은 맛있는데 국물이 맛이없음 2.양념장은 더 맛이없음 3.볶음밥은 진짜 소스맛이 안남..그냥 볶음밥 먹을때 꼭 국물 다섯국자 뿌리세요
은하곱창 시립대,초심 잃음
은하곱창 시립대,막 엄청나게 뛰어난 맛집이라기보다는 무난한 맛과 푸짐한 양으로 좋은 곳 같아요! 냄새는 나긴해요.. 곱창 좋아하는데 먹어본 곱창 중에서 냄새 젤 많이 났음.. 근데 당면 어디꺼 쓰시는지 궁금 오동통하고 쫄깃쫄깃 
은하곱창 시립대,돼지곱창전골집이 흔치 않아서그렇지 이정도 전골맛은 너무 흔함. 맛있는녀석들은 다 잘먹지만 일반인은 맛있지 않은걸 맛있게 먹을 순 없네요.
은하곱창 시립대,전농동 토박이라 20년 이상 다닌 맛집인데...언젠가 대박나고부터 먹기 힘들어져서 슬퍼요옛날엔 드시는 분이 거의 동네 어르신들 뿐이었는데참고로 은곱은 팔팔 오래 끓여야 식감도 좋아지고 맛도 더 깊어져요!암튼 이젠 홍보 그만했음 좋겠어요..
은하곱창 시립대,기성비 좋아요 친절하십니다
은하곱창 시립대,밑에분 평가가.. 요리해분 분들은 알겠지만 곱창은 완전히 냄세없애기힘들어요 약간에 냄세는 돼지곱창특유에 냄세라 어쩔수가 없습니다 그게 싫은분은 이 음식이 안맞는거에요. 돼지곱창전골집이 거의없어요 이정도면 잘하는 식당입니다.
은하곱창 시립대,웨이팅안하고 운좋게들어감 밖에서 부터 나는 돼지비린내에 역겨웠지만 믿고 들어감..먹을때도 나는 돼지냄새에 머리아파짐 당면에서는 눅눅한냄새나고 곱창은 계속끓여도 물컹함 그래도 좀 도톰해서 먹는맛은 있었음 동네에 있어도 한번 가고 말 집
은하곱창 시립대,왜 인기가 있는지 이해안되는 곳..쑥갓 무한리필 빼고는..양념도 쎄고.. 돼지곱창도 물렁물렁 언제 삼켜야하는지 모르겠는.. 막창 소곱창 좋아해서 유명한 곱창집이라고 갔는데.. 두 번은 안먹고 싶은 맛.동네에 사는 지인도 별로라하고곱창 좋아하는 우리 식구들도 질색하는데..도대체 왜 줄을 서서까지 먹으려는 걸까...
마루한 시립대,음식맛은 나쁘지않아요근데 손님이 많아서그런가음식에서 철수세미 조각 나오고시킨 국수2개는 기다려도 안나와 물어봤더니 누락됐다네요 결국 같이먹으려고 남겨둔 고기 맛없게 마무리하고 나왔어요
마루한 시립대,여기 음식자체는 괜찮으나 직원분들 친절한거 같아도 마감 1시간 전에 방문하면 주방서빙 직원?주인? 눈치 줍니다.대략 무슨 느낌인지 이해는 갑니다.하지만 이딴식으로 대놓고 눈치 주고 본심 들어내며 장사할거면 마감시간 표기를 1시간 앞당겨 놓으면 좋겠네요.
마루한 시립대,점심에 육회비빔밥 먹으면 그만한게 없다저녁에 고기 굽기에는 대학생 지갑 사정상 힘든 가게다만 육회비빔밥은 시립대 새내기 필수 코스다. 아마 육회 추가한 가격이 만원인거로 기억하는데 꼭 추가하기를. 추가한거 안한거 다 먹어봤는데 추가 금액에 그만한 가치가 있다.다만 점심시간인 한시쯤엔 웨이팅이 있다
마루한 시립대,번창하시길바랍니다.
마루한 시립대,가성비 좋습니다.
마루한 시립대,노력하는 고깃집.
마루한 시립대,식사메뉴가 가성비 좋고 맛있어요!
마루한 시립대,육회비빔밥 존맛 우삼겹된찌 존맛 고기는 안먹어봄 한달에 두세번은 가는듯
마루한 시립대,제가여기 몇년째맛있게먹는 고기집!돼지갈비가제일맛있네요.
마루한 시립대,괜찮은 밥집
마루한 시립대,점심 끼니 때우기 좋은 곳. 근데 국수맛이 매반 복불복인게 많이 아쉬움
마루한 시립대,고기는 비싸지만 맛은 최고
마루한 시립대,양념갈비치즈버거 꿀조합유 마무의리 시원한동치미로
마루한 시립대,진짜 정성가득 맛집이너요
마루한 시립대,고기 먹을만해요 기본 된장국 계란찜 찬 있을거다나오구 잘나옴! 친절서비스 최고냉국수 육수 맛있으면 재방문 의사있는데..고기잘먹다가 사이드로 입맛버린사이드가..버거치즈빵에 나오는 양념야채는 설탕범벅으로 설탕이씹히고 너무달아요 당뇨걸릴듯물냉은없구 냉국수있는데 국수 육수 맛이 식초맛새콤하기만하고 맛이없어요고기랑같이 사이드로 마무리해야되는데 입맛이 싹..
마루한 시립대,육회비빔밥도 맛있고 갈비탕도 맛있음계란을 직접 구워 먹을수있음화장실에 비누가 없음재방문의사유
마루한 시립대,저렴하고 친절한 식사 가능맛은..
마루한 시립대,음식 사진은 안찍어서.. 토스 카드 내역이라도..흠..양념돼지갈비 치즈버거 열무국수셋이 가서 엄청 먹고.. 나오며 미쳤다.. 마지막에 추가한 갈비랑 국수는 오버였다며 하지만 다음에 또 가자며...다음에 또 갈게요.그땐 적당히 시켜야지..갈비랑 치즈버거 추천!김치찌개 계란찜은 서비스
서울뼈구이매운족발,안매운맛 먹었는데 느끼해요 그냥 그래요
서울뼈구이매운족발,뼈구이 왜 유명한지 한입 먹으면 바로 알수 있어요계란찜 기본으로 나오고 두명이 갔는데 3인분 주문했더니양 넉넉하고 딱 좋았습니다! 저희는 술 안마셨는데 다음에 무조건 술 마셔야 할것 같아요 안주로 완벽합니다
서울뼈구이매운족발,가성비 맛 질 그냥저냥..뼈 상태가 그렇게 좋진 않았음
서울뼈구이매운족발,진짜진짜 맛있다
서울뼈구이매운족발,뼈구이는 처음 먹어보는데고기가 입에서 사르르 녹음특히나 저 주먹밥이 맛도리!
서울뼈구이매운족발,먹을만은 함. 웨이팅이 없다면
서울뼈구이매운족발,고기는 정말 부드럽고 중간맛으로 시켰는데 신라면과 열라면 사이의 매운맛이에요. 밑반찬으로 양배추샐러드 김치 동치미 달걀찜1번이 나오고요. 평일 저녁 6시 조금 넘어서 도착했는데 이미 만석웨이팅이 있었습니다.일행이 모두 도착해야 입장이 가능하고 화장실은 식당 밖 건물을 이용해야해요.출입구에 턱이 있고 식당 출입문과 내부는 다소 좁은편이라 휠체어는 출입이 어렵겠습니다
서울뼈구이매운족발,독특한 메뉴 다소 맵지만 먹을만한 가치는 충분합니다.
서울뼈구이매운족발,서울에 뼈구이집이 많이 없어서 비교대상이 적긴 한데 이정도면 나쁘지 않네요
서울뼈구이매운족발,맛무난가격무난웨이팅사람 드글소음대화 못 함총평흔치 않은 메뉴라 한 번 정도는 괜찮음 두 번 째부터 웨이팅은 안 할 듯
서울뼈구이매운족발,5시에 문연다해서 갓더니 4시30분에도사람그득그득 영업시간수정안하시나여 매운맛먹고 안매운데??? 라고 생각햇지만담날 응꼬불남 희한하네2인분먹고 2차가기 딱조음
서울뼈구이매운족발,왜 웨이팅 해서까지 먹어야 하나라는 생각이 들어요
서울뼈구이매운족발,욕나오네요영업중으로 써있는데 여름휴가감이게무슨일...
서울뼈구이매운족발,뼈구이집 많아 생겼으면 
서울뼈구이매운족발,뼈구이 중간맛이 매운족발정도의 맵기 입니다. 안매운맛도 끝이 살짝 맵습니다.맵찔이는 안매웃맛 드세요 살짝 매운 등갈비찜 맛입니다.솔직히 소스는 매운족발 상용소스의 맛이 살짝 나는거 같았습니다. 하지만 맛있게 매운맛이며 고기가 정말 부드럽고 맛있습니다. 봤을때 뼈를 찐 다음에 구우신걸로 보이며 손이 많이간 정성이 보이는 음식입니다.너무 맛있게 잘먹었어요 다음에 또 가고싶어요 계속 생각나네요.가게 확장해서 더 많이 받아주세요...웨이팅은 일요일 12시 40분쯤 가서 1시 30분쯤에 입장 했습니다. 2시부터 브레이크 타임이라 30분 만에 먹어야 하나? 했는데 주문받으면 그때 만드시는지 주문 이후 30분정도 이후에 뼈구이가 나왔습니다. 브레이크 타임이 되었지만 다먹기 전까지 그냥 쉬시면서 손님만 추가로 안받으며 쉬십니다. 쫓아내거나 눈치 주지 않으셨어요. 브헤이크 타임에도 추가로 술 주문도 받아 주세요. 손님 응대는 계속 해주시네요.영업시간에듀 쾌적함을 위해 급하게 치우고 급하게 손님을 받지 않습니다. 기다리기는 힘드나 매장 입장 이후 손님이 눈치 보지 않아도 되는 이런 쾌적함 너무 좋습니다.
서울뼈구이매운족발,뼈구이 맛있어요 재방문 의사있음 중간맛 추천
서울뼈구이매운족발,정말 습한 날 정말 멀리 이동했습니다. 유튜브를 보고 많은 기대를 하고 방문해서 긴 브레이크 타임1416을 지나고 처음으로 입장을 하여시원한 에어컨 바람을 맞으며뼈구이 매운맛과 날치알 주먹밥을 시켰습니다.숯불향이 좋았고 적당히매운맛이 좋았습니다.근데 다음엔 시원한 집에서 한사리감자탕뼈찜을 시켜드시면 좋을듯 싶네요.
서울뼈구이매운족발,맵찔이가 되서는 중간맛 시켰고계란찜 서비스로 나오고우린 푸짐하게 더 시키고대기가 많다하여 코로나 전에 와보고 오랜만에 온건데 1015분 안에 들어감맛도 조코 굿굿굿
서울뼈구이매운족발,맛잇는데 불친절
서울뼈구이매운족발,개깝쳐서 아주매운맛 먹고 저승사자 하이파이브 함 맛은 있음
서울뼈구이매운족발,뼈는 야들야들하고 탄 부위는 거의 없었음.기다리면서 먹을 만한 맛집
서울뼈구이매운족발,가끔씩 생각나는 매운맛이에요!친절은 모르겠으나 딱히 불친절도 아니였음
서울뼈구이매운족발,매우 불친절자리 남아도는데 포장했다고 앉지도 못하게 함주문 10초 걸렸는데 빨리빨리 주문하라고 보채님개인적으로는 재방문 의사없음
서울뼈구이매운족발,같이 간 사람들이 청량리에서 뼈구이집 안 갈 거면 청량리 왜 가냐고 할 정도로 꼭 가야 한다고 너무 맛있다고 해서 갔는데 고기는 진짜 부드러웠지만 잡내가 너무 심해서 두 번은 안 갈 것 같아요 맵찔이라 매운맛 못 먹고 제일 안 매운맛 먹어서간장맛? 잡내가 난 것 같기도 한데 뭐 맵기 문제만은 아니겠죠
서울뼈구이매운족발,무난해요
서울뼈구이매운족발,1점도 아까움..전화로 포장주문 한다했더니 포장도 와서 웨이팅하라는 얼탱이없는말 해서 와서 웨이팅 적고 20분 기다렸더니 돌아오는 대답은 포장은 웨이팅 안적어도 된다는말 ....손님 귀찮아하시는게 눈에 보이시던데 그럴거면 걍 장사하지마십쇼
서울뼈구이매운족발,진짜 영업 마인드 개썩어빠짐... 저번에도 대기하다가 주문마감이라고 못먹었어서 미리 확인하고 갔는데도 덜렁 재료 소진 붙여놓고 얼굴도 안쳐다보고 그냥 마감이에요 이러고 마는데 어이가 없어서 
서울뼈구이매운족발,뼈구이 매운맛 딱임약간식으면냄새나긴하는데만족스러움양이조금작지만 만족면사리 우동이나 라면 있었으면 좋겠다
서울뼈구이매운족발,달달 매콤 맛있어요! 평일에도 사람이 많아 웨이팅해야됨
서울뼈구이매운족발,맵찔이는 안 매운맛 드세요
서울뼈구이매운족발,줄 서고 먹을 것 까진 모르겠으나 줄 안서고 먹으면 맛있음. 양이 적긴하나 진짜 살이 부드럽고 불맛 낭낭! 기분 좋게 매운 맛
서울뼈구이매운족발,후기 안좋아서 걱정했는데 고기 냄새도 안나고 맛있던데요 주먹밥시켜서 같이 먹으니까 양도 딱 좋았어요
서울뼈구이매운족발,먹다가 철수세미 나왔습니다. 그런데 직원분들과 사장님 모두 죄송하다는 말씀 없으셨구요. 오히려 주방에서는 철수세미 쓰지 않고 밖에서 냄비 닦을 때 쓴다며 손님으로서 이해하고 싶지 않은 변명만 하시더라고요. 그리고 장난하는 것도 아니고 이런 경우 다시 해드리거나 1인분 또는 2인분 가격만 빼드린다며 최대한 손해 안보시려는 태도에 너무 화났습니다. 3인분 시켰는데 결국 2인분 가격 받으시더라고요. 사장님 먹다가 철수세미가 나오면 1인분 가격 빼주시는건 서비스 차원이 아니라 당연한겁니다. 중간에 철수세미 발견해서 이후에는 음식에 손 대지도 않았는데 음료수2개로 상황 무마하시려는 태도에 입맛 다 떨어졌고요. 네이버 리뷰 이렇게 안좋게 남기는 건 처음인데 보시고 되돌아 보셨음 하네요. 이런 경우 사과가 우선입니다.
서울뼈구이매운족발,1인분에 13000원이라 막 양이 엄청 많은건 아니지만 2인 기준 뼈 6개 그래도 불향 좋고 먹을 만 합니다 
서울뼈구이매운족발,뼈구이2인분이면 뼈6개 나옴예전엔 반값이어서 가성비 맛집이었는데 이젠 그냥 보통 음식점되어 아쉬움..엄청 줄서있는데 다시 올 정도는 아닌듯...
서울뼈구이매운족발,가지마세요 예전 달인인가나왔는데 사람도없고 문을 열었다 닫았다 맛도 없으면서 별맛없습니다 아무것도 아닌데 개비싸고
서울뼈구이매운족발,괜찮아요 딱 예상가는 맛
서울뼈구이매운족발,가성비가 좋고 맛도 보통이거나 보통 이상다만 소스가 타서 나오는게 아쉬웠음
서울뼈구이매운족발,가격착해 맛있어 더이상 바랄게 없음 ...아! 가끔 매장이 더움이라고 예전에 썼는데 확장해서 좀 더 쾌적해졌네요
서울뼈구이매운족발,맛도 없고 제일 매운거 시켰는데 맵지도 않고 씁쓸하고 고기 냄새 엄청나고 뼈도 몇개 안나오고.. 불호 없는 주먹밥으로 배채워야겠다 생각해서 시켰는데.. 뼈도 남기고 주먹밥도 남김!! 특히 김가루에서 비린내 엄청남!!이걸 도대체 왜 먹지..?
서울뼈구이매운족발,음식은 맛있는데 친절하지도 않고 화장실도 안 좋아서 딱 2번 가고 끝.포장해서 먹는게 제일 나을듯 
서울뼈구이매운족발,맛은있음근데 남자직원분 고객응대가별로인듯내개인적인생각맛은별4점
서울뼈구이매운족발,넘나 마싯어요 국물에 주먹밥 뇸
서울뼈구이매운족발,중간맛 적당히 매콤했습니다고기가 살짝 냄새나서 제 입맛에는 좀 아쉬웠어요
서울뼈구이매운족발,뼈구이 맛있어요 근데 좀 타서 나오더라구요.. 양념도 잘 안 배어있어서 살짝 아쉽.. 서비스로 나오는 계란찜도 굿입니다
서울뼈구이매운족발,사람은 좀 많았지만 회전율도 빠르고 맛있었어용
서울뼈구이매운족발,맛을 설명하자면! 매콤지코바치킨뼈구이 주먹밥 한솥퍼다먹고싶어요!!
서울뼈구이매운족발,청량리 한번씩 들릴때 포장해갑니당!맛있어요!!! 사장님도 친절하십니다
서울뼈구이매운족발,옴총옴촘 맛이더라
서울뼈구이매운족발,진짜 매워요...... 근데 맛있어서 계속 먹음 콧물 흘리면서
서울뼈구이매운족발,티비에 한번나오고 웨이팅도 생겼던데 그정돈 아니고근처에 살면 한번쯤 먹을만가게 확장해서 커짐
서울뼈구이매운족발,가성비도 없고 맛도 없는... 뻑뻑한 뼈해장국 고기
서울뼈구이매운족발,뼈구이 맛있다
서울뼈구이매운족발,남냠굿
서울뼈구이매운족발,좀 유명해지지 마라...
서울뼈구이매운족발,매운거 못 먹는데 중간맛 맛있게 먹었음날치주먹밥은 머스트..!둘이서 넉넉하게 먹으려면 3인분
서울뼈구이매운족발,음식 자체는 맛있는데식당에 이상한 향이 나서 그닥 
서울뼈구이매운족발,뼈구이 맛있어요감자탕에 들어가는 고기로 만든 뼈구이예요매운맛 조절해서 주먹밥이랑 같이 먹으면 진짜 맛남!가게는 살짝 협소해요
서울뼈구이매운족발,여기 투수 있음반찬이며 뭐며 스로잉함
서울뼈구이매운족발,준수한 맛 보통 맛 기준 신라면보다 살짝 맵다.배가 살짝 아프다재방문의사 32퍼
서울뼈구이매운족발,아래에 있는 평가처럼아줌마 한분이 너무 불친절함불친절 정도가 아니고 무례함
서울뼈구이매운족발,참말루 맛있네요 주기적으로 생각나는 맛입니다
서울뼈구이매운족발,동네 주민이라 꾸준히 가는 곳호불호 갈리지만 난 좋다
서울뼈구이매운족발,나쁘진 않은데 유명세 때문에 웨이팅 하기엔 애매한 곳. 대단히 감동적인 맛은 아니고.. 그냥 매콤달콤한 양념 바른 부드러운 고기라고 생각하면 됩니다. 가격 대비 양 푸짐해요.
서울뼈구이매운족발,맛 학교다니면서 자주갔는데 갈때마다 행복사할뻔함. 등갈비 부드럽고 양념 맵고 달짝지근하게 감기는게 고기 감칠맛이랑 제대로 어우러짐.. 고기만 먹는것보다 밥이랑 먹는게 훨 맛있어서 주먹밥 두그릇은 뚝딱. 소주랑도 잘어울림서비스 기억안남인테리어 좁고 허름함 그래도 단체로 앉을자린 있어요기타 비닐장갑끼고 살을발라야해서 정갈하게 먹긴 힘듦. 썸녀랑은 오지마세요.
서울뼈구이매운족발,나름 괜찮고 가끔 생각나는데 특별히 엄청 맛있다거나 그렇진 않아요
서울뼈구이매운족발,왜 이게 맛있다는지 개인입맛에는 고기잡내가 많이나고 부드럽지않고 퍽퍽하고 가격도 뼈해장국은 우거지들어가는데 7 .8천원하는데 이건 왜9천인지 방송을 믿지 말아야 하는데..주방에서 한 아줌마는 나오더니 쌀포대위에 방댕이 깔고 않아있고 아무리 종이포장을했어도 손님에게 나갈 음식 을 그딴 취급하는데 주방위생은 생각도하기싫다 두번은...
서울뼈구이매운족발,매운거 땡길때 굿굿맛있오요2명이서 2인분에 주먹밥 시키면 딱좋아요아주매운맛과 매운맛의 갭이 있음아주매운맛은 진짜 맵고 바로 아래단계 매운맛은 그닥 안매움
서울뼈구이매운족발,배달하고 포장해서 먹어서 그런지 적혀잇는 평들보고 깜짝놀람 엄청 친절하셨는디...아주매운맛은 너무 매워서 매운맛보다 좀더 맵게 해달라고 해서 먹으면 아쥬 죽임 야들야들 쏙쏙 빼지는 고기랑 연골 존맛탱
서울뼈구이매운족발,여기만의 맛이 있음 그냥 그정도가끔 가까우면 생각날 때 먹을 정도일부러 찾아 올 정도는 아님
서울뼈구이매운족발,호기심에 가볼만한곳방송이 입맛 다 버려놓는다
서울뼈구이매운족발,너어어어어무 짜서 입이 얼얼할 정도뭐가 맛있다고 하는지 모르겠어요
서울뼈구이매운족발,회전율이 빠른이유가 있음
서울뼈구이매운족발,맛최고근데 화장실은 되도록이면 가지마세요
서울뼈구이매운족발,얼핏보면 가격이 싼거 같은데 생각보다 먹을만한 부분이 없어서 고기단위당 가격생각해보면 비싸요
서울뼈구이매운족발,맛있게 맵고 양이 딱이네요어느 식당을 가던 항상 양이 너무 많거나 적어서 힘들었는데 코로나로 힘드실텐데 힘내세요!
서울뼈구이매운족발,3년전 자주갔던 추억 생각나서 오랜만에 갔었는데아줌마가 너무 싸가지가 없네요 뭔 매사에 불편한 사람마냥
서울뼈구이매운족발,뼈구이에 날치알주먹밥 조합 맛있어요 둘이서 뼈2주먹밥1하면 딱 2만원 나옴
서울뼈구이매운족발,2020년 5월 방문. 1인분 다 8000원으로 올랐습니다. 2인분 주문하면 사진처럼 6덩이 나옵니다. 계란찜 서비스고요.등갈비구이가 아주 살살 녹게 부드럽습니다. 날치알주먹밥 시켜서 고기소스에 찍어먹으면 다존맛입니다.강력추천합니다. 평일 저녁에 일찍 갔는데 순식간에 자리가 다 차더군요.
서울뼈구이매운족발,특이하고 맛있슴 짭짤하니
서울뼈구이매운족발,낮에 가서 웨이팅 없이 먹었네요.기본맛도 매콤하네요.전 좀 짰는데 남편은 양념 싹싹 긁어먹었네요.
서울뼈구이매운족발,방송나오기 전부터 자주먹던 집인데 대기줄생기고 한동안 못먹다가 포장해왔더니 양은 줄고 천원은 오르고 맛은 조금 변하고 속상하네요
서울뼈구이매운족발,주인인지 뭔지 홀에 아줌마 진짜 인성 쩌네요옆테이블에서 중간맛으로 시키길래메뉴판에는 안보여서맵기 조절 되냐고 조심스럽게 물어봤는데 갑자기 오만 인상 짜증을 내네.그거 물어본게 그렇게 정색팔색할 일이요?아니 내가 무슨 돈 받고 얻어처먹으러 간것도 아니고.성격 장애 오셨나.돈 좀 버니 배가 처부르셨나 진짜 올해들어 제일 어이없네.
서울뼈구이매운족발,맛있으나 위생에 의문을 제기하게됨
서울뼈구이매운족발,더운데 웨이팅하다 들어갔더니 할머니가 더워죽겠는데 에어컨 꺼버려서 짜증났어요
서울뼈구이매운족발,매운맛 못먹어서 순한맛 먹었는데 맛있었어여!!
브레드칸 청량리점,어릴 적 먹었던 투박하면서도 푸짐한 그 맛 그대로요즘의 개인 빵집이나 프랜차이즈 빵집에서 보기 드문 추억을 자극하는 빵집입니다.
브레드칸 청량리점,카스테라빵 먹어봤는데약간 미끌한 크림!! 맛은 괜찮음
브레드칸 청량리점,생크림스틱 매우 맛있음. 찹쌀 도너츠 맛있음. 크로아상은 사과향이 나는 설탕 코팅이 되어있으니 참고하세요.
브레드칸 청량리점,빵도 엄청 맛있고 싸고 양도 많고 직원분들도 친절그러나 동네가 너무 할렘가 같아서 별로 오고싶진않은..
브레드칸 청량리점,이것저것 많이 샀는데도 가격이 저렴한 게 제일 장점! 대신 맛은 딱 가격만큼의 투박함이라... 도너츠는 나쁘지 않은데 시장이 더 싸서 거기로 갈 것 같고 크림 들어간 류는 차라리 비싼 걸 먹을 것 같습니다 식물성도 잘 먹는다고 생각했는데 여기 건 좀 안맞나봐요
브레드칸 청량리점,빵이 너무 맛있고 저렴한데다 직원분들도 친절하십니다!
브레드칸 청량리점,예전부터 와 보고 싶었던 빵집입니다.가격대도 저렴허고 친절하세요.빵 맛도 좋네요!!
브레드칸 청량리점,지금까지 맛있게 잘 먹어왔는데 재고관리 잘 해주셔야 할 것 같아요.. 눅눅해서 안 잘리고 뭉쳐서 굳은 부분이 조금씩 씹히더라구요..
브레드칸 청량리점,가성비 좋고 맛있어서 잘 됐으면 하는 집
브레드칸 청량리점,버스기다리다가 한번 사봤는데 다 맛있었어요.밤식빵도 맛있고 크로와상도 맛있어요. 담주에 갈 때도 다른빵으로 또 사보려고요. 기대됩니다.
브레드칸 청량리점,새벽출근할때도 열려있고 밤 늦게 퇴근할때도 열려있어 언제든 빵을 사먹을수있고 사장님과 사모님 모두 정말정말 친절하세요!빵 사먹는 손님 뿐만 아니라 알바생들에게도 친절하신것 같아요 점심에 알바생이 혜성칼국수 먹어보고 싶다하니 점심메뉴로 사주시는 광경 포착! 감동이사갔다 오랜만에 들려서 빵사갔는데 여전히 맛있어요!그런데 일요일 낮에 계신 직원분은 사장님사모님의 15만큼만 친절하셔도 좋을것 같아요 
브레드칸 청량리점,생크림스틱 맛있음!
브레드칸 청량리점,리뷰보고. 오늘청량리 가는길에생각나서. 방문포장제품도 다양하고 맛도좋아서재방문 기대합니다가성비도 
브레드칸 청량리점,맛있음
브레드칸 청량리점,생크림스틱 진짜 미쳤네요...빵피 완전 쫀득쫀득하고 3천원에 양도 많구
브레드칸 청량리점,합리적인 가격인데 맛도 훌륭함식빵이 맛있어서 글쓰는 중10점...10점이요
브레드칸 청량리점,아몬드머핀 두개짜리 사먹었는데 이틀 설사함 첫방문인데 이제 안갈듯.
브레드칸 청량리점,몇번 사먹어 봤는데 늘 맛있네요가격도 저렴하고 빵 종류도 다양하고 케이크도 크기별로 있어요! 영업하시다 보면 힘든 일도 많을 텐데 항상 밝게 웃어주시는 친절한 사장님 앞으로도 계속 웃을 일이 많으심 좋겠네요
브레드칸 청량리점,개인빵집인데도 맛은기본 가격은 더 기본..사장님친절..카드결제하기 미안할정도로 싸요.
브레드칸 청량리점,사장님 친절하세요 감사해요
브레드칸 청량리점,가성비 너무 좋고 맛있구.. 깨찰빵이 진짜 맛있어용
브레드칸 청량리점,저렴한 가격
브레드칸 청량리점,시몬빵 맘모스빵 맛집.맘모스빵 좀 많이 만들어주세요 제발...
브레드칸 청량리점,싸고 맛있긴 한데... 너무 달아요. 재료 질이 그렇게 좋진 않은것 같은 느낌 먹고나면 너무 달아서 피곤함
브레드칸 청량리점,이집 빵 먹으려고 태어남
브레드칸 청량리점,생크림스틱 바로 잘라서 주신다우유랑 같이 먹고 싶은 맛임오란다빵 견과류 굉장히 많이 붙어있고 맛있음사장님 굉장히 친절하시고 가격도 다 저렴해서 좋다
브레드칸 청량리점,먹을만합니다 특히 크림 도넛
브레드칸 청량리점,진짜 맛있네요.. 몇번 기웃거리다가 거의 다 팔려서 없을때만 가서 첨으로 며칠전에 빵이 많이 진열돼있어서 들어가서 이것저것 골랐는데...진심 밋있네요 이가격에 이품질 가능한가요? 감동..심지어 직원분들도 넘나 친절친절하심 사라다빵 진짜 매끼니로 먹고싶어요 아니 어떻게 빵이 다 맛있죠? ...
브레드칸 청량리점,메론빵이랑 미니슈랑 슈크림빵 추천합니당 여기빵 다 너무 맛있어요 재료도 좋은거 쓰시고 어떻게 이가격으로 파시는지 궁금.. 근데 추석때 안열어요 어제도 빵먹고싶었는데 닫으심 암튼 추천
브레드칸 청량리점,이 집 잘한다
브레드칸 청량리점,크림도넛 노티드 맛나서 너무맛있음 패스츄리도 샀는데 얘도 마싯슴.. 뭐지.. 또가면 생크림스틱? 사야지
브레드칸 청량리점,너무 맛있어요! 흔치 않은 동네 맛집 빵집이에요 
브레드칸 청량리점,슈크림빵 슈크림이 처음부터 끝까지 있다.....
브레드칸 청량리점,맛있어요 하지만 먹을만한건 한정된 것 같아요 할미입맛 저격하는 빵들이 많아요 초코 들어간 빵이 별루 없네요 그리고 가끔 도넛은 오래된게 진열되서 기름식은맛이 나요
브레드칸 청량리점,가격도 좋고.종류도 많고 다 맛있어요.
브레드칸 청량리점,여기 빵은 다 맛있음 바게트 호밀빵 버터갈릭?바게트 멜론빵 크림듬뿍들어간빵이름모름 햄치즈어쩌구바게트인가.. 암튼 전부 다 맛있음
브레드칸 청량리점,생크림이랑 메론빵이 맛있다고 해서 갔는데 전 찹쌀꽈배기가 젤 맛있었어용. 그 과자 꿀꽈배기 빵 버전이랄까. 그냥 일반꽈배기 안 좋아하는데 이건 맛있어요. 엄마는 생크림빵이랑 메론빵이 젤 맛있다고 하셨어용.
브레드칸 청량리점,사라다빵 맛있어요 사진도 안찍고 흡입했네염
브레드칸 청량리점,메론크림빵 존맛
브레드칸 청량리점,제가 싼빵집가면 소화가안되는데여긴 맛도 있고빵도 큰데소화가 잘됨재료도 안아껴요
브레드칸 청량리점,여기 맛좋음
브레드칸 청량리점,빵이 저렴하고 진짜맛있음!재료를 아끼지 않음
최원석의돼지한판&서해쭈꾸미 시립대점,맛은 있는데쓸데없이 비싸요!그래서 깔끔하겠거니 믿었는데철수세미 나와서철수세미 먹방 찍고 나왔어요
최원석의돼지한판&서해쭈꾸미 시립대점,맛잇음
최원석의돼지한판&서해쭈꾸미 시립대점,정신없음 맛없음
최원석의돼지한판&서해쭈꾸미 시립대점,결론 맛난데요?!낮은 평점이라 아쉬울뿐 늦게까지 열려있는 정문 고깃집이 없어서낮은 평점이지만 속는셈치고 갔습니다!근데 낮은 평점 받을 정도의 맛과 서비스는정말 아닙니다..되게 만족해서 먹었고 같이 간 친구도낮은 평점 왜 받았지?하면서 의아해했어용
최원석의돼지한판&서해쭈꾸미 시립대점,서비스 고기 구워주나 칼이 잘 안들고 웰던에 자주 뒤집음. 고기를 잘라서 던지듯이 불판에 뿌리면서 테이블에 닿음맛 고기가 오래 구워서인지...재방문의사 없음
최원석의돼지한판&서해쭈꾸미 시립대점,여긴 올때마다 기분 나빠서 나가게되는 곳이라서 다신 안갈거다.테이블 풀로 찼는데 직원 모자라서 서비스 최악!!고기 구워주는 곳들은 보통 불판 온도보고 맛있게 구워주는데 여긴 아주 바싹 구워서 질기고 맛없었다 버섯마져 바싹 구워주는 곳은 처음봄고기퀄리티도 별로고 반찬들도 신선하지 않음
최원석의돼지한판&서해쭈꾸미 시립대점,배부르게 먹었음
최원석의돼지한판&서해쭈꾸미 시립대점,들어가서 자리 앉으려는데 여기 비가 세서 다른 곳 앉으라해서 그러갑다 하고 다른곳 고르려는데 여기앉으세요함. 근데 그자린 문 바로앞이라 부담스러워서 좀만 더 들어갈게요 하는데 여기앉으세요! 여기앉아요! 2랄 하는거.. 하 뭐지 하고 내가 원하는곳 앉았는데 이번엔 다른직원이 이자리말고 저기가라함 두개테이블 있는곳 한곳은 남겨야된다고 아니 칸막이도 없고 모르는사람 바로 옆에서 먹는거 부담스러워서 원하는 곳 앉은건데 또 자리가지고 뭐라 하길래 가라는곳 걍 앉음. 메뉴 좀 보다 구석진곳에 진대하기 딱좋은 곳 자리 치우고있길래 저희 여기앉을게요 했는데 하는말이 그럼 좀 기다리셔야되는데요. 하 여기서 개 빡쳐서 그냥 가게 나옴. 손님이 원하는 자리 앉는거지 뭔 지들 동선이나 수고로움 조금이라도 처 줄일려고 이래라 저래라 3번이나 강요함? 지금생각해보니 처음에 고른 자리가 비가 새는지도 의문.
최원석의돼지한판&서해쭈꾸미 시립대점,고기를 구워줘서 좋음주먹고기보다 삼겹살이 맛있음
최원석의돼지한판&서해쭈꾸미 시립대점,고기퀄리티가좋아요
최원석의돼지한판&서해쭈꾸미 시립대점,항정살이 특히 맛있음
최원석의돼지한판&서해쭈꾸미 시립대점,여기는 항상 쭈꾸미랑 세트 먹으면 존맛임요
최원석의돼지한판&서해쭈꾸미 시립대점,고기 쏘쏘비냉 별로
최원석의돼지한판&서해쭈꾸미 시립대점,시립대 인근에서 가장 사치?부릴 수 있는 곳맛있어요!
최원석의돼지한판&서해쭈꾸미 시립대점,친절하고 무척 맛있으나 고기 질에 기복이 조금 있음
최원석의돼지한판&서해쭈꾸미 시립대점,쭈꾸미 볶음은 2인이상부터야 양도 많아써 같이 주는 밑반찬도 마시써 마요네즈 범벅 천사채는 중독적이야!매장이 넓어요
최원석의돼지한판&서해쭈꾸미 시립대점,고기가 맛있고 다 구워주셔서 편하게 먹을수 있어요
최원석의돼지한판&서해쭈꾸미 시립대점,맛있네요 직원분들도 정말 친절하시고!
최원석의돼지한판&서해쭈꾸미 시립대점,정말 맛있게 먹었습니다.
최원석의돼지한판&서해쭈꾸미 시립대점,맛은 괜찮은데 불친절함. 점심먹고 오래 앉아있으면 나이든 여직원이 눈치줌
최원석의돼지한판&서해쭈꾸미 시립대점,기대하고 찾아왔은데.. 맛이없네여..숙성삼겹2인분 먹었습니다..
최원석의돼지한판&서해쭈꾸미 시립대점,돼지 상태가 신선해서 그런지 정말 맛있네요!!고기구워 주시는 분이 잘 구워주셔서 정말 좋아요 지인들과 같이 와서 자주 오고 싶네요
이모네왕파전,사람이 그렇게 많지 않을 때 갔는데 전반적으로 만족스러웠어요!!엄청난 맛집까지는 아니고 그냥 파전에 막걸리 한잔하고 싶을 때 가기 무난한 거 같아요
이모네왕파전,예전에 왔을때랑 아예 달라졋어요 이제 전인지 파이인지 반죽 덩어리네요 예전에 줄서서 먹던 그때가 아닌듯요
이모네왕파전,예전에 먹었을 때랑 메뉴 구성도 바뀌었고 맛도 훨씬 없어졌습니다.. 다신 안 올 것 같습니다.사람이 많아서 대충 요리된건지 파전은 덜 익은듯 반죽맛이 느껴지고 곱창전골은 맹탕에 잡내 투성이입니다.자리에 앉아서도 먼저 부르기 전까지 5분이 넘도록 물 하나도 안 주고 책상도 안 닦여져서 휴지로 닦았습니다. 웨이팅하고 비싼 세트 시켰는데 후회하면서 30분만에 나왔어요.
이모네왕파전,회기 파전 골목을 대표하는 가게. 감자전과 떡볶이는 무난히 맛있는 편이었습니다.
이모네왕파전,걍 평타
이모네왕파전,파전을 그냥 못튀김 내가 튀겨도 이거보다 잘 튀기겠다.김치전을 만든건지 반죽 덩어리를 딥프라이 한건지..
이모네왕파전,사람 많은 토요일 8시쯤 갔는데 4번째로 웨이팅 하다가 단체가 빠지고 자리가 났다며 2층 제일 안쪽으로 안내해주셔서 훨씬 조용하고 오히려 대화하기 좋았어요!! 음식도 무난하게 맛있고 파전 양도 많아서 충분히 안주 즐기기 좋은곳!! 또 고싶어여
이모네왕파전,가성비 최고사람 적을 때 가면 두말할것도 없음좋다는 뜻
이모네왕파전,맛있어요 북적거려요계란말이 30분넘게 걸렸어요
이모네왕파전,세트 주문했는데 나오는데 파전 나오는데까지 50분 걸려요 저희보다 일찍 오신 분들이 옥수수 먼저 받고 옥수수도 세번이나 말해야 인상쓰고 툭 던져주고 가십니다 돈 내고 진상취급 받고 싶으시면 가세요 
이모네왕파전,30분기다려서 들어왔는데파전 나오는데 1시간 걸렸네요예전보다 맛도 많이 떨어지고2층 일하시는 직원분들 최악이네요
이모네왕파전,가격은 좋았어요친절은 기대하지 마시고맛도 그냥저냥저는 전 보다는 곱창전골이 맛있었습니다메뉴와 막걸리가 다양해서 좋았어요
이모네왕파전,처음에 리뷰 보고 긴가민가 했는데 저는 괜찮았어요 일단 가격이 무척 저렴하고 세트로 시키면 메뉴가 다양해서 가성비 있네요자리는 원하는 곳에 못 앉고 정해주시는 곳에 앉아야 함 주변이 엄청 시끄러워서 편하게 대화하는 건 좀 어렵지만 맛있고 기분 좋게 파전막걸리 먹기 좋았어요회기 가면 또 방문할 듯!
이모네왕파전,기름덩어리
이모네왕파전,파전은 맛있는데 주변이 너무 시끄러워서 대화하기는 조금 힘들었어요 
이모네왕파전,밥에서 쉰내 났어요. 가격대비 양은 정말 푸짐했어요.
이모네왕파전,예전에 맛있었던 기억으로 갔는데 전에 기름이 너무 많아서....실망스러웠어요
이모네왕파전,해물파전 기름범벅에오징어만있는파전!불진절에아줌마들수다에시장바닥인줄!그러니파리날리는데예약석에앉으려니카운터담당이막내!사람도없는데있는척을하니코미디인줄!그래빨리망해라!재수옴붙어서액땜했쑤다!댓글도사치!!!별한개도사치!
이모네왕파전,전은 아쉽 숨겨진 곱창전골 맛집이었음.....
이모네왕파전,불친절하고 자리를 본인들이 정하려 함. 전도 매우 느끼하고 감자전은 밀가루가 더 많은지 팬케잌 같음.
이모네왕파전,학창시절의 추억이 고스란히 있는 곳최근에 다시 방문해보니 파전 김치전은 여전히 맛있네요세트 메뉴에 있는 다른 것들은 좀 아쉽습니다
이모네왕파전,1. 시간 세트 주문하고 파전이 나오기끼지 삼십분 넘게 걸림. 나머지 세트들 다 나올때까지 사오십분 걸림. 주말이나 금요일도 아니고 화요일 저녁시간이었음.2. 파전 파전 겉은 타고 속은 밀가루 반죽물이 흐를정도로 안익음. 익혀달라고 요청해도 원래 그런거라고 거절.3. 위생 세트에 딸린 사이드메뉴가 잘못 나옴. 한젓가락 집었다가 이상해서 물어보니 잘못나간거라고 하면서 이미 젓가락으로 헤집었던 그릇을 가져다가 옆테이블에 그냥 줌.그릇과 컵 설거지 제대로 안돼서 음식찌꺼기 묻은채로 나옴. 바꿔달라고 하니 가져가서 테이블 닦은 행주로 슥 하고 돌려줌.4. 응대 뭔가가 잘못됐다고 사장님한테 물어보면 대답하는게 아니라 서빙하는 직원을 향해서 소리지르며 화냄. 미안할 정도로 소리를 질러서 더이상 말 못하게 막아버림.5. 음식상태가 안좋고 피드백도 안돼서 절반만 먹다 나왔는데 저녁부터 바로 배탈.하지만 워낙 유명한 집이고 대학생들 상대로 하는 가성비집이라 망할 일은 없어보임. 직장인들이라면 제발 다른 곳을 찾아보길 바람.
이모네왕파전,가성비가 최고하지만 튀김이랑 다른 메뉴는 진짜 별로
이모네왕파전,맛은 그럭저럭파전 하나 시키고 30분걸림
이모네왕파전,난 여기가 왜이리 좋은지 세트는 둘이서 많아요!
이모네왕파전,비오는 날이면 생각나는 가성비 맛집
이모네왕파전,파전이 약간 기름에 쩔어있기는 한데 술안주로는 괜찮았어요 그리고 떡볶이가 맛나요..떡볶이 맛집이에요..?오삼불고기는 별로였고그냥 대학생들 가성비 술집이라고 생각하면 좋아요 맛을 생각하고 가기엔 그냥 그렇슴다
이모네왕파전,가성비좋아요 그치만 맛이 많이 떨어짐요가게에 사람들이 꽉꽉찼고 가성비에 만족스러운 분들도 계신거 같은데 저처럼 30대 중반에게는 굳이 또 오지않을 곳이에요
이모네왕파전,주문도 늦게 나오고 김치 파전에 오징어 들어있는 것도 의아하고 내가 원하는 김치 파전도 아님.. 도토리 묵도 묵은 별로 없고 당근 채와 부추만 잔뜩 있음
이모네왕파전,괜찮습니다. 분위기 좋고 메뉴도 다양하고 맛있어요.
이모네왕파전,우리 회기역 파전골목 파전집 이모네왕파전 은요..매장이 진짜 정말 놀라서 깜짝놀랐던 곳이에요..일요일 밤에 방문했는데도 생각보다 사람이 많았었어요..메뉴는 다 무난했지만 메인인 파전만큼은진심이였던 곳이였어요..튀김은 정말 바삭하고 안에 들어가있는파는 부드러우면서 씹히는 오징어 저작감이굉장히 좋았답니다..올드한 인테리어에 위생은 좋아보이진 않지만태블릿 있는 게 신기했어요..파전 먹으러 가면 좋을 로컬 맛집 느낌이였답니다..
이모네왕파전,가성비는 좋은데 음.. 파전이 기름범벅...
이모네왕파전,오래전부터 추천도 많이하고 친구들 데려가서 찐맛집소리도 듣고했엇는데....진짜로 변했습니다..파전도 얇아지고 그냥 부침개같아요..기름도 너무 많고..실망스럽습니다.
이모네왕파전,가성비이 골목에서 가장 장사 잘 되는 곳
이모네왕파전,김치파전 맛있어요. 추천!!!또올게요
이모네왕파전,2022.06단골이었는데 어느새 파전이 기름만 있네요 퍼석퍼석하니 맛도 없어져서 이제 안오려구요
이모네왕파전,기름듬뿍맛...............
이모네왕파전,리뷰가 그나마 나아서 온건데 그냥 동네 파전집느낌파전거리래서 좀 기대해서 그런가봐요 2차로 왔는데양은 뭐 그럭저럭..?맛없다 그런건아닌데 왜이렇게 부서지는지 모르겠네요
이모네왕파전,갓갓갓성비 2차 장소로 딱이에요
이모네왕파전,낮술은 파전에 동동주지회기파전골목에 점심에도 여는 파전집이야고추튀김도 꼭 같이 먹어봐
이모네왕파전,2번째 방문입니다. 2021.02.09 방문이 처음세트메뉴마다 떡볶이 들어있는 게 마음에 안 들어서 파전 단품 하나만 시킴. 어차피 전만 먹으러 온 거고 나중에 전 세트 하나 더 시킬 생각이라 별 생각 없이 전이랑 소주 시킴. 근데 주문 받던 분이 크게 혼잣말로 들으란듯이 차라리 세트를 시키지하면서 혀를 차고 감. 일단 여기서 1차 빡침.그리고 장장 30분 만에 나오더니 이 퀄리티... 전에 한 번 왔던 기억 있어서 와봤는데 너무 달라서 놀랐음. 전 안쪽은 축축하고 덜 익고 모양도 안 잡혀있음. 다른 테이블 보니까 멀쩡하길래 우리 것만 이상해서 직원 불러서 물어보니까 오징어에서 나온 물 때문에 그런거지 다 익은 거라고 함 애초에 축축하고 젖은 상태부터 문제 있는건데 걍 닥치고 먹어라고 하는 수준이었음...세트 안 시켜서 이 모양 이꼴인 건지 사람 많다고 유세 부리는 건지 몰라도 웬만해선 불평 없이 먹는데 이건 돈 너무 아까워서 바로 나옴. 다신 안감 망했으면 좋겠네요 2호점까지 내신게 좀 신기할 수준이네요.
이모네왕파전,파전 맛있고 막걸리 좋습니다
이모네왕파전,안주 양 지이이인짜 많고 맛있어요!! 막걸리도 종류 다양해서 넘넘 조아요 해물파전도 바삭바삭하고 해물 많이 들어가있구 김치전도 치즈 양 짱 많아요 파전 땡길 때 오면 딱 좋을 거 같아요!!
이모네왕파전,술맛이 사악 돌아요 
이모네왕파전,저렴해서 얇은 지갑 걱정없이 먹을 수 있는 곳.
이모네왕파전,싸다... 파전이 맛있음항아리 막걸리랑 곱창 전골은 추천하지 않음..
이모네왕파전,친근하고 좋았음
이모네왕파전,가격 대비 양 정말 푸짐해요 친절도는 보통입니다
이모네왕파전,가성비 갑 전이 엄청 두꺼워요
이모네왕파전,가격도 적당하구 자리넓고 친절해용
이모네왕파전,회기파전은 진짜 저렴한데 양이 많다리얼 갓성비김치치즈파전 보다는 그냥 파전이 더 맛있었음
이모네왕파전,떡볶이 하나에 막걸리 한병클리어.가격보고 조금씩 나올줄알았는데 완전 배터지게 먹음
이모네왕파전,가성비가 엄청 좋았어요! 역시 대학가 앞
이모네왕파전,추억의 장소.회기에서 막걸리 먹을만한데가 파전골목말고는 딱히 갈만한 곳이 읎다파전골목은 두 집만 다녔는데 특별한 이유는 없고상대적으로 편해서.
이모네왕파전,가성비 굿 떡볶이 맛집
이모네왕파전,파전집이라 화장실 더러울까봐 걱정했는데 화장실 상태가 양호해서 너무 좋았어요. 그리고 세트 메뉴 구성도 다양해서 골라 먹는 재미가 있습니다 추천해요
이모네왕파전,가성비 압도적셋트 두명이서 먹기에 엄청많음.단품과 막걸리 한잔시켜도 충분히 먹을듯.맛도 맛있음.결론 아 양이 너무 많다
이모네왕파전,여전한 가격 여전한 맛 사람만 드릅게 많음
이모네왕파전,세트 메뉴 시켰는데떡볶이만 나오고한 20분 지나고 다른 메뉴가안 나오길래 떡볶이만 계산 하고 간다고 하니그건 안된다고 주방에 제촉 했다는데그리고 5분후 인가 파전나오고파전도 식어서 기름덩어리 일반코스 요리 도 이 기다리는 시간보다 더 빠를듯...비교 하고 싶지 않지만종로 광장시장 가서 빈대떡 만드는법 좀 배우시길 바랍니다회기 파전 골목 참 가슴 아프게 망가지는거 같음
이모네왕파전,너무두껍고 기름맛이강함...
이모네왕파전,위생은 엉망 전을 새카만 장갑으로 뒤집고 수저는 끈적인다. 심지어 주문한 음식도 안 나와서 짜증이 나있는데 할머니가 와서 건빵이 들어있던 그릇을 그릇이 부족하다는 구실 말도 안 하고 탁하고 가져가버려서 폭발해서 대판 싸우고 나옴
이모네왕파전,위생이 엉망임. 왜 다들 여기 가는지 모르겠다. 안좋은 기억들만 남고 다시는 가고싶지 않은 곳.
이모네왕파전,맛있어요
이모네왕파전,양 정말 많고 가격저렴 맛도 괜츈
청량리혜성칼국수,칼국수가 순대국보다 비싼지 의문이네.
청량리혜성칼국수,꾸준히 찾는 맛집든든합니다
청량리혜성칼국수,살면서 먹어본 멸치국물 중 이곳이 원탑입니다식사 마치고 집에 돌아와서도 계속 생각나는 맛입니다. 주문이 잘못 들어가거나 늦어지는 등의 이슈는 항상 있어왔던 집으로 아는데 그걸 커버하고도 남을 만큼의 칼국수 맛입니다
청량리혜성칼국수,음... 별점이 낮긴 했는데 일단 가봤습니다. 가격은 살짝 비싼감이 있지만 못먹을 가격은 아닌데 주문 받아놓고 20분 기다렸는데 주문한거 뭐냐고 다시 되물어보네요.. 여러모로 슬픔요
청량리혜성칼국수,맛과 질은 괜찮은데 가격이 비쌈8000원 정도면 맞을
청량리혜성칼국수,웨이팅때문에 별점이 낮아서 안타깝습니다. 가격대비 맛과 양 훌륭하고 노포임에도 깨끗합니다.
청량리혜성칼국수,리뷰 보고 약간 쫄아서 갔는데 의외로 괜찮았음!밖에서 줄 서 있었는데 더우니 들어와서 기다리라고 하셔서 일단 좋았어요.음식도 미리 해 놓은 거 주신 것 같지도 않고 주문 받고 조리해주신 것 같았어요.닭칼국수랑 멸치칼국수 하나씩 주문했는데 닭칼국수는 닭비린내 별로 안 나서 좋았고 면발도 적당해서 맛있게 먹었어요. 국물도 맛있음멸치칼국수 좀 뺏어 먹었는데 후추맛이 너무 강해서 약간 저한테는 불호였어요.국수 양 많고 김치도 맛있어요.물컵은 따로 없고 처음에 주시는 스테인레스 밥그릇 둘 중 하나에 따라 마시면 됨. 근데 고춧가루 묻어있을 수 있으니 확인 잘하세요...암튼 맛있게 잘 먹었습니다!
청량리혜성칼국수,솔직히 족금 어릴때 갔을 때 무시했는데 오짐닭칼국수 국물이랑 김치 쩜
청량리혜성칼국수,진한 멸치육수 좋고 김치 맛있습니다.양 많고 면이 굵어서 저는 아쉬웠습니다.얇고 부드러운면 선호
청량리혜성칼국수,항상 잘 먹고갑니다.
청량리혜성칼국수,특유의 닭냄새 때문에 닭육수 싫어하는데 그 냄새가 안나서 좋았음. 주변의 냄새로 보아 한방재료로 냄새 잡는 듯. 국물맛이 감칠맛 나면서 시원하고 면은 약간 툭툭 끊기지만 나쁘지 않음. 일반적인 안동국시나 칼국수들과는 꽤 다른 스타일로 양평쪽 냉면처럼 이 스타일은 여기 밖에 없을 듯. 특히 다대기가 요즘 다른 집들처럼 짜고 단 맛이 없이 마늘의 알싸한 매운맛이 올라오는데 상당히 매력 있음. 그래서 먹고 나면 명동교자 먹은 듯한 느낌?? 김치도 특별히 맛있지는 않으나 짜지 않고 기교없이 기본적인 맛. 항상 얘기하지만 프랜차이즈에 길들여진 입맛은 고급호텔식당 가도 맛없음. 이 집은 확실히 내공있는 맛집임. 할머니께 굽신굽신 계산하며 나오게 됨. 참고로 사람 별로 없는 14시에 방문했음.
청량리혜성칼국수,그것도 칼국수라고 맛 없음
청량리혜성칼국수,닭칼국수 정말 맛있어요...두말 없이 그냥 왜 사람 많은지 알 것 같은 맛김치가 진짜 맛있고 국수가 넙적한 기성 칼국수사리 스타일이 아니라 두툼하니 우동면같은 식감인데 국물도 넘 맛나서 꼭 여길 가면 배불러도 한그릇 싹 비웁니다
청량리혜성칼국수,다대기에 마늘향이 굉장히 강해서 좋습니다. 향이 워낙 강해서 육수 맛이 묻히기도 하니 옆 그릇에다 국물을 옮겨서 다대기 풀어먹으면 맛있습니다.맛은 만족스럽지만 가격은 칼국수치고 비싼게 사실이긴 합니다.
청량리혜성칼국수,그저그런맛 이곳이 왜 맛집인지 어리둥절
청량리혜성칼국수,늘 지나치며 맛집 아닐까 싶었는데 예상이 틀리지 않았다. 닭칼국수는 안먹는 편인데 이 집은 찐이다.
청량리혜성칼국수,멸치칼국수 맛있어요
청량리혜성칼국수,맛있긴한데 긴 웨이팅하고 먹으면 조금 당황스러울수도 있을것 같아요
청량리혜성칼국수,는 노포. 금붙이를 두른 할머니가 카운터에 있는 거에서 게임 끝. 노계의 진한 맛. 질긴 식감. 애기들 입맛에는 안맞음. 영계만 찾는 닭칼국수 씬의 독보적 탑. 똑같이 한 길만 갔더니 세상이 바뀌어서 독특해진건지도?
청량리혜성칼국수,무슨 칼국수가 주문하고 1분도 안되서 나오는지.. 면은 불고 국물은 미지근하고 닭은 누린내가 장난이 아니고 유튜버들이 하도 맛있다 하길래 일부러 김포에서 엄마 모시고 갔는데 참말로 이런 칼국수는 사십중반 인생 처음 봅니다 조미료맛은 그렇다쳐도 칼국수 면발이 이게 뭡니까 설익었는데 퉁퉁 불은 면은 첨 봅니다 재방문은 없겠지만 오늘 날도 더운데 주차하고 너무 멀리 걸어가서 울 엄마께 죄송해서 한마디 적습니다저어기 밑에 후기 남기신분이 단골들은 생면으로 해준다하는데.. 나도 생면으로 끓인 칼국수 좋아해서 간건데.. 불은면은 나도 싫은데그렇다네요
청량리혜성칼국수,언제나 믿고 가는 대존맛 맛집!
청량리혜성칼국수,1인분 포장 안됨. 전에는 됐는데 포장은 2인분부터 가능.
청량리혜성칼국수,멸치칼국수 10000원멸치국물은 진한편이나 가성비 별루임비추함
청량리혜성칼국수,진짜 너무 실망 .. 국물 김치는 좋은데 면이 별로에요 막국수같이 뚝뚝끊겨요 찰기없음 저희 테이블2명옆테이블1명 주문 넣으실때 한명은 생면 이라고 주방에 말씀하시는거 보니 단골은 생면 삶아주시고 저희는 삶아놓은면인가보네요..
청량리혜성칼국수,맛있습니다.멸치. 닭 칼국수 각각 먹었습니다.김치도 직접 담으신 것이고...칼국수 서빙 해주실 때남자 사장님 손가락 푹 담가주십니다.전 비위가 좋은 편그런게 노포의 맛이라는 분도 계실 수 있겠습니다만...정말 아쉽네요.그래서 별 한 개
청량리혜성칼국수,정말 오랜된집이고 여기오면 옛추억감상으로 칼국수를먹곤하는데...헐..이게먼일인지...멸치칼국수를주문한지 1분도 안되서나와 짬짝놀랐어요...근데...헐..면은 뚱뚱불어있고 거기에 국물만 부어서 주다니...살다가 이런칼국수 첨먹어봐...어쩜 이렇게 성의없게 주실수있죠?너무 배고팠는데 다 냉기고 나가서 빵사먹었어요...정말 너무실망했어요..
청량리혜성칼국수,약간 진순맛 나는데 꽤 괜찮습니다
청량리혜성칼국수,김치가 예술. 양념장을 넣으가며 먹는 맛이 있다. 계속 오르는 가격은 조금 아쉽지만 맛과 든든한 양에 잠시 가격은 잊는다.
청량리혜성칼국수,칼국수 별로 안 좋아하는데 맛있다멸치칼국수가 닭보다 더 맛있음김치도 감칠맛
청량리혜성칼국수,오랜만에 먹었는데 역시나 맛있네요!임신했을때 칼국수 국물이 얼마나 먹고싶던지...한그릇 포장해서 집에서 끓여 먹었답니다!그맛을 잊을 수가 없네요
청량리혜성칼국수,자극적이지만 계속 생각나는 맛김치가 달달하니 감칠맛이 대단하다다대기는 마늘이 왕창 들어가 알싸하다 본연의 국물맛을 즐기다가 중간에 넣을 것!손으로 툭툭 잘라낸 면발의 식감이 매우 재밌다
청량리혜성칼국수,예전같지 않네요 가격은 비싸지고 김치하나 더달라고해도 비싼데 왜 더 달라고하는 주인할머니 딸때문에 눈치보여서 먹질못하겠네요 맛도 점점 떨어지면서
청량리혜성칼국수,웨이팅이 있긴하지만 기다리고 먹을 가치가 있다고 생각합니다 저는 닭추천해용
청량리혜성칼국수,괜찮긴한데 막 그렇게 줄스면서 먹을정도는 아닌것같아요. 솔직히 그냥 평범하고 더 맛있는 칼국수 찾기 어렵진 않을것같네요. 국물에 딱히 깊은 맛 감탄할 맛은 안 나오고 면도 생각보다 칼국수의 그 특유한 씹는 재미가 덜한것 같고요. 김치는 그래도 맛있었던걸로 기억합니다.
청량리혜성칼국수,깔끔한 국물의 칼국수! 계속 계속 들어가요
청량리혜성칼국수,친구가 하도 맛있다고해서 갔는데 진짜 맛있더라구요
청량리혜성칼국수,가성비 갑인데...국물도 찐하고 맛있고 면은 쫄깃한 식감은 아니라 아쉬우나 이정도면 상당히 마음에 듭니다.진짜 진가는 육수와 국수 원하면 더 주신다는 미친 사실.
청량리혜성칼국수,갈때마다 만석이에요. 전 싱거운걸 좋아해서 닭보다는 멸치육수를 더 좋아합니다. 진한 국물 좋아하면 닭 추천드려요. 면발이 다른 칼국수집과 다른.. 튼튼한? 면발인데 취향이면 여기 못끊습니다... 거의 매달 한번씩은 가는 듯...
청량리혜성칼국수,김치와 닭칼국수 진심 존맛탱이라고 후기남긴 이후에 1년만에 다시왔는데 완전 육수도 맛 나고 맛 없어요
청량리혜성칼국수,68년 개업 노포예요예전 보다 맛은 더 깔끔해진거 같아요멀리 이사 가서 생각나서 일부러 방문 했어요
청량리혜성칼국수,면이 오동통통하고 불지 않아서 좋았습니다. 또국물이 참 맛있더라구요 전 닭칼국수보다는 멸치칼국수 국물이 더 맛있었던 것 같아요 멸치 맛이 아주 잘 우러난 듯 했습니다. 양념장을 넣으면 해장국처럼 칼칼해져서 이건 나중에 맛만 보셔도 될 것 같아요 
청량리혜성칼국수,몇십년이 지나도 변함없는 맛.. 멸치칼국수가 좀 더 맛난듯..
청량리혜성칼국수,베스트
청량리혜성칼국수,국물이 라면스프 맛 같은데 묘하게 가끔 생각나서 먹게 됨.솔직히 10분 이상 웨이팅 할 정도는 아님
청량리혜성칼국수,노맛 불친절
청량리혜성칼국수,남편이 학창시절 가던 칼국수집이라고 해서 가봤네요.멸치칼국수는 멸치 맛이 강하고..국수는 두껍고 투박해요.전 야들야들한 면을 좋아하고강한 멸치 맛은 안좋아해서 제 취향은 아닌걸로..
청량리혜성칼국수,독특한 면발에 마늘양념장 조절이 가능해서 좋습니다. 주차가 문제지만 점심때 인파를 피해서 먹으러갑니다 멸치도 닭도 맛있습니다.
청량리혜성칼국수,소문 만큼 맛있지 않습니다. 쫄깃한 면발이 아니고 뚝뚝 끈어지는 면발이에요. 맛있다는 소문에 다녀왔지만 저는 그냥 그러네요.
청량리혜성칼국수,양으로 놀라고 김치맛보고 놀란집
청량리혜성칼국수,학교다닐때부터 종종 먹었었고 아내와 연애 전부터 결혼하고 나서까지 방문하는 최애 칼국수집입니다.한강 건너와서 먹을만큼 정말 맛있습니다.김치를 매일매일 담구셔서 김치맛도 기복없이 훌륭해요.멸치는 먹어본적이 없고 닭칼국수만 먹습니다.여사장님이 항상 테이블 돌아다니시면서 부족한거 없는지 물어봐주시고 김치 떨어지면 알아서 챙겨주시고 면도 부족하면 더 주시고 장사는 이렇게 하는거다를 배우고갑니다.건강하시길 바랍니다.
청량리혜성칼국수,너무 맛없습니다 후추국에 안익은 두부몀 먹는느낌입니다
청량리혜성칼국수,레토르트 식품 맛이 나고 면의 퀄리티는 그보다 못 합니다. 줄을 서고 기다려서 먹을 만큼의 맛은 아닙니다.
청량리혜성칼국수,면이 너무많아서 닭맛이 안남 치킨스톡좀 쓰삼
청량리혜성칼국수,솔직히 그냥 그래요..건데기도 거의없고 국수만 많습니다...
청량리혜성칼국수,진짜 최고 동네주민 6년차인데 대존맛집 있는거 이제야 알았네요 칼국수가 얼마나 다르겠어 하고 갔는데 진짜 면도 직접 뽑으신 느낌 팍팍에다가 국물부터가 본좌임 삼계탕 국물같이 진하고 쫀쫀해요 그리고 한창 정신없는 주말 점심에 갔는데도 일하시는 분들이 친절하고 손도 빠르셔서 기분좋게 먹고 나왔어요! 항상 바글바글 한데도 친절하신건 정말 대단한거같아요양도 혜자입니다 거의 1.5인분 되는거같아요아참 그리고 자주 줄서있는데 회전율이 빨라서 금방 들어가서 먹을 수 있답니다
청량리혜성칼국수,그냥 맹맹했어요. 면맛이 강한느낌
청량리혜성칼국수,진한 육수맛 칼국수도 맛나지만 김치가 더 맛나요
청량리혜성칼국수,여기가 왜 3.5인가 인생 칼국수 집이다 난 국물이 찐한 맛을 좋아하는데 여기가 딱 그런 인생 칼국수였음. 김치도 존맛. 닭 멸치 같은 베이스인데 걍 맛있
청량리혜성칼국수,추천 탱글한 면발과 맛있는 김치. 알싸한 마늘 양념장 비추천 국물의 특별함은 글쎄..?메뉴 닭칼국수
청량리혜성칼국수,정겹고 친절하고 양 푸짐한데 딱 거기까지.. 맛은 평범합니다
청량리혜성칼국수,20년 단골입니다. 오늘 또 다녀왔는데 여긴 맛이 한결같아요 정말
청량리혜성칼국수,저만 갈거니까 다들 가지말아주세요..
청량리혜성칼국수,레트로한 분위기에 칼국수집이었어요. 닭칽국수 맛있게 먹었는데 다들 면 리필해서 먹는 분위기더라구요.근데 개인적으로는 물그릇에 고추가루가 있어성 쪼금 실망. 그래도 맛있게 먹었습니다
청량리혜성칼국수,여기 진짜 맛있는데사람많아져서 못가고있어요김치 많이먹는데 다 먹어가면 알아서 소 바꿔주세요 명동에있는 곳 보다 맛있음 
청량리혜성칼국수,사장님도 친절하시고 서빙하시는 분도 친절하세요.맛도 괜찮구 심심하다 싶으면 다대기 넣으니깐 칼칼하니 맛있어요.단 유일한 단점이 칼국수 면이 너무 두꺼워요. 일반적인 얇은 면이면 더 맛있었을텐데 조금 아쉬워요
청량리혜성칼국수,우연히 들어갔는데 오전 11시인데도 사람들이 바글바글... 같은 가격이라 멸치 대신 닭칼국수로 시켰는데 너무 맛있음!!! 괜히 사람이 많은게 아님. 김치도 담근 김치 맛. 나올때 알아보니 밥으로도 시킬수 있는 것 같음.
청량리혜성칼국수,9천원이 아깝습니다맑은 사리곰탕면 맛이 납니다면이 텁텁한 느낌이 있습니다김치도 좀 텁텁합니다나오는데 줄 서 계신 분들 보고 안타까웠습니다닭칼국수만 먹었습니다 멸치는 몰라요
청량리혜성칼국수,추억으로먹는집.닭칼멸치 뭘로먹을까 고민이필요함.예전의 닭칼국수 진한국물맛을 보려면 시간대를 잘 선택해야할듯. 양은 불만없이..무한정 리필 가능하고 언제나 자리지키고계신 주인장할머니와 아드님 홀서빙도 하면서 충분하니 불만가질 이유없어보임.
청량리혜성칼국수,이거 먹으러 광명에서 여기까지 지하철타고 왔습니다.면 나오는데 15분 기다리는거까지는 괜찮았는데..면이 하나도 안 익어서 딱딱하고 국물은 다시다맛에 엄청 짰어요.. 왜 유명한지 모르겠어요.. 태어나서 먹은 국수중에 죄송하지만 제일 맛이 없었습니다. 가격이 9천원이라서 그런지 양은 많네요. 이 더운날 너무 후회됩니다...
청량리혜성칼국수,굳이 면발이 불어 맛이 없는 칼국수집을길게 줄 서서 먹고 있다는게 아쉽네요노포 맛집이라는 댓글을 보고 찾아가서대실망하고 왔네요국수 킬러인 둘째도 남기고 온 집다시는 안가렵니다
청량리혜성칼국수,다시다맛.. 마트면..
청량리혜성칼국수,와 가격 쳐올린거보소...아니 진짜 노이해라서 그러는데 왜 유명해져서 사람 몰리면 가격을 올리냐?괘씸하다 진짜
청량리혜성칼국수,칼국수 주실때 서빙하시는분 손톱 반쯤 담궜다 주십니다 친절은 하신데 그거 보는순간 오바이트 쏠려서 다음엔 못갈듯요
청량리혜성칼국수,하..쯔양인지뭐시기인지다녀간이후로1인분포장안되고미쳤나싶음
청량리혜성칼국수,내 삶에 여러 칼국수 중 여기 닭칼국수가 최고
청량리혜성칼국수,닭 멸치 선택은 2가지...개인적으로 나는 닭칼국수를 더선호하는편 국물은 첫맛은 강하게온다...달콤탕국물과는 좀다른...하지만 먹다보니 익숙해지게된다...면은 맛있고 모자라면 면이고 육수고 더주신다...친절함 또한 맘에든다. 가격은 9000원으로 쫌 높은것 같기도
청량리혜성칼국수,사리곰탕 맛 나는 닭칼국수 헤헤느끼한 거 먹을 때마다 생각나요
청량리혜성칼국수,국물 진하고 매콤한 마늘김치 존맛! 니 뭐 본연의 맛이니 유난떠는 분들은 평생 평양냉면이나 쳐드셈 메뉴는 무조건 닭칼드세요
청량리혜성칼국수,국물이 삼계탕처럼 꾸덕함면 탱탱조미료 맛이 나 호불호갈릴수도라면 스프나는 호김치 맛있음친절위생 괜찮음재방문의사 55퍼
청량리혜성칼국수,면 쫄깃하니 정말 맛있고 김치도 존맛이에요 다만 국물에서 인공적인 조미료맛이 강해서 금방 질리는 맛이에요.. 그냥 닭 육수로만주셔도 맛있을 것 같은데 아쉬워요
청량리혜성칼국수,맛은 있는데 남자랑 여자랑 양 다르게 주시네요
청량리혜성칼국수,넘나 맛있.....지만 칼국수에서 초파리 하나가 나왔어요...!!! 하지만 단백질로 생각하고 그냥 건지고 먹었슴다.. 위생 안좋은 곳은 아니고 요리하다 잘못 들어갔나봐요... 맛있어요..!
청량리혜성칼국수,양 엄청 많고 천천히 먹느라 불어서 국물 없어지니까 사장님께서 국물도 더 따라 주셨어요 감동... 그리고 진짜 맛있어요
청량리혜성칼국수,부모님 데이트하시던 시절부터 다시니던 곳이라 어릴때부터 먹어왔던 칼국수.애기일때부터 다녔던 식당이라 나만아는 맛집인 줄 알았는데 이미 유명한 맛집이었더라구요.제 입맛엔 딱인 칼국수여서 근처 지나갈 일 있으면 항상 사옵니다. 이게 또 가서 먹는거랑 집에 와서 조리해서 먹는거랑 맛이 다르더라구요.가서 먹으면 국물이 깔끔하고 집에서 끓여먹으면 푹 끓여서 국물이 진득해져요.저는 개인적으로 닭보단 멸치칼국수 비조리포장해서 집에 와서 끓어먹는걸 좋아합니다 양도 푸짐해서 꽤 여러번에 나눠먹어요.면에 밀가루를 체에 밭쳐서 여러번 털어내고 국물은 좀 넉넉히 넣고 국물이 팔팔 끓으면 면을 투하합니당.면이 좀 두꺼워서 익는데 시간이 좀 걸리고 중간중간 끓어넘칠 수 있어 잘 지켜봐줘야 하는데이 인고의 시간을 거치면 진한 칼국수를 맛볼 수 있는데 정말 맛있습니다 내일도 청량리 근처 지나가니 오랜만에 포장해와야겠네요. 신난다
청량리혜성칼국수,닭칼육수가 존맛이어서 닭칼만 먹는중입니다 배달도 빨리 오고 올때도 따뜻하게 옵니다 양 엄청 푸짐한편 특히 겉절이 맛이 예술
청량리혜성칼국수,무조건 멸치. 닭칼국수는 닭 잡내가 나서 일편단심 멸치칼국수만 먹고 있습니다.면도 더 추가 가능해서 배터지게 먹고 나올 수 있습니다. 같이 나오는 김치도 칼국수와 너무 잘 어울려서 맛있어요 
청량리혜성칼국수,여친이 좋아하는 맛집닭칼이 맛나요
청량리혜성칼국수,가득한 국물맛... 자극적이고 자꾸 생각 나요 면 많고 김치 맛있어요
청량리혜성칼국수,존맛탱멸치국수도있는거같던데다음에 먹으러 가려고요
청량리혜성칼국수,짜고 너무 강한 조미료 맛라면스프맛싸게 먹을 수 있는 국수집
청량리혜성칼국수,김치 맛나고 칼국수 맛남
청량리혜성칼국수,여기 양 푸짐하고 맛있어요
청량리혜성칼국수,겉절이 굿국물은 진하나 텁텁
청량리 독 고기,시립대생들의 오래된 아지트 느낌이려나고기는 버터바른 듯 양념바른 듯 달달하고 꽤나 가성비 좋고 2명이서 가면 3인분 시키고 사이드 하나 시키면 배부르게 먹을 수 있다. 분위기는 호불호 갈릴만 하다
청량리 독 고기,버터맛나는고기였음다시한번가고싶음
청량리 독 고기,가성비맛집! 술잘들어감
청량리 독 고기,가성비 대학가 근처 고기집 쏘쏘
청량리 독 고기,양 적은데 아쉽지만 맛있음
청량리 독 고기,가게 진짜 엄청 좁고 밥집 분위기는 아녀요..그치만 분위기가 매력적이고 가성비가 좋아서 종종 돈없는데 양념된 돼지갈비 스타일이 땡길 때마다 갈 것 같아요고기 양이 조금 적은 편인지라 사이드로 김치말이 국수랑 도시락 꼭 시키세요
청량리 독 고기,시립대 주변 노포 분위기의 명물 가게입니다. 조폭불고기라는 메뉴가 시그니처이고 가성비 있게 맛있습니다.
청량리 독 고기,그 시절 감성 인테리어 노래 양푼냄비 옛날 도시락까지.. 분위기도 분위기지만 전체적으로 가격도 옛날 느낌 그대로! 가성비도 좋고 맛도 좋고 특히 메인메뉴인 조폭불고기와 다양하게 먹을 수 있는 무쌈 채소 김치말이국수 소스 등이 있어 좋았던 시립대학교 근처 맛집 독 양이 많지는 않아서 많이 먹는 사람이면 둘이서 3인분은 시켜야 든든할 듯?!
청량리 독 고기,왕싸구 맛있어요 상추나 깻잎 대신 배추주는곳!!추가 배추는 셀프아니구 더달라고 사장님께 말씀드리면 주십니다
청량리 독 고기,어설픈 유머와 어울리는 맛. 가격은 저렴한편.
청량리 독 고기,힙지로 왜가나 독이 있는데 
청량리 독 고기,최고가성비!!
청량리 독 고기,가끔 뻑뻑한데 잘구우면 이만한곳이 없음
청량리 독 고기,윽! 독을 탓나...죄송합니다
청량리 독 고기,신랑이랑 연애때부터 다니던 곳 오랜만에 방문했는데 맛도 가격도 그대로 좋네요.친절함은 모르겠으나 가성비 좋아서 종종 찾습니다.간만에 맛있게 잘 먹었어요.
청량리 독 고기,짜고 달고 맛있음 김이랑 먹는 것도 특이하고 소스 맛있다
청량리 독 고기,너무 조미료맛 강해유..
청량리 독 고기,마약소스라고 주는데 그냥 조미료 아닌가?
청량리 독 고기,저렴하지만 직원도 적고 테이블에 벨도 없어서 불편
청량리 독 고기,그냥그럼 분위기 내스탈아님 불친절한건모르겠음
청량리 독 고기,싸고 괜찮아요
청량리 독 고기,진짜 불친절해요... 가격이랑 맛은 그럭저럭 괜찮은데 기분만 상해서 나왔네요. 예전 사장님은 친절하셨었는데 바뀐 사장님은 컨셉이라고 하기엔 너무 불친절함
청량리 독 고기,맛있는지모르겠음
청량리 독 고기,독특한 분위기가 있는 집
청량리 독 고기,고기 저렴하고 맛있다. 도시락도! 집에서 가까워서 자주 가고싶은 집
청량리 독 고기,싸고 맛있고 친절하고
망우로30 시립대,크기가 커서 매력 있는 곳이다. 커피 맛이 평범해서 아쉽다.
망우로30 시립대,피자랑 샐러드 주문했는데 다 맛있어요 재료도 푸짐하게 들어가서 돈 아깝지 않은 기분이예요밥먹으러 온거라 아메리카노밖에 안마셔봐서 다른 카페 메뉴는 잘 모르겠지만 식사하러 오기에는 좋았어요
망우로30 시립대,좋아요... 제 기억에 예전에 판매하셨던 생강음료가 다시 먹고싶어요...
망우로30 시립대,커피는 사장님이 타줄때만 맛있어요 그거 빼곤 다 좋아요 맛있어요
망우로30 시립대,찐으로전에보다매뉴만아짐맜도짱짱
망우로30 시립대,외딴곳에 있는 분위기 좋은 카페
망우로30 시립대,주차 되는게 좋고 내부도 예쁘고 넓어서 좋은데 커피가 맛이 없어 아숴워요 피자나 파니니도 맛이 없을까봐 못시키겠어요 그리고 음악 소리가 너무 큰데 산만하고 집중 안되는 음악 
망우로30 시립대,분위기 좋고 친절하세요
망우로30 시립대,대화나 독서나 둘다 딱맞는 분위기
망우로30 시립대,카페 앞에 주차 5대최대 6대 가능합니다.주택을 개조해서 만든 카페라 분위기 좋아요좌석 수도 꽤 여유있고 공간 사이 여백이 있어서불편하지 않아요직원분 상당히 친절하심커피는 산미가 살짝 있지만 먹을만 하고만들어주시는 디저트 맛있어요.
망우로30 시립대,덥다고 하니까 에어컨도 틀어주시고 수제청이라 진심 스무디 너무 맛있어요 친절보스 최고
망우로30 시립대,안 좋은 기억만 남은 곳입니다..
망우로30 시립대,친절하시고 음료랑 디저트도 좋아요
망우로30 시립대,분위기 장난아니에요밤에가면 더좋으
망우로30 시립대,크로플이 아주 맛있는 집!
망우로30 시립대,공간이 예뻐요. 커피랑 디저트는 그럭저럭!
망우로30 시립대,주택을 개조한 멋진 카페가 생겼어인터리어와 그림 오브제들이 멋져마당이 있어 개랑 오는 사람들도 있고개방감이 있어 사람이 많으면 좀 좁을것 같기는 해사진찍기는 추천해
망우로30 시립대,어제 카페방문후 미접종자여서 주문하고 퇴실하게되어 실수로 진동벨을 주머니에 들고와버렸네요! 연락처가없어서 여기에 남김니다날씨가 너무추워서 곧 가져다 드리게씁니다
망우로30 시립대,인테리어가 귀엽고특히 밖이 예븐거 같아요맛은 무난해요
망우로30 시립대,회기에 좋은 갬성카페
망우로30 시립대,코로나때문에 밖에 앉고 싶어서 갔는데앉아서 떠들기 딱 좋다
망우로30 시립대,그냥 괜찮아요 주차장이 있는게 강점
망우로30 시립대,아인슈페너 먹었는데 크림 꾸덕하고 달달하니 딱 적당하고 커피도 맛있었어요 외관도 예쁘고 또가겠습니당! 
망우로30 시립대,음료맛있어요. 근데 늘 저녁 때 가서 그런가 자리가 없었어요..
망우로30 시립대,과제하기 좋았어요 분위기 좋아요
망우로30 시립대,회기가 발전 중인가봐여 생긴지 2년정도 된거같은데 처음 가봐요!제주도 놀러온 느낌이네요!자리 넓은편이고 편하게 놀다갑니당!
망우로30 시립대,5월5일에 방문했는데 어린이날이라 사람이 많더라구요 코로나라 따닥따닥붙어앉기싫어서 음료랑 커피맛나는쿠키 테이크아웃했어용 음료랑 쿠키맛은 보통이구 분위기는 밖에가 너무 좋습니다다만 주문받는 여자직원이 다소 불친절하더라구요
망우로30 시립대,아메리카노에서 계속 느끼한 맛이 나서 못 마시겠더라구요.. 원두 관리가 제대로 안 된건지... 그래도 즐거운 시간 보내다가 갑니다!
망우로30 시립대,커피맛은 무난하고 카페가 아늑해서 편안한 느낌이에요.
망우로30 시립대,스콘은 맛있었지만 음료는 그냥 쏘쏘흔한 맛이었어요그리고 사장님인지 알바생분인지 모르겠지만 주문받을때 불친절하시다가 실수하실때는 친절하시다가..
망우로30 시립대,커피가 맛없는데 벽돌 의자그냥 한 시간 정도 머물 만함
망우로30 시립대,열대후르츠에이드 특별하고 맛있어요 스콘도 데워주셔서 따뜻했어요. 집이 멀어서 다시 가보기 힘든게 아쉬울 정도 
망우로30 시립대,주차장 굿아인슈페너 굿
망우로30 시립대,인테리어 분위기 다 좋고 무엇보다 커피가 정말 맛있다
