StoreName,Positive_Keywords,Negative_Keywords
153스트리트,"['맛', '맛', '패티추가 가격', '뛰어난 퀄리티', '기름지고 육즙 가득한 버거의 맛', '패티 추가', '외국에서 먹던 버거의 맛', '사장님이 친절하십니다', '맛도 좋습니다', '패티가 괜찮아서 다 먹긴함', '수제버거', '양도 많고', '맛도 좋고', '배 부르게', '좋은 가격의 메뉴', '베이컨버거세트', '배부르네요', '대만족', '포장', '패티', '소스', '버거', '감튀']","['종이포장 없이 나오는 음식', '기름뚝뚝 떨어지다', '손에 엄청 묻음', '이번엔 너무 느끼하다', '매장 안에 휴지 배치 안돼있다', '종업원 말 알아듣기 힘들다', '맛없어요', '소스가 머스타드인데 너무 짜고 안어울려요', '계란후라이 말고 차라리 스크램블에그로 했으면', '번도 고소한 맛이 없음']"
가야가야,"['나쁘지 않음', '재방문 의사', '가게가 깔끔하다', '분위기가 좋다', '생강맛이 난다', '스탠다드한 라멘', '입문에 적당한', '상수는 하는', '신촌쪽에 있는 라멘집들이 더 좋았어요', '국물', '취향', '반숙 계란', '기대', '맛', '잡내도 없고 국물도 진하다', '돈코츠 야사이라멘', '기분 좋게 먹고 나왔음', '돈코츠라멘', '깔끔한 맛', '돈코츠라면', '국물', '돈코츠미소야사이라멘', '미소베이스의 국물', '맛 변함없고', '단무지와 부추', '생맥주와 찰떡 궁합', '부추', '양념', '반찬', '라면 맛', '맛', '맛', '맛', '맛있다', '맛있습니다', '소문대로의 맛집', '맛있어요', '부추 반찬 무한리필', '맛', '맥주 맛', '맛있음', '백종원 골목식당', '대중적인 맛', '맛있습니다', '미소 야사이 라멘', '맛', '미소야사이라멘', '서비스 클래스', '방송 나온 후', '환하게 웃으면서 인사', '맛있습니다', '진짜 맛있게 먹었어요', '돈코츠 라멘중엔 최고', '맛있네여', '야사이 맛있다', '쾌적하다', '좋다', '맛', '맛', '분위기', '맛', '이화여대 방학 특강', '맛있는 라멘집', '요로시꾸', '덜 짜서 좋았어요', '국물맛 깊고 맛있어요', '고기 맛있어요', '음식은 맛있어요', '매장 내부', '카라이 돈코츠라멘', '국물', '맛있음', '계란과 국물의 조화는 좋았습니다', '일본 라면 평균의 맛', '혼자 방문', '라멘의 맛', '한번 들를만 한 곳', '맛있게 먹었어요', '느끼하지 않고 잡내도 없었어요', '혼밥하기 좋다', '가격 적당하다', '불친절하진 않음', '맛있게 잘 먹었어요', '짜지도 않았어요', '반숙계란도 넘좋았구요', '계란 익힘 정도 아주 좋았어요', '차슈는 맛있었어요', '사장님 친절하셨어요', '맛', '조보아씨', '돈골육수', '차슈 맛있다', '부추무침 맛있다', '돼지어깨살 부드럽다', '짜지 않고 담백했다', '불친절하다고 하는데 못 느꼈음', '일본 느낌', '고유의 특색', '사장님 잘 생기셨다', '직원분들 친절하다', '가게 분위기', '일본 라디오 방송 틀다', '너무 맛있게 잘 먹다', '괜찮았음', '흔한 라멘집보단 나은 것 같음', '훌륭하다', '부추 무침은 맛있다', '입문자용']","['맛 없음', '음식에서 머리카락 나옴', '돈 아끼기', '맛이 없음', '차슈가 얇다', '토핑이 부족하다', '특색이 없는', '노맛', '기대에 비해 맛은 평범했습니다', '진한 것', '맛있는 것', '맛', '양', '면 추가', '친절', '그냥그런 맛', '불친절한 직원', '융통성 없는 직원', '그냥 그랬음', '진하지 않은 국물', '약간 불은 면발', '적은 차슈', '계란 추가 필요', '깊은 맛', '특색', '평균 이하의 라멘', '돈코츠 기대', '제주 고기국수', '불친절', '짜다', '맛없다', '서빙쓰다', '갑질당하는기분', '맛', '너무 짜고', '위생 상태', '추천하기 어렵다', '손님 하인 취급', '불친절', '공장육수 맛', '곱배기 만들어주시면 좋겠어요', '돈이 아까웠어요', '맛', '재방문의사없습니다', '돈코츠 미소라멘', '다른 라멘집', '사장님이 웃는 얼굴은 아니시기는 했지만', '돈코츠 육수', '쓴맛', '공장 대량생산 육수', '중국산 소금', '평범했어요', '차슈', '반숙계란', '콜라 크기', '돈코츠미소야사이라멘', '돼지누린내', '줄서서 먹을 정도', '라멘', '종업원 불친절함', '종업원 교육', '밥 추가 서비스', '큰소리 나게 던짐', '라멘 맛', '차슈 두께', '맛', '불친절', '맛', '라멘가게', '음식 남김', '기분 나쁨', '군대 음식 비교', '맛', '돼지 냄새', '직원 불친절', '기본적인 테이블 안내', '식당 프로그램 신뢰도', '맛', '가격 경쟁력', '차슈 두께', '토핑 추가', '기본적인 타마고', '추가요금', '줄 서서 먹기', '식당 운영방식', '맛', '불친절', '메뉴 한정판매', '직원 태도', '가게 분위기', '국물 밍밍하다', '양', '혓바닥이 중국산 소금인지 인식', '안먹어봤지만 댓글', '큰 기대없이', '가격 대비 구성', '반찬 그릇 뺏어감', '라멘 자체가 무맛', '가격대비 토핑 부실', '줄이 너무 길어서', '기대했는데 별로였어요', '백종원', '맛', '밍밍', '차슈', '별로', '불친절', '맛있지도 않아요', '불친절', '비위생', '노맛', '불친절', '라멘', '너무 짜요', '불친절', '생각보다 점수가 낮은데', '위생', '라멘 퀄리티', '국물 맛', '차슈', '가격', '알바생 무례한 태도', '알바생 친절함 부족', '양', '골목식당', '거품', '불친절', '달걀 추가 비용', '양이 아쉬웠어요', '마땅히 갈데가 없다면', '라멘의 면', '차슈 고기', '직원들 무례', '반찬부추 아낌', '겨울 웨이팅', '짭니다', '차슈 별로입니다', '불친절하지는 않고 그냥 그렇습니다', '청소가 깨끗이 되어 있지 않네요', '양이 많지 않아요', '카운터 옆에 벽 보고 먹는 좌석', '양이 푸짐하지 않음', '불친절', '종업원', '기계 오류', '음식 맛', '자리가 있음에도 만석이라고 함', '설명 없음', '호통침', '무서움', '다신 못 갈 것 같음', '1인당 1주문', '양은 적다', '계란 추가', '매운맛', '에어컨이 넘 약하게 나와', '맛없어요', '국물맛이 일반 된장국', '음식맛은 너무나 형편없었습니다', '접근성', '짜다', '가격', '서비스', '정수기 호스', '물비린내나는 물', '차슈 얇다', '계란 없음', '불친절한 서비스', '맛국물', '면', '개선', '여기 잠깐', '내려와봐유', '노맛 라멘', '가격대비 토핑 부실', '국물의 깊이 부족', '고추기름 국물', '얼음컵 안주는곳', '차슈 얇다', '지금은 보급형 느낌', '테이블', '끈적끈적함', '평', '기다려소', '혼자가면 소파있는 편한자리', '카운터석에만 앉힙니다', '불쾌한 집', '맛도 그닥', '면은 싱겁고 국물은 짜다', '차슈는 얇다', '계란은 추가안하면 안들어있다', '외국인들은 개많음', '돈코츠라멘', '진한 국물', '양도 적어요', '사리추가 없음']"
강남불백 신촌점,"['감자튀김', '버거', '서비스', '레스토랑 분위기', '위생 상태', '불백 맛', '우삼겹', '가게내부 깔끔', '불백정식 푸짐', '가성비 좋다', '정갈한 밑반찬', '아이들도 잘 먹는다', '가격', '맛', '양', '가격에 비해 푸짐하다', '식재료가 신선하다', '건강하고 맛있는 식사', '가성비', '고기 잡내 없음', '밑반찬', '맛있게 먹고 옴', '가성비', '푸짐한 음식', '맛있는 음식', '가성비 좋고', '음식 맛도 맛있어서', '혼밥하기에도 부담이 없어서', '찐맛집', '가성비', '맛있다', '가성비', '깔끔', '맛있어요', '가성비', '맛', '불백정식', '불낙정식', '계란말이', '재료의 신선함', '불향의 깊은 풍미', '좋은 맛', '호불호없이', '불낙정식', '낙지의 식감', '불고기의 조화', '고기가 부드럽다', '양념이 쏙 베여있다', '밥도둑', '그냥 먹어도 맛있다', '밥이랑 같이 비벼먹는 맛', '맛', '맛', '애들', '기본에 충실한', '가성비', '돼지불백 맛집', '깔끔하고 맛깔스럽게 차려지는 상차림', '고기양도 많다', '맛있다', '가성비 좋은', '점심으로 최적 장소', '제일 맛난 음식', '영업 시간', '맛', '맛있는곳', '단골하려구요', '점심식사', '맛', '푸짐함', '집밥', '계란후라이', '맛', '가성비', '부담없이', '밥도둑 맛집', '불백', '맛깔난 정식메뉴', '재료의 신선함', '식감', '불맛', '맛', '가성비', '재료 신선도', '양', '맛', '간', '맛', '맛있어요', '음식들이 깔끔하고', '푸짐해', '맛있어요', '집밥 같은 느낌', '너무 좋았습니다', '모든 메뉴', '맛있어요', '메뉴 고민', '찐 맛나요', '밑반찬', '깔끔함', '불백', '불향', '맛', '밥도둑', '맛집', '가성비', '맛있어요', '백반 깔끔', '가격 부담스럽지 않음', '된장찌개 넘 맛있음', '고기반찬 맛있음', '우삼겹 사용', '맛있게', '부담없이', '씹는 맛', '불향', '매콤한 맛', '서비스', '가성비 좋은 식당', '불맛', '불백정식', '우삼겹정식', '고기 맛', '잡내 전혀 없고', '푸짐하다', '너무 맛있게 먹었다', '맛있어요', '사장님 친절', '반찬', '찌개', '찐맛집', '불향이 확 느껴지면서', '아주 맛있네요', '양도 넉넉하고', '불호 없이 맛있게 먹은 곳', '또 가고 싶네요', '불백의 최강자', '진짜 맛있다', '찐 밥도둑', '불백정식 맛', '친절', '맛집', '맛있어서', '고기 냄새도 없고', '밥 맛이 더욱 좋은', '밥 양 많았는데 깨끗이 비웠어요', '된장찌개와 조합이 좋았어요', '불백정식', '흑미밥', '된장찌개', '불고기 양념', '불맛', '맛', '밥', '밑반찬', '고기', '맛있어요', '항상 여기만 와서 먹어요', '불백', '밥한공기', '직장인들의 점심식사장소', '불쭈정식', '불향', '고기의 풍미', '혼밥 가능', '집밥스런 식사', '맛', '여전한 맛', '맛있다', '가격 대비 상차림', '맛있고', '양도 많았던 것', '식당 내부', '식기 청결', '불낙정식 반찬', '낙지 양념', '계란후라이 비빔', '불맛이 은은하게 풍기는', '잡내없이 부드러운 맛', '감칠맛', '간편하면서도 든든한 식사', '아이들이랑 방문', '사장님 친절', '맛', '아이들이랑 함께 가면', '맛있다', '푸짐하다', '입에 찹찹 감기네요', '단골각', '양념', '맛', '양도 많고 푸짐해요', '깔끔하고 쾌적했', '사장님도 친절하셔서', '양도 푸짐', '맛도 좋아', '양도 푸짐', '양념이 입에 촥 감기는게 은근 중독성있어요', '부드러운 고기 양도 많아', '양은 많아요', '양이 많아요', '식사가 깔끔했다', '간이 잘 맞았다', '맛있다', '양이 푸짐하다', '맛있게 매콤한 맛', '아이들 데리고 자주 방문', '반찬 다양하게 나옴', '푸짐한 한끼식사', '맛있다', '중독성있는 맛', '싹싹 긁어먹다', '옛날 도시락', '정감있다', '계란후라이', '양념이 짭잘', '옛날 네모 도시락', '혼밥 가능', '만원으로 푸짐한 점심', '애정하는 맛집', '맛있게', '양도 푸짐하고', '든든하게 먹기 좋은곳', '추천합니다', '음식들이 맛있다', '식사 하기에 좋은곳', '음식', '정갈함', '깔끔함', '입맛에 잘 맞음', '불고기 맛집', '음식이 푸짐하다', '재료가 신선하다', '정말 맛있다', '플레이팅 신경을 많이 쓴다', '메뉴', '밥두공기 각', '사장님 친절', '반찬 맛있음', '자극적인 음식', '기름진 음식', '쌈', '잡내없이', '고기불향', '퀄리티 높은 풍미', '정갈한 기본찬', '든든한 한끼 식사', '재료 신선하다', '서비스 친절하다', '재방문하게 되는 맛집', '반찬 직접 만들다', '불백집', '신랑이 너무 좋아하는', '꾸준하고 방문', '점심에 식사', '저녁에 술 한잔', '매일 먹어도 질리지 않을 맛', '밥도둑', '술도둑', '정식메뉴', '만족스러움', '간', '푸짐한 식사', '맛집', '불백', '강남에서 최고', '추억의 장소', '맛있게 먹었어요', '불고기 맛집', '밥 다운 밥', '불백', '잡내도 없음', '불향 가득 양념', '된장찌개와 계란후라이', '밥 양 많음', '맛', '양도 푸짐', '반찬들도 잘 나와서', '든든하게 먹고 왔어요', '맛있게 즐기기', '가볍게 한잔하기', '메뉴', '고기 잡내없이', '불향좋은 맛', '간편하면서 맛깔난 한끼 식사', '굉장히 좋은 맛', '혼밥하기에도 부담스럽지 않다', '음식 맛 훌륭하다', '다양하게 잘 나온다']","['고기 누린내', '고기잡내', '가식적이다', '냄새', '밥양', '찌개의 야채', '반찬', '리뷰 업체 이용', '별점 조작', '리뷰들이 수상함', '가식적임', '리뷰조작', '직원들이 중국인', '불백 그저그렇고', '상추 안 줌', '다시 오진 않을 듯', '직원분 불친절', '밥 양 적음', '여사장님', '손님 속이려고 해서', '별점 조작', '기름짐', '가성비', '맛', '위생', '퀄리티 유지 관리', '일하시는 분들 태도', '김치 원산지', '고춧가루 원산지', '친절', '된찌 양', '밥 한공기 부족하다', '밑반찬 일정하지 않음', '리뷰 조작', '음식 신경', '서비스 신경']"
고냉지,"['혼밥하기 좋음', '가성비 상타치', '비빔밥 무한리필', '계란말이 절대 못참음', '집밥 느낌', '김치찌개', '계란말이', '가성비', '1인 김치찌개', '가성비', '밥먹기 좋은', '동네 식당', '가성비', '익은 김치', '가성비', '계란말이 두툼', '김치찌개', '가성비', '맛', '계란말이', '김찌', '계란말이', '포슬포슬하다', '계란말이', '맛', '계란말이', '짱큼', '무난한', '고냉지 돼지고기김치', '라면 넣어서', '계란말이', '맛', '국물이 시원하다', '보쌈도 맛있다', '가성비 갑이다', '재방문의사 완전 있다', '맛집', '맛있어 보여서', '김치찌개', '깔끔함', '맛있음', '계란말이', '필수', '김치찌개', '맛', '김치찌개', '계란말이', '밑반찬', '김치찌개', '집밥같아요', '가격도 괜찮은 것 같아요', '깔끔한 김치찌개', '혼밥도 눈치 안줌', '친절함', '김치찌개', '혼밥하기 편함', '맛', '맑은 국물', '김치찌개', '계란말이', '계란말이', '맛', '맛', '가격', '맛', '혼밥 가능', '맛있어요', '계란말이', '맛있게', '맛있다', '계란말이', '맛있더라구요세트', '대박', '김치찌개 맛', '묵은지', '시원하고 깔끔한 맛', '직원들 잘 챙기는', '보쌈', '아삭아삭 배추', '보쌈', '김치찌개', '계란말이', '직원 친절', '사장님 엄청 친절', '김치찌개 맛집', '계란말이 진짜 맛있음', '사장님 추천', '밥 계속 퍼다 먹을 수 있어서 좋았어요', '계란말이 맛있었습니다', '사장님 친절', '음식 맛있다', '사장님 친절', '음식 맛있다', '김치찌개', '계란말이', '비빔밥', '아주머니들', '친절', '양이 생각보다 많아요', '푸짐합니다', '반찬이 많으니 만족스러웠습니다', '맛도 있어서', '계란말이', '맛', '김치찌개 맛', '보쌈 살코기 양', '계란말이 비쥬얼', '사장님 친절함', '자극적이지 않다', '맛있다', '좋아', '좋은 가성비', '나물이랑 비빔밥 해먹을 수 있음', '계란말이가 거대함', '가격대비 무난함', '직원분들 친절', '김치찌개 맛', '계란말이 부드럽고 크다', '직원분들도 친절하시구', '맛도 좋고', '양도 많고', '수육은 부들부들하니', '일요일에도 문열어서', '처음 방문', '너무 좋음', '친절', '김치찌개', '나물밥', '계란말이 양', '깔끔하고 시원하다', '한그릇 뚝딱', '김치찌개', '비빔밥 포함']","['김치찌개가 사알짝 아쉬웠음', '오픈 시간', '아주머니 응대', '기다림', '손님 대응', '서비스', '찾아올 정도는 아닌', '김치찌개', '밍밍하다', '가격이 올라 아쉽다', '김치찌개', '가성비', '김치찌개 맛', '맛', '위생', '서비스', '김찌', '가격', '좀 비싸다', '무난한 맛', '가격 대비', '제로페이 사용 불가', '김 개별접시 제공', '머리카락', '손님들 챙기기 부족', '계산할 때 미안하다 잘먹었냐 없음', '제로페이 안 됨', '보쌈 구성은 좋지만 그냥 보쌈만 시키면 가성비 나락', '가게 내부 협소', '사장', '반말', '위생 부분에 약간의 아쉬움', '김치찌개', '가격', '후기 신뢰성', '계란말이 맛', '즉석으로 끓이는 김치찌개는 진한 맛이 없음', '제로페이', '가격', '김치찌개', '김치맛', '배추맛', '최악의 음식', '찌개와 비빔밥', '구글맵 음식점 검색', '부담스럽다']"
공복식당 신촌점,"['상전벽해', '맛잇엇', '고기 맛', '친절한 서비스', '잘 구워줌', '누룽지와의 조합', '가격', '고기 맛', '사이드메뉴 맛', '가성비', '맛', '시끄러운 분위기', '가성비', '맛', '가성비', '맛있음', '특유의 분위기', '구워져서 나오는 항정살', '된장찌개공기밥항정살 조합', '직원 친절', '서비스', '메뉴 맛', '안주 제공', '우산 대여', '고기 안 구워도 돼서', '맛있어용', '나름 적당한 듯', '직원 친절', '고기맛', '고기', '공복 때 감무난하게 맛있음', '공복 존맛탱', '항정살 추천', '목살보단 항정살', '둘 다 맛있다', '항정살이 진리', '고기 메뉴 다양성', '고기 퀄리티', '가격 가성비', '고기굽는분', '신촌점', '고기 구워줘서 편하다', '맛도 괜찮다', '웨이팅 없으면 갈만하다', '고기 맛', '맛있는 식사', '방향전환', '고기 맛', '생고기', '깔끔한 맛', '가격대비 만족', '리뉴얼', '맛있게먹었습니다', '신촌', '고기', '맘마 있을 시절', '친 싼마이 고기', '신촌 맛집', '맛', '돈 쓰는 맛', '백억 쓰고 옴', '맛', '서비스', '맘마', '옛 공복', '맛', '위생', '서비스', '분위기', '맛있긴', '맛있는', '고기', '음식', '고기 맛있다', '사장님들 유니크하다', '저렴', '맛있던', '신촌 추억', '사장님이 잘생겼어요', '고기가 쫄깃하고 담백하다', '양념목살이랑 공기밥 계란찜', '맛있었어요', '다음에 또 가고싶은 곳', '땅콩가루', '간장계란밥', '공복은 진리', '항정살 존맛탱구리', '가격 싸고 맛있다', '특수부위들', '고소하고 쫄깃한 맛', '항정살 팔던', '나쁘지 않음', '항정살', '목살', '시그니쳐급의 부추무침', '극찬하는 곳', '가성비', '맛', '저렴', '배불러', '평이 압도적으로 좋다', '학생기준으로 딱 적당', '가성비', '가볼만하다', '항정살', '맘마', '항정살', '맘마', '부추무침', '치즈 계란찜', '항정살', '맛있는곳', '항정살', '계란찜']","['가게', '바뀜', '가성비', '조금 짜다는 정도', '개인적으로 별로', '양이 적다는 느낌', '고기 양념', '남자들이 먹기에 모자름', '기다리면서 먹을 정도 아님', '고기 직접 구워야 됨', '냄새는 기본', '소스 종류 줄어듬', '비용 상승', '공복의 메리트 없음', '사이드 메뉴', '집게 불편함', '홍대점', '컨셉', '유명할 맛인지는 의문', '웨이팅 있으면 시끄럽다', '과거의 공복은 죽었다', '앞으로 갈 일은 없을듯', '자리 추움', '리뉴얼 전', '밑반찬 적음', '밑반찬 짠 느낌', '정체성을 잃었다', '변하니까 별로', '반찬 재탕', '가격 인상', '웨이팅', '위생이좀', '시끄러움', '직원 부르기', '맛', '고기 질', '가격 대비 품질', '직원의 태도', '반찬 맛', '약간 협소', '속상', '양이 적다', '웨이팅 긴게 흠', '음악 분위기', '맛', '가격', '서비스 태도', '식당 인성', '시끌시끌한 분위기', '학생 지갑에 살짝 아픔', '개맛없어짐', '주인이 바뀜', '그 공복이 아니에요', '맛집인지 모를', '고기 양', '고기 맛', '서비스 태도', '레스토랑 청결', '가격 정책', '웨이팅', '내부 소음', '데이트코스', '전부 광고', '맛이 달다', '웨이팅', '항정살 맛', '소금간', '웨이팅', '항정살', '양념목살', '물병']"
김광석신촌칼국수 본점,"['맛있었는데', '여전히 맛있어요', '칼국수 무한리필', '음식의 맛', '맛', '국물이 칼칼하다', '달지 않다', '시원한 스타일', '해장 하러 갔다가', '볶음밥이 찐이다', '무난한맛', '맛있던 집', '인정 넘치던 집', '진짜 맛있었는데', '깔끔하다', '맛있다', '따뜻하고 맛있게', '버섯 추가', '간이 쎄지 않고 면도 부드러운데 탱글탱글하니', '직원분들이 필요한 것 미리 챙겨 주시고', '볶음밥', '맛 있음', '맛과 가성비', '맛 여전히 좋습니다', '맛', '맛있어요', '맛있어요', '맛', '미나리 맛', '맛있음', '배부르게 먹을 수 있어요', '친절하시고', '음식도 맛있어요', '자부심이 매우 대단하심', '면은 인정합니다', '다대기도 깔끔한 맛', '맛있어요', '샤브샤브', '볶음밥', '볶음밥', '칼국수', '국물', '술술들어감', '존맛탱', '얼큰하다', '미나리 찹찹', '친절하고 맛있어요', '맛있다', '가성비 좋다', '맛', '맛', '무한리필', '국물맛', '백김치 맛', '맛', '존맛탱구리', '말이필요없음', '면 무한리필', '버섯 많음', '무난함', '맛 회복', '맛집', '칼국수 무한리필', '볶음밥', '최고', '국물맛', '백김치', '면 리필', '멀리서 온 친구들', '칼칼해요', '가볼만한 정도', '맛']","['가격 올랐네요', '사장님 바뀌셨나', '로테이션 빨리 하려고', '이 집 안되겠네요', '가성비', '보통', '안타깝다', '옷에 냄새', '마늘맛', '국물 깊이', '기대와 실망', '리필 서비스', '직원의 태도', '음식 양', '전체적인 경험', '정신이 없음', '버섯 무한리필', '맛', '가격', '호주산 냉동 소고기', '가격', '사장님 없이 아줌끼리 있으면', '마감시간 전에 여유있게 가도 문전박대', '사장 가게 관심도 없다며', '가격 인상', '무한리필', '서비스 태도', '고객 차별', '종업원 무례함', '리필 제한', '맛', '불친절함', '가격', '매운거', '반말하는 모습', '골목식당 맛있게 먹자 사장님 보는 듯하다', '주문을 하면 바로 까먹는다', '신선한 충격', '화장실에 보관', '직원 서비스', '불편한 분위기', '칼국수 준비 권유', '요리 중 불편함', '가게 관리 부족', '맛없다', '숙취', '볶음밥', '계란이 안들어간다는 점', '재료가 덜 들어가다', '국물 맛', '에어컨 잘 켜지 않다', '직원 잡담', '재료 인색하다', '아주머니의 태도', '방문의사', '버섯 싹 빼버렸네요', '많이 아쉽습니다', '단골이었는데', '감자만두 한두알 빼셨네요', '매움', '가격 인상', '맛 변화', '불친절한 서비스', '양 줄어듦']"
김판석초밥,"['가성비', '초밥 맛', '잘 먹었네염', '친절하세요', '무난한 맛', '기본 메뉴', '배부르게 맛있었어요', '깔끔한', '맛있는 음식', '바삭바삭한 튀김', '맛있는 우동', '커플셋트', '커플세트', '기절해도 모르게 먹었다', '이모님 너무 좋으시다', '행복해서 만족도 너무 높다', '초밥', '맛있었는데', '네타 상태 좋았다', '가격이 저렴하다', '맛', '연어롤 취향저격', '서비스 친절', '맛있게', '맛', '깔끔함', '혼자나 둘이 먹기 좋은', '배달', '푸짐하게 나와서 감동', '맛있게 드셔서 좋았어요', '너무 맛있었어요', '부모님도 너무 좋아하셔서', '또 같이 방문하고싶어요', '가성비 좋게 식사', '참치 해동', '맛있게 먹을 수 있었습니다', '연어 싱싱', '맛 괜찮음', '가격 저렴함', '맛있는 초밥집', '신선한 초밥', '초밥 구성', '이동네 최고 맛집', '신촌 초밥집', '다른 집들보다 괜찮은', '양 많고', '친절하고 저렴하고', '테이블 넓어서', '양', '신선도', '튀김 맛', '모듬튀김 예술', '초밥 맛', '맛과 가격', '초밥 맛있다', '퀄리티', '가성비', '친절한 사장님', '재방문 의사', '회 맛', '간 적당', '서비스', '초밥은 일단 맛있어요', '초밥의 회', '맛나요', '초밥', '매장 컨디션', '깔끔', '초밥 맛', '가성비', '사장님 친절', '맛', '숨은 맛집', '커플초밥세트 맛있어요', '가격 저렴', '인테리어 깔끔', '사장님 친절', '다음에 꼭 다시 올 것 같아요', '유자 하이볼', '마구로야 나쁘지 않음', '점심']","['간이 셈', '짠것도 있음', '냉모밀', '아무맛이 안님', '친절하시진 않았습니다', '배탈', '싱싱하지 않음', '신선도', '매장 컨디션이 기복이 심하다', '밥이 단단했다', '가격에 엄청난 퀄 기대 안됨', '인테리어 평범', '평범합니다', '밥 너무 식초에 많이 버무려짐', '새콤한 맛 슬픔', '초밥뷔페정도 퀄', '기대하고 간 퀄', '재료들 오래된 느낌', '물에서 이상한 맛', '관리 안되는 느낌', '무난무난', '맛있지는 않고', '회가 질김', '우동 국물', '밥알', '연어초밥', '특초밥', '가격', '싱싱함', '우니', '맛', '주방장', '소스 범벅', '맛이 너무 떨어졌다', '사람이 1명도 없었다', '냉동 새우튀김', '가성비', '3시에 브레이크 타임', '주문하는데 주방에서 말하세여', '서빙의 기본', '가게 앞에 주차', '맛', '초밥 맛집 멸망', '기꾸 돈 아까움', '회가 싱싱하지 않아요', '코로나 때문']"
대포찜닭 신촌본점,"['신촌 대포', '몬스터찜닭', '맛있게 먹었어요', '맛있고', '직원분들이 친절하세요', '가게', '깨끗하다', '맛있다', '컨셉 독특하고', '친절하시지만', '치즈랑 감튀 추가', '맛', '호출벨', '맛', '냄새', '치즈', '닭 벨', '맛있고', '식당 내부', '맛있습니다', '맛', '맛', '찜닭', '맛있어요', '맛있어용', '잘 먹었습니다', '맛있어요', '맛', '맛', '맛있게', '맛있어', '오던 곳', '맛있어요', '넘게 온', '맛있어요', '치즈 필수로 시키세요', '맛집', '리스트', '꾸준히 찾아오는 집', '분위기', '맛', '친절', '깔끔', '맛있다', '직원', '파이팅', '맛', '맛은 있는데 달달한 편', '맛', '맛있다', '컨셉', '소품', '보는 재미', '식당', '맛있다', '맛있고', '분위기', '맛있다', '분위기 짱', '맛있어요', '재밌어요', '맛있고 활기찬', '밥먹기 좋아요', '맛', '맛있습니다', '추천해요', '맛있습니다', '둥지가 감자튀김', '맛있어요', '맛있어요', '맛있어요', '단체식사 하러오기도 좋고', '신촌에서 몇 없는 맛집 같아요', '맛있어요', '신촌 맛집', '인정', '맛있어요', '맛있어요', '강추', '맛있다', '맛있다', '맛있어요', '귀여운 메추리알', '찜닭 먹고 싶으면 여기 올겁니다', '직원 메뉴얼', '친절한 서비스', '소소한 이벤트', '찜닭 맛', '맛', '메추리알', '귀여워요', '맛있어요', '맛', '밥 무한리필', '양많고', '맛있었어요', '사랑해요', '식당 분위기', '음식', '맛있는 찜닭집', '직원들 컨셉 재밌음', '열정적으로 대해 줌', '다른 찜닭집을 가려고 노력하지만 늘 여기로 옵니다', '신촌은 대찜', '맛', '맛있는 음식', '맛있어요', '대포찜닭', '1등', '맛있습니다', '대포찜닭', '매일 먹을 수 있을 것 같아요', '몬스터 찜닭', '친절하시고', '진짜 맛있어요', '치즈 추가', '찜닭', '친구가 잘 먹네요', '치즈 추가 조언', '무료 음료 제공', '맛있어요', '몬스터 찜닭', '찜닭 맛있게', '직원분들 친절', '구름찜닭 강추', '오징어', '오징어튀김', '오징어튀김', '치즈 얹은 것', '밥이랑 반찬 가져갈 수 있는 것', '대처가 빠르시고 친절', '맛있다', '직원들 친절하다', '맛', '힙하다', '옥수수 밥 무한리필', '재밌음', '맛있음', '재밌어욯', '사랑했어', '맛', '맛', '맛있음', '맛', '찜닭 맛', '분위기 활기참', '찜닭 맛있어요', '밥 무한리필', '반찬 무한리필', '직원 친절', '찜닭', '맛있다', '또 오고싶다', '찜닭 맛', '매장 쾌적함', '서비스', '찜닭', '신촌', '찜닭이 맛있다', '직원분들이 친절하다', '찜닭', '맛', '사장님', '친절', '신촌 맛집', '존맛탱', '최고', '직원', '찜닭', '컨셉', '재미', '맛', '편하게 먹을 수 있다', '단골', '오랜만에와도 맛있네요', '대포찜닭', '맛', '호출벨', '집 분위기', '음식 맛']","['가격대비 양', '꽤나 맵고', '재방문할 만큼 특별하진 않아요', '엄청 맛있다', '너무 매워요', '맵찔이는 어려울수도', '전혀 안 매콤함', '고기 양이 넘 적음', '가격이 싸지 않음', '엄청 시끄러움', '매장 컨셉', '알바들이 소리 질러서', '시끄러움', '맛', '리뷰 이벤트', '음식이 짠 편', '음식이 단 편', '자극적인 맛', '약간 매움', '짜다', '닭 양', '당면', '주문 실수', '사라지지 말아주세오', '직원들 교육상태', '포장할 때 태도', '손님 대하는 태도']"
도란도란곱창,"['가격이 정말 쌈', '가성비', '생각나요', '가성비', '맛', '곱창', '양이 정말 많고', '사장님도 친절하십니다', '가성비', '막창도 맛있다', '추천드립니다', '곱창 양', '볶음밥 맛', '곱창', '가격', '맛집', '맛있어요', '곱창', '가성비', '데이트 장소', '맛집', '맛있어요', '가성비', '재방문의사', '맛있다', '유명하다', '맛있다', '맛있는데', '맛있어요', '가격에 이정도 맛', '분위기도 친근', '양도 많고', '맛있옹', '배달', '또 먹고 싶다', '싸고', '양 많고', '맛있음', '친절하심', '맛', '위생', '서비스', '분위기', '막창 괜찮음', '볶음밥 빠른 서비스', '야채곱창 맛있어요', '자주 먹어요', '양은 많음', '야채곱창', '볶음밥', '가성비', '맛', '양념막창', '알바생', '친절함', '맛있게 먹을 수 있다', '양은 많음', '오돌뼈', '곱창', '맛', '시켜먹는게 더 좋다', '왜 인기가 많은지', '볶음밥에 치즈 추가', '추천드림', '친구들 데려갔음', '싫어한 사람 한 명도 없었음', '곱창 마싯다', '전통의 맛집', '맛집', '존맛', '배달']","['배아프고 장꼬임', '종일 물도 못마심', '설사', '엄청 맛있는지는 잘 모르겠어용', '질', '배탈', '개노답', '곱창에서 냄새', '곱창 흐물거림', '불 켰더니 화냄', '볶음밥', '맛', '1인분 추가', '서비스', '맛', '맛이별로', '배탈', '음식', '주방', '바싹 구워줘', '배가 아픔', '맛은 평범', '곱창맛', '곱창볶음', '응대', '불친절사장', '직원 마스크 안끼고', '조리', '포장', '야채곱창 비린 맛', '야채곱창 덜익음', '볶음밥 시중 소스맛', '야채곱창', '볶음밥', '막창의 양', '누린내', '날때도 있고 안날때도 있다', '전등 쳐서 먼지 떨어짐', '테이블 곱창 위로 떨어짐', '비위 상함', '위생 모르겠음', '사람이 너무 많다', '포장', '기다린 시간', '냄새', '맛', '누린내가 넘 심해요', '시끄럽고 정신없고', '나오는 거 오래걸린다', '소금구이', '1.5인분 포장', '전화 받는 여자 알바생', '방문포장 주문', '기다림', '음식 만드는 여자분', '노마스크', '볶음밥', '막창 누린내', '소주 뿌림', '바짝 익힘', '음식 냄새', '포장', '양', '서비스', '포장', '비싼 가격']"
독,"['분위기가 매력적', '가성비가 좋아서', '잘구우면', '이만한곳이 없음', '가성비', '대학가 근처', '고기집', '가성비', '맛집', '술잘들어감', '고기 저렴하고 맛있다', '집에서 가까워서 자주 가고싶은 집', '감성 인테리어', '가격', '가성비', '맛', '분위기', '버터 맛나는 고기', '다시 한번 가고 싶음', '노포 분위기', '명물 가게', '조폭불고기', '시그니처', '가성비', '오래된 아지트 느낌', '고기 맛', '가성비', '맛', '가격', '가성비', '가격', '품질', '싸다', '맛있다', '친절하다', '맛', '가격', '왕싸구 맛있어요', '배추주는곳', '사장님께 말씀드리면 주십니다', '저렴하다', '가격 괜찮다', '맛 괜찮다', '짜고 달다', '맛있음', '김이랑 먹는 것도 특이하다', '소스 맛있다', '가성비', '힙지로']","['가게 진짜 엄청 좁고', '밥집 분위기는 아녀요', '고기 양이 조금 적은 편', '뻑뻑한', '쏘쏘', '양', '분위기', '내스탈아님', '조미료맛', '마약소스', '조미료', '맛있는지 모르겠음', '분위기', '친절함', '양', '유머', '맛', '추가 배추는 셀프 아니고', '독', '직원 적다', '테이블에 벨 없다', '불편', '불친절', '사장님 바뀜', '기분 상함', '독이 있다']"
라구식당,"['알바분들 친절', '저녁에는 맛있다', '라자냐랑 빵 샹그리아 시키는 게 현명한 선택', '라구소스 기반 이탈리안', '인테리어', '음식', '만족', '기본에 충실한 맛', '직원분 친절', '인테리어', '분위기', '기본에 충실한 맛집', '라구파스타', '맛있음', '또 갈듯', '맛있어요', '양도 많아', '가성비가 좋아', '맛집', '추천합니다', '맛있어요', '특색있는 분위기', '가성비 좋은 사이드 샐러드', '신촌의 좋은 파스타집', '라자냐', '소스 맛', '샐러드 가격', '라구 소스의 깊은 맛', '라자냐와 파스타', '각각의 매력', '라자냐 맛', '데이트하기 좋은 곳', '샐러드와 빵 가격', '본 메뉴', '진짜 맛있음', '라구 파스타', '라구 파스타', '맛', '친절', '라구가 생소함', '신선함', '라구', '라구', '고마운 집', '바게트', '라구식당', '라구', '최고 맛집', '라구파스타', '사장님', '라구파스타', '라자냐', '치즈', '샐러드', '발사믹소스', '라자냐', '식당', '라자냐', '호출벨 위치', '라자냐', '파스타', '와인', '또 가고싶다', '라자냐 맛있게', '분위기', '라자냐', '라자냐', '동네 파스타집', '라자냐', '라자냐', '파스타', '맛있다', '라자냐', '라자냐', '라구소스', '점심 분위기', '저녁 분위기', '라자냐', '양 넉넉', '메뉴', '라자냐', '라구파스타', '맛있어요', '라자냐', '라자냐', '피클', '라자냐', '이탈리안 식당', '라자냐', '유럽 빈티지 분위기', '가성비', '라자냐', '이탈자 로쏘', '음악', '행복합니다', '라쟈냐', '존맛탱', '라구파스타 맛있음', '라자냐 맛있음', '쿨타임 돌 때 먹으러가줌', '맛', '싼 가격은 아니지만 좋은 분위기', '양이 넉넉', '깔끔한 식당', '맛', '훌륭한 라구', '맛있다', '크림파스타', '맛있는', '맛있어요', '라구 스파게티', '라사냐', '맛있어요', '라자냐 추천', '맛있어요', '맛', '맛있음', '알바생 착함', '음식 간이 적절함', '분위기 좋음', '맛있어요', '이탈리아 음식', '식당', '메뉴가 단출하다', '전문적', '라자냐 맛집', '라자냐의 맛', '메뉴 두 가지', '라자냐 맛있다', '깔끔하다', '라자냐', '라구 바게뜨', '메뉴', '기본에 충실', '무난', '맛', '음식 맛있음', '가성비', '소스', '샐러드', '마늘빵', '라자냐', '분위기', '샐러드와 빵', '라자냐와 파스타', '라자냐', '서버분들이 매우 친절', '분위기', '샹그리아', '맛있어서', '소개팅용으로 좋은 식당', '라자냐 양 많음', '다시 가고싶긴 함', '맛', '양도 많고', '맛있어요', '맛있을 수 있죠', '맛', '메뉴 수', '라자냐', '분위기', '맛있음', '신선함', '찐맛집', '라구소스', '맛있네요', '메뉴 딱 두개', '정말 체고', '라자냐 포장', '라구소스', '라자냐 맛', '스파게티 바질', '행복한 식사', '맛', '분위기', '라자냐', '맛있다', '라자냐', '잘 먹고 갑니다', '좋아요', '맛있어요', '메뉴 두개', '파스타', '라자냐', '좐맛탱 라자냐', '양이 많아요', '빵 꼭 시키세요', '피클 줌', '제일 만족스러웠습니다', '오래 정성들여서 끓인 맛', '바질향이 강했고', '치즈향이 강해 전혀 다른 매력', '가성비 미쳤으니', '샹그리아가 상큼하니 라구 소스랑 궁합이 좋아요', '추억과 낭만', '라자냐 경쟁력있는 맛', '정이 간다', '가성비', '퀄리티', '탈리아텔레나 펜네 면', '라구 소스', '라자냐', '집중 메뉴', '평점', '여자친구가 정말 좋아합니다', '맛', '라자냐 양', '한국식 클래식한 파스타', '무난추', '깔 부분은 없지만', '라자냐']","['사이다', '서비스', '라자냐 평범', '라구파스타 기름맛', '맛 차이', '점심시간대에는 맛이 떨어지다', '파스타는 별로다', '기본적인 맛', '다시 방문하고 싶지 않음', '다른 더 훌륭한 식당', '라구소스 맛 실망', '가격 만칠천원으로 오름', '같은 소스', '라자냐와 피클 제공 안함', '치즈', '그냥 그럼', '다른 맛을 찾고싶어집니다', '메뉴 수', '자리 상황', '간판 크기', '캔콜라 3천원', '불친절', '거슬리는 점들', '라구 파스타', '라자냐', '파스타', '맛', '다른 메뉴가 없는 것', '파스타 베이스', '샹그리아', '파스타', '파스타', '소스', '양 적음', '피클의 문제', '치즈 문제', '맛', '엄청 물린다', '피클이 없나요', '음식 양 적어요', '빨대 여러개 꽂아서 주시지 마세요', '가격', '사장 불친절함', '느끼하긴', '라구파스타의 맛', '파스타 무난하다', '파스타', '가격', '일행 없다고 안 들여보내주고', '뒤에 온 사람 먼저 들여보냄', '가격', '불친절', '시끄럽게 그릇 던짐', '눈치 보임', '식어서 느끼해진 빵', '샹그리아', '양념이 물림', '메뉴가 고민됨', '라자냐 맛', '극찬', '메뉴가 2개', '비슷하다', '웨이팅', '라구 라자냐 입에 안맞음', '모기 물리고', '샹그리아 맛없음', '과일 맛과 향 없음', '고기내 나는 파스타', '독보적인 맛', '상향 평준화', '라자냐 치즈', '중간 중간 레이어', '스프 메뉴', '파스타', '메뉴 선택권', '손님 응대', '평범한 맛', '가격이 비싼', '가격이 상대적으로 조금 있는 편', '가격', '특출난 부분도 없음']"
란주탕슉,"['꿔바로우 맛', '해산물 칼국수 맛', '씀이 많음', '가격 보통', '혼밥 가능', '새우볶음밥', '짜장도삭면 사이드', '맛나요', '소개시켜주던 가게', '탕수육', '양이 무지무지 많다', '먹을만', '꿔바로우 맛', '도삭면 맛', '꿔바로우', '맛있어용', '바삭바삭', '꿔바로우', '짜장', '짬뽕', '꿔바로우', '꿔바로우 유명', '도삭면 식감', '꿔바로우', '꿔바로우', '꿔바로우', '고추가 잔뜩 올라간 중식', '도삭면 씹는 재미', '도삭면', '떡', '꿔바로우 맛있어요', '꿔바로우', '튀겨진 상태', '소스', '꿔바로우', '도삭면', '꿔바로우랑 볶음밥 조합', '볶음밥 약간', '꿔바로우', '도삭면', '맛', '나쁘지 않습니다', '새우볶음밥', '꿔바로우', '꿔바로우', '쫀득하다', '사천식 짜장 소스가 훌륭하다', '탕수육 먹고 싶다', '독특한 면발', '불향가득 짜장면', '맛', '맛', '맛', '높은점수', '맛', '맛', '중화도삭면집', '맛있네요', '맛있어요', '맛있는 중국집', '맛', '학교 앞', '맛', '맛있음', '꿔바로우', '맛있음', '도삭의 진수', '면이 두꺼운', '맛', '사장님 친절함', '사천꿔바로우', '마라탕', '볶음밥', '사천꿔바로우', '도삭면', '꿔바로우', '양 많은', '꿔바로우 맛있어요', '도삭면 맛있어요', '양도 많아요', '가성비 굿굿', '꿔바로우', '도삭면', '두꺼운 면', '가성비', '맛', '양', '짬뽕 맛', '도삭면', '홍합', '맛', '양', '음식이 푸짐하고 맛있음', '꿔바로우 쫀득하고 고기도 두꺼움', '인생 마라탕', '대전에서 또 온다', '맛있었어요', '꿔바로우', '짬뽕', '식감이 독특함', '새우볶음밥이 맛있음', '맛있습니다', '꿔바로우 명품', '직원 친절', '물티슈 주방세제 제공', '짬뽕', '꿔바로우 조합', '짬뽕', '짬뽕도삭면 맛', '자극적이고 맛있다', '꿔바로우랑 같이 먹다', '짬뽕도삭면', '꿔바로우', '면발 쫀득함', '볶음밥', '최고최고', '추억의 맛', '변함없는 맛', '꿔바로우', '도삭면', '이 집이 최고', '탕수육 맛있어요', '탕수육소스', '탕슉 맛', '탕슉 달콤매콤함', '도삭면 식감', '해물볶음', '면', '단짠소스', '비주얼']","['맛집 아님', '꿔바로우 맛', '과대평가', '웨이팅', '웨이팅', '주방 싸움소리', '알바생 태도', '주방 자주 싸움', '불안하게 밥먹다', '짬뽕국물', '맛', '실망', '억지로 먹음', '가게 내부', '식기 및 식탁 세팅', '음식', '기름짐', '감칠맛', '꾸리꾸리한 냄새', '맛이 없음', '도삭면이 굵음', '면과 소스 안 어울림', '서비스 메뉴', '수익화', '맛', '맛', '위생', '사장', '직원', '불친절', '싸구려재료', '별볼일 없는 가게', '가격', '기대보다는 아쉬웠음', '꾸리꾸리', '잡내', '불친절 논란', '위생 문제', '꿔바로우', '고기가 적다', '바삭함이 덜하다', '도삭면 간', '꿔바로우', '마라탕', '도삭면 제 스타일 아니었어요', '도삭면 면 식감 별로', '도삭면 맛 끌리는 맛 아니었어요', '짬뽕 국물', '도삭면', '도삭면', '도삭면', '식감', '식당의 유명세', '면이 조금 두껍다', '단맛이 강하다', '돈 주는 손님', '걸인취급', '자리 없다고 나가라고', '마라탕 기름', '배추밖에 없음', '맛', '불친절', '줄서서 취급 받다', '사장님', '무례', '두 번 먹고 싶은 맛 아님', '질림', '바퀴벌레', '주차는 한 대 밖에 안돼요', '다른 지점', '짜장면', '꿔바로우', '식사류', '마라탕', '새로 나온 메뉴', '맛은 평범하다', '탕수육', '마라탕도삭면', '마라향', '사람 쳐다보기', '중국어로 쑥덕거리기', '맛', '꿔바로우', '소스 맛', '불친절하지는 않으나 친절하지는 않음', '여기서 파는 음식을 먹고자 이대까지 가는건 아닌거 같음', '어디서나 파는 평범한맛', '자리 없다고', '밖에서 기다리라', '손님 알기를 길거리에 비둘기처럼 대하는 기분', '맛도 없어지고', '기분 나쁜 느낌', '사장님 손님한테 친절하게 대해주세요', '짬뽕', '위생', '어수선함', '전체적 경험', '도삭면 두꺼운', '웨이팅 기다리기', '서비스', '무뚝뚝함', '맛없어요', '짱뽕에서 비린냄새', '토하고 설사', '기본적인 서비스 마인드', '불친절', '짬뽕', '도삭면', '꿔바로우', '불친절', '면발 졸깃함', '탕수육 바삭함', '서비스', '소스 요청 불이행', '주인 아저씨의 성미', '웨이팅', '맛', '맛집', '꿔바로우', '짬뽕', '거리가 먼 게 한이', '위생', '숟가락 깨짐', '양 적은 사람에게 1인 1메뉴가 많을 수 있음', '청양고추 겁나 매움', '맛은 그럭저럭', '마라탕 덜 맵고', '기름이 너무 많아요', '질긴 꿔바로우', '주인아저씨', '그맛', '짬뽕 튀었다', '짜장면', '부실', '위생', '식당 화장실', '위생 문제', '짬뽕의 면 식감', '짬뽕 국물 맛', '짬뽕의 매운맛', '탕수육의 바삭함 부족', '재방문의사', '짜장면 좀 특이한 맛', '사천식 고추', '볶음 도삭면', '꿔바로우 맛', '직원 서비스', '꿔바로우', '맛', '불친절한 서비스', '추가 주문 시스템', '소문에 거품']"
롤앤롤김밥,"['서강김밥', '매운맛', '느끼함이 없음', '재방문', '매운잡채', '필리치즈스테이크', '파티용', '계란김밥', '기본김밥', '매콤한 느낌', '김밥', '김밥이 아닌 쉐프', '제공하는 요리', '맛볼 수 있습니다', '맛', '서비스', '분위기', '맛', '미친 가성비', '포장', '맛있는 곳', '맛은 무난해요', '한끼 잘 먹긴 했으나', '맛있다', '친절하다', '맛있음', '서강김밥', '내스타일', '메뉴가 특이한 편', '포장을 잘해주십니다', '김밥천국 김밥보단 당연히 맛있습니다', '참치김밥', '계란김밥', '치즈 소스', '김밥 맛', '속재료 어우러짐', '소스 맛', '가격', '사장님 친절', '소스랑 같이 먹는 거 추천', '다 맛있어요', '가성비', '맛집', '서강대 김밥', '속 재료', '크기', '맛', '최고의 김밥', '계란김밥 맛', '계란김밥 속', '친절함', '초콜릿 제공', '기본 김밥', '참치 김밥', '잡채김밥', '참치김밥', '친절', '맛', '재방문', '친절히', '특이한 김밥', '속재료가 다름', '옆에김천보다나음', '필리치즈 따뜻할 때', '맛있음', '치즈소스 찍어먹으면', '김밥보단 베이크', '나 또띠아에 가까운 맛', '필리치즈 스테이크 김밥', '맛', '맛있어요', '계란 넘 맛있구요', '서강김밥도 맛있어요', '또 갈 것 같아요', '필리치즈스테이크', '다음에 다른 메뉴']","['브레끼타임', '주문이 밀려 기다림', '후기', '별로임', '다른 메뉴', '매운맛', '김밥안가는이유', '너무 아는 뻔한 맛', '기본 참치', '평범한 참치', '적당한 마요', '우엉이 많이 들어가 있다', '또띠야 김밥', '매장 자리', '속도가 느리네요', '무난 평범하구요', '속도는 좀 느린 편', '기다려야 한다', '유튜브 추천 방송 광고', '필리치즈스테이크', '잡채김밥', '김밥의 신선한 맛', '참치김밥', '필리치즈스테이크', '어른 입맛', '맵네요', '생각보다 많이 매워요', '속도 느리고', '짜고', '과대포장', '비싼편', '매장자리도 거의 없음', '맛', '느끼하다', '짜다', '특색 없다', '직원 불친절', '맛은 평범', '재방문의사 0', '와사비맛', '잡채', '계란 무스', '포장 방식', '김밥 맛', '멀리서 올 필요는 없음', '매운 잡채', '얇은 김밥', '평범함다', '평범한집찾기힘들', '밥은 없었고', '많이 짰던거', '거리', '한시간']"
마루한,"['가성비', '고기', '친절서비스', '계란찜', '맛', '밥집', '노력하는', '식사메뉴', '가성비', '맛있어요', '양념갈비치즈버거', '꿀조합', '마무의리', '시원한동치미', '음식', '직원 친절함', '육회비빔밥', '우삼겹된찌', '방문 빈도', '육회비빔밥 맛있음', '갈비탕 맛있음', '계란을 직접 구워 먹을 수 있음', '양념돼지갈비 치즈버거', '열무국수', '다음에 또 갈게요', '김치찌개 계란찜 서비스', '음식맛', '저렴한', '친절한', '점심 끼니', '맛', '몇년째 맛있게 먹는', '고기집', '돼지갈비', '제일 맛있다', '정성', '맛집']","['냉국수 육수', '버거치즈빵 양념야채', '고기', '마감 1시간 전 눈치', '대놓고 눈치', '마감시간 표기', '화장실에 비누가 없음', '갈비랑 국수는 오버', '철수세미 조각', '국수 누락', '고기 맛없게 마무리', '맛', '국수맛', '가격', '웨이팅']"
망우로30,"['분위기', '공간', '과제하기 좋았어요', '분위기 좋아요', '주차장', '괜찮다', '분위기', '에어컨도 틀어주시고', '수제청', '스무디 너무 맛있어요', '친절보스', '분위기', '분위기', '친절', '스콘', '친절', '즐거운 시간', '크림 꾸덕하고 달달하니', '커피 맛있었어요', '외관 예쁘고', '열대후르츠에이드 특별하고 맛있어요', '스콘도 데워주셔서 따뜻했어요', '분위기', '음료 맛', '인테리어 분위기', '커피', '인테리어', '밖', '생강음료', '주차', '내부', '주차장', '아인슈페너', '카페 인테리어', '그림 오브제들', '마당', '개방감', '매뉴', '맜', '짱짱', '친절하', '음료', '디저트', '분위기', '좌석 수', '직원 친절함', '디저트 맛', '머물 만하다', '사장님', '맛있어요', '커피맛', '카페가 아늑하다', '밖에 앉고 싶다', '앉아서 떠들기 좋다', '크기', '크로플', '맛있는', '피자랑 샐러드', '재료 푸짐', '돈 아깝지 않은 기분', '식사하러 오기 좋은', '회기 발전', '제주도 느낌', '자리 넓음', '편하게 놀다감', '갬성카페']","['사람이 많다', '주문받는 여자직원', '커피', '디저트', '음료', '불친절', '아메리카노', '느끼한 맛', '원두 관리', '기억', '미접종자', '진동벨', '날씨가 너무 추워', '집이 멀어서 다시 가보기 힘든게 아쉬울 정도', '외딴곳', '자리가 없음', '맛', '커피 맛', '음악 소리', '좁을 것 같다', '커피 산미', '커피가 맛없다', '벽돌 의자', '커피', '커피 맛']"
명성양꼬치 신촌본점,"['양꼬치', '기본 양념', '꿔바로우', '기분도 좋아집니다', '고기의 크기', '마라갈비', '어깨 추천', '맛', '꿔바로우', '바삭쫀득한', '옥수수온면', '존맛', '양꼬치', '맛있었어요', '마라갈비', '마라갈비', '꿔바로우', '옥수수국수', '양갈비', '맛집', '마라갈비가 새로운 맛', '계란탕 해장 좋음', '마라양꼬치 맛', '마싯는', '맛', '맛이', '직원분', '양꼬치', '면도 맛있고', '고기가 진짜 실해요', '고기 큰거 먹고 너무 맛있었음', '옥수수온면이 맛있었음', '맛있다', '양고기 맛', '누린내 없음', '살점 많음', '가게 깔끔함', '위생적 느낌', '양꼬치', '꿔바로우', '양꼬치', '꿔바로우', '맛집', '꿔바로우', '양꼬치', '마라갈비', '꿔바로우', '옥수수면', '친절', '양꼬치 신선', '양꼬치 맛있다', '신선한', '쯔란 맛집', '위생적이고 깔끔한', '사장님들 한상 홀 신경', '양고기 비린내 없음', '양고기 미친듯이 맛있음', '마라온면 맛있다', '사장님 친절하다', '사장님 센스있다', '양꼬치 맛집', '어향가지 맛있음', '마라양꼬치 맛있음', '후기가 좋은 것', '친절한 사장님', '양꼬치', '맛']","['가격오름', '양줄음', '맛', '가격', '기본 양꼬치', '월 화 꿔바로우 불가', '모임하기 덥고 협소', '메뉴가지수 부족', '양꼬치', '고기 질', '비싸요', '비싸다', '가성비', '꿔바로우는 그냥 그렇고', '꿔바로우 양 적다', '서비스 타이밍', '양꼬치', '가격 비싸다', '주차 안돼', '비싸다', '메뉴 줄어듦', '햇반을 그대로 공기밥으로 주는 것', '밥그릇에 옮겨주지 않은 것', '맛', '가격', '꼬치류', '질기고', '냄새']"
무초타코,"['맛있다', '깔끔하교', '맛있어용', '맨날 먹고 싶어요', '너무 맛있어요', '매일 가고파요', '새우망고는 꼭 드세요', '돼지타코', '맛있어요', '맛', '맛있어요', '비싼편은 아니라고 봅니다', '추천추천', '맛있었어용', '분위기', '단골 될 것 같아요', '맛있다', '서울 타코 집 원탑', '멕시코에서 먹던 그맛', '존맛탱', '맛있어서', '매장도 꼭 가보려고요', '사장님이 엄청 친절하시네요', '혼맥하면서 즐기기에도 좋은곳', '새우 타코', '망고랑 잘 어울려요', '새우타코', '양', '맛', '여러가지 시켜서 먹어봤는데', '전반적으로 다 맛있었어요', '퀄리티의 맛', '새우타코', '분위기', '친구도 잘 먹음', '친절한 직원분', '새우', '양', '꼬리까지 바삭바삭', '맛있어요', '부럽다', '케사디야', '맛있어서', '모든 사람들이 먹어봤으면 좋겠다', '타코집', '최애 맛집', '양도 많다', '배터지게 먹고 옵니다']","['나초 조금 주시고', '양이 좀 아쉬움', '가격', '비싸다', '평범한 맛']"
미스터서왕만두,"['소룡포', '군만두', '새우만두', '육즙팡팡', '새우 하나씩 들어있음', '편안함', '가격', '맛', '간장없이 먹어도 맛있는 만두', '가끔씩 먹기 좋다', '맛', '해물수제비', '소룡포', '수제비', '군만두', '맛있음', '개존맛', '소룡보', '맛집', '군만두 맛있고', '양 많고 행복하고', '포장해가서 고량주랑 먹으면 극락일 것 같고', '군만두 소룡포 새우만두', '푸짐하게 맛있다', '해물수제비 국물', '군만두', '소룡포', '군만두', '군만두 담백함', '생강 있음', '군만두', '맛있어서', '군만두', '소룡포', '군만두', '튀긴 만두', '겉바속촉', '해물탕의 감칠맛', '환상의 궁합', '군만두 쫀맛탱', '포장 의향 있다', '해물탕 궁금하다', '만두 최고', '맛있는 만두', '하루종일 음쓰냄새 안 남', '맛있게 먹었어요', '너무 맛있어', '나만 알고 싶어요', '군만두', '군만두', '맛', '메뉴', '취향', '맛', '만두', '이름', '만두 맛', '군만두', '새우만두', '맛집', '만두 맛', '샤오롱바오', '만두', '맛있는', '만두', '해물 수제비', '만두맛', '만두에 육즙 듬뿍', '해물탕 얼큰하고 깊은 맛', '가격', '맛', '맛', '친절', '맛있어여', '가성비 좋은듯', '꼬옥 단무지랑 같이 먹어 주면 되', '맛있어요', '육즙', '가격', '해물탕', '만두 추천', '소롱포 맛', '녹진한 국물과 만두소', '맛', '맛있다', '위생', '서비스', '모든 메뉴', '소룡포', '새우만두', '맛', '새우만두', '해물탕', '새우만두', '탱글탱글한 식감', '바삭한 튀김옷', '느끼하지 않고 담백한 맛', '만두로 끼니 해결', '샤오롱바오', '서왕모의 복숭아', '허겁지겁 털어먹던', '손오공이 된 기분', '맛있는 만두', '매장에서 먹어야 할듯 싶어요', '군만두', '소롱보', '새우만두', '포장', '맛집', '소롱보', '최고', '맛', '소롱보', '군만두', '맛있다', '육즙', '소롱포', '맛', '소롱포 새우만두', '겨자채', '서비스', '소룡보', '맥주', '누구랑 같이 가서', '소룡포 맛있어요', '소룡포', '육덕진 육즙', '소룡포', '진한고기육즙', '군만두', '소룡포', '찐만두', '새우만두', '군만두 맛', '소룡포와 군만두', '음식 신경쓴다', '수제비 빼고는 여기 메뉴들 다 먹어봤어요', '찐만두 최고', '맛있는', '싸고 맛있는 만두', '만두맛에 집중', '군만두', '소룡포 이 가격에 이 퀄리티', '냉동만두 튀기거나 쪄서 내줘도 이보단 비싸게 받는 시대', '군만두', '맛', '소룡포', '군만두', '소룡포', '가장 맛있습니다', '고퀄의 만두', '무 장아찌가 진짜 요물이에요', '강추해요', '군만두', '가격', '만두의 맛', '해물수제비', '빨리 나오고', '가성비 미쳤음', '맛있음', '맛', '위생', '서비스', '분위기', '가격', '소울 샤오롱바오', '만두전문점', '전반적으로 좋습니다', '만두', '새우만두', '칭다오', '입지의 불리함을 극복', '서비스 담당 직원', '소롱포', '군만두', '주인의식', '맛', '서비스', '맛있어요', '잊지를 못하는 중', '군만두', '찐만두', '샤오롱', '새우만두', '해물탕', '맛', '청결', '서비스', '분위기', '맛있는', '최고의 만두', '샤오룽바오', '개꿀맛', '모든 메뉴', '맛있다', '만두', '넘버원', '쇼룡포', '군만두 필수', '찐만두', '소룡포', '군만두', '큼직하고 푸짐한 만두', '군만두', '새우만두', '해물 수제비', '맛있고 가성비도 좋아요', '군만두 바삭바삭', '소룡포 육즙 살아있어요', '방문하고 싶은 곳', '맛은 좋음', '가격은 착한 편', '매장에서 먹는다면', '환상의 맛', '맛이 똑같아요', '그때 그 감동', '소롱포', '군만두', '해물탕', '맛', '홍콩 여행이 떠오르는 맛', '고기 식감도 야무지다', '새우만두 군만두 진짜 맛있을 것 같다', '주방장님 1초 김채원']","['기대 이하', '소가 너무 고기고기함', '재방문의사', '느끼함', '양이 조금 부족', '맥주 못먹은건 슬퍼', '고기에서 냄새', '술은 없으니 참고하시고', '새우 한가지', '조금 아쉽다', '소룡포 피 두껍다', '기대하고 갔는데', '생각보단 그냥 그랬다', '소롱보 한입', '소룡보', '새우만두', '가격', '밥 메뉴', '만두', '해물탕', '칭따오 하나에 6천원', '만두피', '만두피', '맛없다', '후기', '맛', '쫌 느끼하니까', '해물탕 해산물 비린내', '점원 무뚝뚝함', '주방 냄새', '생강과 피클', '매우 불친절', '간장에 만두', '좁은 매장', '육즙', '군만두 아쉬웠습니다', '배민 포장 주문 가격 홀 가격보다 비싸요', '군만두 피', '해물탕', '소룡포', '소룡포가 터짐', '해물탕 비싼 편', '셀프바 위생', '주문받는 분 불친절', '미지근한 맥주', '피가 굉장히 바삭거리는데 두꺼운 편', '테이블은 작고 수가 많지 않다', '가격이 올랐고찐만두 크기가 작아져', '새우만 있음', '해물탕 부실하니', '너무 뜨거움', '맛 살짝 안느껴짐', '찾기 어렵다', '간장통 세척', '이물질', '벌레', '인사와 자리 안내', '홀 직원 부족', '주문 기다림', '늦게 들어온 분 주문 먼저 받음', '위생 아쉬움', '서비스 아쉬움', '피가 너무 두꺼웠어요', '포장', '바삭하지는 않았지만', '육즙이 너무 많아서 느끼하다']"
번패티번 외대,"['음식 맛', '직원 서비스', '매장 분위기', '닭다리살 치킨버거', '번과 토핑 밸런스', '버거킹 쿼트로치즈 녹임', '감자튀김', '가격있는만큼 가치가 있음', '치킨 튀김 강추', '사장님이 엄청 친절하심', '직원 친절함', '빵이 바삭하고 맛있었다', '고기 질이 좋았다', '야채랑 소스 조화', '매장이 넓고 깔끔하다', '튀김이나 치킨도 맛있다고 하다', '고기 두껍고 육즙', '감자튀김 잘 튀겨짐', '경제적 선택', '맛있었고', '아이들도 잘 먹었어요', '내부 인테리어', '직원 친절함', '빵 맛', '아보카도 쉬림프버거', '트리플머쉬룸 맛', '매장 분위기', '층고', '패티와 번의 조화', '육즙', '감칠맛', '매장이 엄청 깔끔하고', '좌석배치도 간격이 넓어서', '브리오쉬번이 너무 맛있어요', '매장 직원들도 엄청 친절해서', '직원분들 너무너무 친절', '버거 맛있고 감자튀김 훌륭', '번이 고소하고 부드러움', '즐거운 식사시간', '직원분들 친절', '맛', '맥주', '직원분들이 엄청 친절', '맛이 적당한 편', '가격이 적당한 편', '직원분들이 참 친절하세요', '맛있는 버거', '최곱니다', '최애 수제버거브랜드', '맛있어서', '고소한 번과 맛있는 패티 소스 및 야채의 조화가 훌륭하다', '가장 본인 취향에 부합하는 버거', '이른 시간에 방문할수록 맛있을 수도 있다']","['청결', '식당 분위기', '고구마프라이즈 가격', '야채 양', '가격', '시그니처 메뉴', '가성비', '맛', '번패티번 버거', '야채가 적고 빵의 공기층', '가격', '맛', '서비스', '가슴살', '프라이 소스', '비싸도', '육즙이 팡팡터지는 고기고기한 버거가 아닌']"
베브릿지 한국외대점,"['누텔라 쉐이크 맛', '누텔라 쉐이크 유지', '공항 컨셉', '신박한 음료', '카페', '누텔라쉐이크', '말차라떼', '땡모반', '땡모반', '최고', '맛 누텔라쉐이크', '인테리어 공항느낌', '컨셉 재밌고 귀여움', '맛있고 특이한 음료', '가게 컨셉', '맛있어요', '컨셉 특이하고', '음료 종류가 다양함', '오르차따 신또가 맛있음', '가성비 좋음', '베브릿지 아사이볼', '감격의 눈물', '평생 운영', '사장님', '돈 많이 버셨네요', '포장', '카페', '애용중', '나라별 음료 메뉴', '공항 라운지 컨셉', '분위기', '요거트인 라씨', '스무디인 신또', '다양한 음료 메뉴', '맛있습니다', '음료 맛', '라떼 가격', '음료종류', '맛있다', '음식 재료 신선', '맛 좋음', '저렴한 가격', '맛도 좋음', '맛있네요', '컨셉', '음료', '컨셉', '특이한 음료', '신기한 음료', '컨셉', '밀크티 맛', '코코넛', '코코넛커피', '펄밀크티', '맛있어요', '당도조절 가능', '펄 맛있다']","['컨셉 변화', '공간', '사라진 메뉴', '헤비하다', '버블밀크티', '서비스 평범', '테이블 간격 좁은', '기성품 맛', '홍보', '맛없어요', '메뉴가 많이 사라짐', '특색있는 메뉴 없어짐', '믹스커피맛', '테이블 붙어있어', '손바닥만한 아사이볼', '음료 퀄리티', '가격', '누텔라 쉐이크', '공간', '창렬화', '알바생 싸가지없음', '늦어서 죄송하다', '봉지 던지면서 받아가라고 함', '의자', '감성']"
브레드칸 청량리점,"['가격', '종류', '맛있다', '가성비', '맛있다', '깨찰빵', '가성비', '맛있다', '맛', '가격', '사장님친절', '카드결제하기 미안할정도로 싸요', '맛있어요', '흔치 않은', '맛집', '빵집', '포장제품 다양', '맛 좋음', '재방문 기대', '가성비', '맛있어요', '할미입맛 저격하는 빵', '맛', '먹을만합니다', '크림 도넛', '빵 맛', '재료 품질', '메론크림빵', '맛있다', '가격 저렴하다', '빵 종류 다양하다', '친절한 사장님', '맛있었어요', '밤식빵', '크로와상', '다른 빵', '기대됩니다', '빵 맛', '가격', '양', '직원 친절', '빵', '가격', '직원 친절', '빵', '저렴하다', '맛있음', '재료를 아끼지 않음', '사라다빵', '맛있어요', '사장님 친절', '친절한 사장님과 사모님', '빵이 여전히 맛있어요', '사장님이 알바생에게 점심 사주다', '언제든지 빵을 살 수 있다', '생크림스틱 맛', '생크림스틱', '찹쌀 도너츠', '생크림스틱', '오란다빵 견과류', '사장님 친절', '가격 저렴', '생크림스틱', '빵피', '쫀득쫀득', '3천원', '양도 많구', '찹쌀꽈배기', '꿀꽈배기 빵 버전', '생크림빵', '메론빵', '슈크림빵', '슈크림', '맘모스빵', '맛집', '싸고 맛있다', '옛날 맛', '투박하면서도 푸짐한', '추억을 자극하는', '개인 빵집', '프랜차이즈 빵집에서 보기 드문', '맛좋음', '빵', '바게트', '호밀빵', '멜론빵', '크림듬뿍들어간빵', '가격대도 저렴허고', '빵 맛도 좋네요', '친절하세요', '잘한다', '가격이 저렴한', '도너츠 나쁘지 않은', '빵', '가격', '맛도 있다', '빵도 큰데 소화가 잘됨', '재료도 안 아껴요', '맛있게 잘 먹어왔는데', '맛', '가격', '품질', '직원 친절', '사라다빵', '카스테라빵', '맛', '크림도넛', '맛있음', '패스츄리', '마싯슴', '생크림스틱', '가격', '맛', '식빵']","['먹을만한건 한정된 것 같아요', '초코 들어간 빵 별루 없음', '도넛 오래된', '추석 휴무', '동네 환경', '직원 친절 부족', '일반꽈배기 안 좋아함', '제발...', '너무 달다', '재료 질이 좋지 않다', '너무 달아서 피곤하다', '아몬드머핀', '설사', '첫방문', '맛은 투박함', '시장이 더 싸다', '식물성 잘 안맞다', '재고관리', '눅눅해서 안 잘리고 뭉쳐서 굳은 부분', '미끌한 크림']"
비밀베이커리 이대점,"['맛', '서비스', '분위기', '맛있다', '깨끗하다', '친절하다', '아늑하다', '가격대비 만족도', '가성비 갑', '양상추 많은', '배부름', '맛 가벼움', '가성비', '샌드위치', '존맛', '가까우면 자주 갈 것 같다', '소금빵', '앙버터프레첼', '바닐라크로와상', '치아바타 샌드위치 크기', '음식 진심', '음식 자부심', '인기', '꿀맛', '샌드위치', '최애', '빵집', '좋아요', '최애 빵집', '녹차 타르트', '맛있어요', '타르트', '샌드위치', '말차컵케이크', '비건빵', '무화과 어쩌구빵', '맛있다', '무화과호두 깜빠뉴', '마싯치아바타샌드위치', '스콘맛집', '바질치아바타', '양상추 가득', '간도 딱 맞아요', '이브흐 쿠키 맛있어요', '버터프레즐 맛있어요', '맛', '치아바타', '크랜베리 바게트', '맛있네요', '버터프레즐', '녹차타르트', '빵 맛', '종류 다양함', '빵', '무화과 월넛', '빵들', '맛있다', '깔끔하다', '빵', '달지 않아서', '가격', '빵', '맛있다', '직원', '천사', '샌드위치 내용물', '식감', '단팥빵', '맛있어요', '샌드위치', '샌드위치', '샌드위치 맛', '샌드위치 맛', '양상추', '빵 종류', '얼그레이 스콘', '크로플', '소금프레첼', '맛', '스콘', '스콘이 안딱딱해요', '앙버터프레첼', '양배추 통으로 들어간', '샌드위치 맛', '맛', '잠봉뵈르', '건강한 맛', '마카다미아 쿠키', '존맛', '정말 맛있어요', '샌드위치 최고', '초코타르트 존맛', '종류 다양', '맛있어요', '샌드위치', '조리빵', '페스튜리', '크림빵', '직원분 친절', '초코쿠키', '진정한 인생빵집', '추천합니다', '초코칩스콘', '인생스콘', '치아바타', '녹차타르트', '머핀', '오월의종 크렌배리바게트', '담백하니 맛있다', '크렌베리호두바게트', '스콘', '신촌이대 일대', '타르트', '비건베이커리', '건강한 느낌', '타르트', '애기스콘', '타르트 맛', '응축된 맛', '맛있어요', '단골빵집', '발사믹에 찍어 먹으면 더 좋아요', '서비스 주신 것', '비건빵이나 호밀빵', '홍차스콘', '에어프라이어에 돌려먹어보세요', '신세계가 옵니다', '휘낭시에랑 타르트', '선물용', '샌드위치', '맛']","['위생', '늦게 가면 품절', '슬프다', '메뉴 빈약', '계보 복잡', '품절', '프로젝트 구성', '치아바타 샌드위치 가격', '서브웨이 비교', '빵이 없음', '다른 빵', '기억에 남는 스타일이 아님', '양상추양', '타르트', '스콘은 비추', '가격', '맛', '가게가 작다', '품절이 많다', '예약이 필수이다', '바게트', '치아바타', '타르트 달다', '타르트 크기와 맛', '계산 오류', '얼그레이 소스 맛', '소금빵', '다른빵', '타르트류', '스콘 안같고 빵같아요', '크랜베리호두캄파뉴', '구수한 맛', '단 맛', '말차타르트', '버터프레첼']"
삭 수제튀김 전문점 이화본점,"['매콤해서 맛있어요', '진짜 맛집임', '튀김은 맛있었고', '전체적으로 평균 이상', '잘먹었습니다', '가성비 좋고', '맛있어요', '옛날 떡볶이', '순대도 괜찮구', '튀김 엄청 실해요', '각종 튀김', '떡볶이', '갓 튀긴 튀김', '떡볶이', '순대', '곁들이기 좋다', '튀김 크다', '튀김 바삭바삭하다', '떡볶이 많이 나오다', '떡볶이', '맛', '튀김', '떡볶이 맛', '매콤하니 먹을만하다', '튀김', '튀김에 맥주', '떡볶이 맛', '아무거나 먹어도 괜찮음', '참치허브 김말이', '떡볶이 맛', '모둠튀김 양', '튀김맛', '떡볶이', '튀김과 조화', '맥주', '떡볶이 매콤한 맛', '김말이와 다른 튀김', '깨끗한 기름에 튀긴 튀김맛', '튀김 맛있다', '떡볶이와 튀김 궁합', '튀김', '오징어튀김', '김말이', '맛', '튀김 바삭바삭함', '맛잇어요', '튀김이', '맛있고', '추억도 많은 곳', '떡볶이와 튀김', '순대', '찰순대', '맛있다', '맛있다', '튀김도 맛있고', '떡볶이가 매콤해서', '조합이 너무 좋다', '맛있어요', '폭식했어요', '바나나 튀김', '맛있음', '가성비', '분위기', '김말이', '닭튀김', '삭 떡볶이', '허브참치완자튀김', '튀김', '친절', '포장', '맛', '튀김', '떡볶이', '분식집 떡볶이 기억', '자주 가고 싶은곳', '바삭바삭', '양이 많음', '맛있다', '포장', '인생 떡볶이집', '매콤달콤한 맛', '동료 친절함', '순대 찰지고 간이 적당', '튀김의 바삭함', '합리적인 가격', '친절한 사장님', '추천할만한 곳', '바삭한 튀김', '음식 만족감', '튀김 맥주', '튀김 바로 튀겨줘서', '즉석튀김', '친절하신 사장님', '직원분들', '정말 맛있게 먹고 갑니다', '고추튀김 김말이 고구마', '맛있음', '맛있음', '쫄깃한 밀떡', '찐하게 배인 양념', '튀김 서비스', '떡볶이', '순대', '튀김', '참치튀김', '오징어튀김', '떡볶이', '조합', '김말이', '최애 튀김집', '튀김', '탄수화물', '행복', '튀김', '떡볶이', '맥주', '튀김', '맛집', '튀김 맛집', '김말이 맛있음', '허브참치 맛있음', '튀김', '세심한 직원분들', '친절한 직원분들', '튀김 크기가 크다', '맛있다', '고기튀김 대박', '김말이 대박', '튀김', '맛있어요', '튀김맛', '탕탕탕', '튀김', '맛있는 집', '튀김이랑 맥주 조합', '튀김', '튀김', '훌륭한', '튀김', '메뉴', '전체적으로 다 맛있음']","['2인분 같은 1인분', '바나나튀김', '서비스', '위생', '장사', '왕새우튀김 아쉽다', '떡볶이 금방 식다', '직원 옷', '머리 상태', '주방 위생', '덕볶이', '튀김 가성비', '튀김과 간장 조합', '오뎅국물', '떡볶이 맛', '떡볶이 매움', '튀김', '튀김 나머지', '엄청 맛있진 않음', '가격에 비해 새우튀김 사이즈 아쉬움', '떡볶이', '매운 맛', '표시 없음', '친절함 부족', '떡볶이 약간 매운', '튀김 오일리 느낌', '외국인 비추', '떡볶이', '떡볶이 맵다', '실수로 30분 기다림', '매장이 좁다', '서비스 기대', '매움', '새우튀김', '불친절함', '서비스', '손님 차갑게 대함', '맛', '떡볶이', '서비스', '떡볶이', '신맛', '추가오징어튀김', '오징어 크기', '주문 경험', '서비스 태도', '운영 시간', '레스토랑 정책', '튀김옷이 두꺼워 느끼함', '일하는 분들 쌀쌀맞은', '기름때묻은 행주', '튀김 가루를 기름통에', '떡볶이는 좀 맵습니다', '바나나튀김', '매운편', '기대를 많이해서인지 평범했어요', '직원', '음식', '청결', '친절함', '서비스업', '바나나는 아쉽다', '떡볶이']"
서가네 정육식당,"['맛', '살코기', '음식', '맛있고', '서비스', '양', '추천', '돈육', '우육', '서비스', '맛', '맛나요']","['육개장소국밥 고기', '냄새', '지방 껴있는 부위', '씹다가 못 삼키겠다']"
서울뼈구이 본점,"['불향', '먹을 만 합니다', '등갈비구이', '날치알주먹밥', '서비스', '자리', '추억', '2차가기 딱조음', '가격착해', '맛있어', '쾌적해졌네요', '매운맛', '가성비', '가성비', '맛', '뼈구이집', '고기 부드러움', '아주매운맛', '맛', '고기 부드러움', '밑반찬', '예상가는 맛', '괜찮다', '생각나다', '매콤달콤한 양념', '부드러운 고기', '가격 대비 양 푸짐', '맛', '위생', '서비스', '웨이팅 없이', '기본맛', '매콤', '양념', '국물', '주먹밥', '맛있어요', '독특한 메뉴', '동네 주민', '꾸준히 가는 곳', '난 좋다', '등갈비 부드럽고 양념 맵고 달짝지근', '주먹밥 두그릇 뚝딱', '맛 무난', '가격 무난', '흔치 않은 메뉴 한 번 괜찮음', '맛', '맛', '매콤지코바치킨뼈구이', '주먹밥', '맛있다', '맛있게 맵고', '양이 딱이네요', '코로나로 힘드실텐데 힘내세요', '맛있', '맛 최고', '맛', '2인분에 주먹밥', '아주매운맛', '중간맛 맛있게 먹었음', '날치주먹밥은 머스트', '둘이서 넉넉하게 먹으려면 3인분', '순한맛', '맛있었어여', '맵찔이', '중간맛', '계란찜 서비스', '맛도 조코 굿굿굿', '안 매운맛', '먹을만은 함', '무난한 맛', '방송나오기 전부터 자주 먹던', '친절', '고기', '연골', '뼈구이', '맛있다', '뼈구이 맛있어요', '서비스로 나오는 계란찜', '뼈구이 맛있어요', '재방문 의사있음', '중간맛 추천', '뼈구이 맛', '감자탕 고기', '매운맛 조절', '뼈구이 매운맛', '만족스러움', '면사리 우동이나 라면', '뼈구이 왜 유명한지 한입 먹으면 바로 알수 있어요', '계란찜 기본으로 나오고', '양 넉넉하고 딱 좋았습니다', '안주로 완벽합니다', '고기가 부드럽고 맛있다', '정성 보이는 음식', '손님 응대', '쾌적함', '뼈구이', '고기가 입에서 사르르 녹음', '주먹밥 맛도리', '뼈구이', '날치알주먹밥', '가격', '뼈구이 맛', '서비스', '매장 분위기', '뼈는 야들야들', '탄 부위는 거의 없었음', '기다리면서 먹을 만한 맛집', '회전율 빠르다', '맛있다', '이정도면 나쁘지 않다', '투수 있음', '반찬이며 뭐며', '스로잉함', '맛', '가까우면 생각날 때 먹을 정도', '맛', '음식', '맛있다', '음식 맛', '포장해서 먹는 것', '숯불향', '적당히 매운맛', '에어컨 바람', '준수한 맛', '맛있음', '불맛 낭낭', '기분 좋게 매운 맛', '살이 부드럽다', '중간맛', '적당히 매콤', '맛있다', '맛', '맛', '참말루 맛있네요', '주기적으로 생각나는 맛', '맛있어요', '사장님 친절하십니다', '포장해갑니당', '특이하다', '맛있다', '짭짤하다', '가게 확장', '먹을 만함', '호기심에 가볼만한 곳', '회전율이 빠른', '고기 냄새', '맛있던데요', '양도 딱 좋았어요']","['양이 엄청 많은건 아니지만', '포장주문', '웨이팅', '손님 귀찮아함', '서비스', '가격', '아줌마', '싸가지가 없다', '영업시간', '매운맛', '응꼬불남', '매장이 더움', '맛', '질', '뼈 상태', '소스 타는 것', '가성비', '맛', '뼈해장국 고기', '맛', '가격', '사람 없음', '고기 잡내', '매운맛', '제일 안 매운맛', '만석웨이팅', '화장실 위치', '휠체어 접근성', '특별히 맛있다', '유명세 때문에 웨이팅', '감동적인 맛은 아니고', '짰다', '너무 짜서', '입이 얼얼하다', '맛있다고 하는지 모르겠다', '사람이 많아', '웨이팅해야됨', '웨이팅', '에어컨 꺼버림', '다소 맵다', '호불호 갈리다', '인테리어 좁고 허름함', '정갈하게 먹기 힘듦', '맛도 없고', '맵지도 않고 씁쓸하고', '고기 냄새 엄청나고', '김가루에서 비린내 엄청남', '뼈도 몇개 안나오고', '웨이팅 사람 드글', '소음 대화 못 함', '고객 응대', '불친절', '위생에 의문', '화장실', '불친절', '주문 빨리빨리', '자리 남아도는데 앉지도 못하게 함', '재방문 의사 없음', '매운맛의 갭', '대기', '맵찔이', '철수세미 나왔습니다', '직원분들과 사장님 죄송하다는 말씀 없으셨구요', '이해하고 싶지 않은 변명', '손해 안보시려는 태도', '음료수로 상황 무마', '웨이팅이 없다면', '대기줄 생기고', '양은 줄고', '천원은 오르고', '맛은 조금 변하고', '아주매운맛', '좀 타서 나오더라구요', '양념도 잘 안 배어있어서', '가게 협소', '약간식으면냄새', '양이 조금작다', '매운 족발', '가성비 맛집', '일반 음식점', '뼈구이', '사람은 좀 많았지만', '서울에 뼈구이집이 많이 없다', '비교대상이 적다', '불친절', '무례함', '안매운맛', '느끼해요', '그냥 그래요', '가격', '먹을만한 부분', '고기 단위당 가격', '일부러 찾아 올 정도는 아님', '웨이팅', '고기잡내', '부드럽지 않다', '가격', '주방위생', '방댕이 깔고 앉아있는 아줌마', '영업중으로 써있다', '여름 휴가', '이상한 향', '친절하지 않음', '화장실 상태', '브레이크 타임', '시원한 집', '유명해지지 마라', '홀에 아줌마', '맵기 조절 문의', '오만 인상 짜증', '정색팔색 반응', '어이없다', '보통 맛', '신라면보다 살짝 맵다', '배가 살짝 아프다', '재방문의사 32퍼', '양이 적다', '고기 냄새', '아쉬웠어요', '매워요', '영업 마인드', '주문 마감', '재료 소진', '얼굴도 안쳐다보고', '어이가 없어서', '웨이팅', '방송이 입맛 다 버려놓는다']"
성화금탕마라탕.튀김꼬치,['깔끔한'],[]
수저가,"['차돌짬뽕 맛', '짬뽕', '탕수육', '배불러요', '직원분들이 정말 친절', '재료도 신선한 것', '기분 좋았던 친절한 서비스', '가성비 맛 친절', '메뉴 간편화', '일반 짬뽕의 맛', '친절한 서비스', '가성비', '서비스', '가성비', '깔끔한 국물', '많은 양의 차돌', '친절한 서비스', '갓저가', '가성비', '짬뽕국물맛', '맛', '맛집', '친절하고 서비스 양 만족', '짬뽕맛집', '마늘탕수육', '칸풍육', '차돌짬뽕', '짜장면', '맛', '오래 우린듯한 해물국물', '면 건더기 많음', '맛', '양', '가격', '친절', '모든게 완벽', '맛있고', '가성비 짱', '맛있고', '양많고', '친절한', '맛있다', '직원 친절', '버섯 육수', '채식 비건 옵션', '맛', '차돌짬뽕', '사장님 친절', '가격 싸다', '맛있다', '최고의 동네맛집', '양 대박 많음', '맛집', '가격', '수저가역세권', '서빙 이모님 정말 친절', '밥도 무한리필', '짜장 2개 시키면 나오는 짬뽕국물', '서강대의 빛', '맛있어요', '수저', '동네에 오래오래 남아주세요', '식도락의 즐거움', '벗과 함께할 수 있는', '추천', '차돌짬뽕', '짜장', '양도 많고', '직원분들 엄청 친절하세요', '양을 많이 주신다', '항상 친절하다', '양', '인생 짬뽕집', '양', '양이 정말 많구', '직원분들 너무 친절해요', '위생적이에요', '후식 음료', '양이 푸짐함', '맛도 좋음', '차돌짬뽕', '1등인 가게', '얼큰해서', '버섯 육수', '친절하시고', '양도 푸짐해요', '맛있어용', '짬뽕이 더 맛있어용', '마시다', '맛있고 좋아요', '사장님 서비스', '청결한 편', '차돌박이 짬뽕', '짬뽕 맛', '국물맛', '양이 많다', '깔끔하다', '음료 서비스', '짬뽕', '야채식감 굿', '양 많고 후식으로 음료수 한 캔 줌', '가성비가 일품', '가성비 좋음', '기다릴만 함', '더 맛있어졌어요', '차돌짬뽕이 진리입니다', '홀 봐주시는 분도 너무 친절하셨고', '음료수도 주시고', '기분좋은 식사', '짬뽕 물건', '사이드 메뉴 탄력', '국물의 단맛 감칠맛', '면과 국물 밸런스', '직원 친절', '차돌짬뽕', '곱배기 양', '깔끔한 맛', '내용물 실함', '가격에 가능한 짬뽕', '채소와 오징어 넉넉히', '국물과 면발의 조화', '줄 서서 먹는 이유가 있는 집', '친환경 용기', '홀 받기', '차돌 많이 얹어주십니다', '종업원 아주머니분 완전 친절', '차돌이 많습니다', '양도 많고', '서비스 음료', '밥도 무제한', '입학 후 1주 1수저', '맛', '차돌박이', '맛있었어요', '너무 맛있게 먹고 있어요', '맛있다', '친절하다', '정말 정말 맛있어요', '가격도 너무 착하고', '맛없는 메뉴가 없어요', '직원분들 다들 너무 친절하시고', '쥬스 서비스도 매번 주세요', '맛', '직원 친절함', '캔음료 후식', '양 많다', '맛있다', '친절', '맛있게', '사람들 드글드글', '재방문의사', '직원 친절', '짬뽕 양 많음', '짬뽕 맛있음', '맛있고 가격도 합리적', '면발 중요시', '면은 적당히 찰기', '양도 많음', '탕수육', '짬뽕 맛', '친절 서비스', '위생', '짬뽕맛', '가격', '짬뽕 고기', '짜장면 맛', '신선한 양파랑 단무지', '친절한 직원', '세심한 서비스', '짬뽕 국물', '깔끔하다', '직원', '친절하다', '짬뽕 양도 많고 맛있다', '서비스 직원분들', '디테일한 서비스', '친절하다', '말이 안 되는 맛집', '짬뽕계의 최고봉', '혜자음료서비스', '가성비 짜장면집', '짬뽕은 맛있고', '친절하신데요', '차돌짬뽕', '차돌짬뽕 맛', '차돌짬뽕 가성비', '차돌짬뽕 맛', '국물 깔끔함', '국물 진하고 자꾸 생각나는 맛', '양도 진짜 많아서 배터질 뻔', '이모님들 계속 반찬 챙겨주심', '넘 친절하셨어요', '차돌짬뽕', '마늘탕수육', '차돌짬뽕', '차돌폭탄짬뽕', '맛있어요', '차돌짬뽕', '맛있습니다', '차돌짬뽕', '마늘 탕수육', '고기 양', '직원 친절함', '차돌짬뽕', '저렴한 가격', '푸짐한 양', '친절한 서비스', '차돌짬뽕', '짜장면', '종업원 친절', '짬뽕국물 양', '건더기 상태', '탕수육 맛', '사장님 친절함', '갈배 서비스', '기다릴 정도', '최고의 가성비', '양도 엄청 많고', '직원분들 너무 친절', '단무지와 양파 먼저 물어봐줌', '음료수도 서비스로 주심', '친절하고', '푸짐하고', '맛있네여', '가깝다', '고기짬뽕', '가격', '푸짐한 양', '직원 친절함', '맛집', '홀 아주머니들 친절', '반찬 리필 서비스', '차돌과 면 양 푸짐함']","['마늘탕수육 없어짐', '면발이 다소 퍼져서', '밀가루 맛도 나고 식감도 별로', '차돌짬뽕의 진한 맛', '맛', '탕수육', '냄새', '면발', '긴 대기', '자주 문닫음', '조금 짬', '맛없어요', '주방 느려터짐', '다신 안와요', '줄서는거 이해안됨', '맛이 변했어요', '별로에요', '양도 적어지고', '숙주만 가득', '줄 겁나김', '식당의 질', '안되는 메뉴도 많고', '맛도 매번 변하네요', '긴 웨이팅', '간이 좀 쎄요', '간이 쎈 편', '짜고 매웠어요', '금요일 휴무', '문닫혀있음', '가격', '서비스', '차돌이 기본으로 들어감', '탕수육은 가격이 비쌈', '차돌짬뽕', '피크타임 웨이팅', '가격', '맛의 편차', '포장판매를 안하는건', '일회용품 규제 타령 핑계', '주방 벅찬게', '인기가 넘 많아서 웨이팅 없는 날이 없다', '웨이팅 20분', '매웠어요', '간이 좀 세서', '점심 시간 때 약간의 웨이팅', '버섯', '숙주', '짜다', '짜장 맛', '짜장맛', '마늘탕수육맛', '음식자극성', '짬뽕 평범', '탕수육 보통', '음악소리가 너무 커요', '홀은 은은하게 소리가 들렸으면 좋겠어요', '탕수육 없어짐', '대기시간', '마늘탕수육', '웨이팅 많음', '초심', '재료', '맛', '차돌 짬뽕 맛', '고기 양', '탕수육 튀김옷에 머리카락', '소스가 너무 짜다', '직원들이 덜 친절하다', '음식 조리 위생상태', '평범했다', '짰어요', '맛을 원한다', '맛', '평범한 맛', '평점 4점 넘지 않음', '화요일 휴무', '개고생', '차돌짬뽕', '국물 기름끼', '느끼함', '텁텁함']"
스키당 대흥점,"['가게 인테리어', '직원 친절', '스키야키 맛', '고기 부드러움', '간장육수 향', '분위기', '맛', '데이트코스 추천', '맛', '분위기', '깔끔하다', '분위기 좋다', '맛있다', '맛있는 음식', '맛있었어요', '맛 괜찮고', '가게 분위기도 좋아서', '소규모 모임하기 좋아요', '맛있고 구성도', '분위기', '맛', '직원 친절함', '맛있어요', '구성이좋고', '데이트코스로 괜찮아요', '맛있어요', '가끔 오기에 좋다', '데이트 장소로 추천', '맛있었어요', '전반적으로 맛있고', '간을 조절할 수 있어서 좋네요', '분위기', '맛', '친절', '돈아깝지 않은', '완벽한 식사', '분위기', '프라이빗한 느낌', '깔끔하게 예쁘게 한 끼', '매장', '깔끔함', '맛', '샤브샤브 맛', '스키야키', '맛있는', '개인 화로', '깔끔하게 먹을 수 있다', '고기 좋은 고기', '스키야키', '맛있어요', '처음 먹어봤는데', '친절', '1인으로 먹을 수 있는', '장점', '각자 먹고 싶은걸로 골라서', '자기 속도대로 먹을 수 있습니다', '위치', '음식 깔끔', '맛있다', '직원분들 친절함', '맛있게 식사', '스키야키 맛집', '직원분들이 친절하시구', '음식도 맛있었어요', '맛있어요', '상을 정갈하게 차리다', '인테리어 분위기', '직원 친절', '분위기', '푸짐하다', '맛나요']","['가성비', '가성비', '네이버 쿠폰 사용', '핸드폰 즐겨찾기', '맛있지 않은', '친절하지 않은', '특색이 있는 것도 아닌', '애매한 양', '재방문 의사는 없습니다', '바 테이블 앉을 때 주의', '지나가는 사람들과 눈 마주침', '좀 시끄러운 느낌', '그렇게 저렴한 가격은 아니고', '구성품 양', '가격이 조금 부담스럽다', '채소양이 적어서 아쉬워요', '엘리베이터가 없음', '비싸다', '너무 달다', '가격', '가격 조금 비싸다', '맛', '비싸다', '가격대비 별로', '죽도 없다']"
신락원,"['탕수육 맛있음', '삼선짬뽕 특이함', '짬뽕', '친절', '맛난 음식', '국물 괜찮다', '후식 푸딩 맛있다', '재방문 의향 있음', '맛', '위생', '서비스', '분위기', '맛집', '깔끔한 맛', '탕수육', '쫄깃한', '깔끔한 맛', '탕수육 튀김', '아주 바삭하다', '부드럽다', '맛', '음식', '분위기', '맛', '청결', '정통 분위기', '메인요리 탕수육', '짬뽕 맛', '볶음밥', '내공', '볶음밥', '맛집', '맛은', '서비스 응대', '음식 맛', '음식 컨디션', '좋은 식당', '식재료 해산물', '유산슬', '삼선우동', '짬뽕 짜장면', '백년가게 노포음식점', '중국집', '유니짜장', '가성비', '재방문 의사', '탕수육', '짬뽕', '요리', '친절도', '중새우 요리', '저렴한 가격', '탕수육 소스', '튀김옷', '고기', '신락면 재료', '새우', '흑후추안심', '식사 메뉴', '푸딩', '특별함', '짱께집', '신락원', '최고의 탕수육', '탕수육', '가게 분위기', '주인 아주머님', '신락면', '중국 음식', '유명판 중식당', '최애', '집 근처', '코스요리', '맛은 좋은데', '탕수육', '짜장면 맛', '탕수육', '튀김옷', '고기', '짬뽕 국물맛', '최고의 중국집', '인생맛집', '중국집', '탕수육 맛', '고기 잡내 없음', '튀김옷', '즉시 나오는 속도', '탕수육 맛', '소스', '바삭바삭한 탕수육', '굴짬뽕', '정식 코스 가성비', '튀김요리', '두유 단호박 푸딩', '후식', '별다섯개']","['비린내', '핏물', '소스에 버무려진 탕수육', '안익은 탕수육', '가위 요청', '가격대 비쌈', '주차장', '게살스프', '에어컨', '탕수육', '짜장', '짬뽕', '백년가게', '맛', '불친절함', '건강한 맛', '새우 손질', '친절함', '가격', '맛', '무서운분', '손님들', '망신', '짜장맛', '불친절', '무성의한 서비스', '틱틱거리는 주문 태도', '어린이용 의자 제공', '거만함', '삼선짬뽕밥 스프맛', '기름기 느끼함', '내용물 부족', '불만', '신락면', '사천탕수육', '대기', '직원', '체계', '음식', '유명하다', '주차 전혀안됨', '삼선짜장 짜고 쓴맛', '고추를 한 바가지 썰어넣고 매워', '3대 중식당 홍보', '볶음밥', '웨이팅', '주차', '식당 환경', '삼선짬뽕', '게살호박스프', '전분 없음', '탕수육', '고기에 밑간 없음', '새우볶음밥', '가격이 쎕니다', '유니짜장의 임팩트 맛', '면의 불고 맛', '대충 썰은 양파와 춘장', '그냥 동네 짜장면 집 시키는 맛', '맛집 유지의 어려움', '짜장면', '재방문의사', '짬뽕 맛', '짜장', '탕수육의 가격', '카운터에 있는 남자', '퉁명스럽고 뻣뻣한 자세', '분위기', '탕슉 맛', '고기 양', '유니짜장 맛', '짬뽕 맛', '탕수육', '소스']"
아건 이대본점,"['맛', '청결', '서비스', '분위기', '맛', '위생', '서비스', '분위기', '맛있어요', '무한 리필', '인테리어', '인도문화와 맛', '다시 방문', '갓성비', '정통 카레집', '인도 출신 사장님', '오랜 경력', '맛있었고 이색적', '맛', '존맛', '다시 가고 싶음', '맛있다', '버터', '맛있어요', '맛나요', '맛', '다양한 메뉴', '친절한 사장님', '맛', '맛있는', '탄두리치킨 맛', '치킨티카마살라', '버터난 버터치킨마크니갈릭난 조합', '허니난 맛', '두번째 방문', '항상 감동', '친절하시고', '모든 음식이 맛있어요', '가격', '인도식당', '담백한 맛', '맛', '서비스', '존중받는 느낌', '맛', '가성비', '맛', '사장님', '친절', '맛', '분위기', '난', '맛', '맛있고', '가성비', '맛있습니다', '또 오고 싶어요', '바베큐', '맛있어요', '제일 맛있네요', '램 도피아자', '난 맛', '무한리필', '맛', '사장님 친절', '맛있어요', '치킨반달루 추천', '세트메뉴 맛있음', '사장님 친절', '음식 맛', '망고라씨 맛', '탄두리치킨 맛', '버터난 풍미', '사장님도 친절', '음식도 정말 맛나', '탄두리 치킨 추천', '맛있다', '여러가지 맛볼 수 있다', '양이 푸짐하다', '맛집', '세뚜메뉴', '맛있습니다', '양 많고', '사장님 친절하고', '난도 쫄깃하고', '맛있어요', '양도 많다', '맛있다', '또 갈 거예요', '맛있어요', '한결같이 맛있고', '친절하세요', '과한 향 없이 먹기 좋다', '사장님 친절하다', '양고기 커리 맛있다', '맛있게 먹고 가요', '아건 짱짱', '맛', '커리', '난', '인도풍', '친절', '인도 음식', '음식', '난과 강황밥 무한 리필', '직원 친철함', '음식 맛있다', '사장님 친절하다', '허니난 맛있다', '그린커리 맛있다', '요리 맛', '장식장 소', '인도 음식', '맛있어요', '맛', '인도음식점', '맛있습니다', '인도커리', '라씨', '인도커리', '추천하는 식당', '맛있는 간', '카레', '저렴하다', '구성 좋다', '맛있다', '저렴한', '무난하고', '점심 때 가기 좋은', '인도커리집', '맛있어요', '카레 맛있는', '일부 메뉴 리필', '맛', '난 맛', '커리 맛', '가격', '사장님 친절함', '직원', '친절', '음식', '맛있다', '직원분들', '친절하다', '커리', '맛있다', '진짜 너무너무너무 맛있어요', '치킨 빈달루', '자주 올 것 같아요', '진짜 맛있게 매운맛', '오래 학교 근처에 있었던 식당', '오랜만에 와도 너무 맛있어요', '강추입니당', '최고의', '맛집', '최고의 맛집', '친절', '맛있다', '친절한 서비스', '깔끔한 가게', '인도 느낌', '친절하시고', '맛있어요', '커브 세트', '커리', '음식', '직원들', '커플세트', '양고기커리 맛', '사장님 친절', '팔락파니르', '맛', '팔락파니르 맛', '탄두리 치킨 맛', '음식맛', '플레인난 리필가능', '인테리어', '깔끔함', '합리적인 가격', '푸짐한 커리', '친절한 사장님', '혼밥 할 수 있어서 좋았음', '화려한 인도 춤이 티비에서 나오는 것 좋았음']","['채소 들어간 면', '음식', '향신료의 맛', '커리맛', '커리 맛', '치킨티카마살라', '팔락파니르', '바퀴벌레', '위생 관념', '밀가루 맛', '맛 없어요', '세트메뉴', '커리 선택', '레몬이 불판 위에 달궈져서 나온다', '사장님이 없을 때 네이퍼페이 불가능', '주방장이 마스크를 안 씀', '밥이 리필되는지 모름', '가성비가 좋지 않음', '위생', '기다리는시간', '최소 30분', '홀에 한테이블도 없었음', '도덕적인 이유', '불매', '재방문 의사 없음', '전체적으로', '뭔가 부족', '맛있는편의 인도식', '벌레', '위생', '라씨', '젖향', '메인 커리맛', '맛은 내 취향이 아님']"
아민 이화,"['후추향이 강하게 가미', '재밌는 맛', '샐러듀', '루나', '맛있어요', '양', '맛', '친절', '컨셉', '매운맛 첨가', '고급스러워진 분위기', '다양한 지중해음식', '친절', '향신료의 조화로운 맛', '지중해식 샐러드', '채식러와 논비건 친구들 모두 만족', '보물같은 곳', '샥슈카 진짜 맛있어요', '최애 맛집', '너무 맛있어서', '인스타 분위기', '손님 대접', '맛있어요', '양도 푸짐하고', '재료들도 신선한', '사장님과 직원분들 친절하셔서', '혼밥하기도 좋아요', '맛', '두부튀김', '기분좋고 든든한', '건강한 한끼', '일요일 영업', '비건 음식', '제일 맛있었어요', '가격 싸서', '강남에도 오픈해주세요', '새로운 메뉴', '맛', '기본 샐러드', '병아리콩', '푸짐하고 건강하게 먹을 수 있다', '두부튀김', '두부튀김', '마클루바 라인', '음식의 맛', '청결 상태', '서비스', '분위기', '또 가고 싶다', '맛', '신선한 재료', '정성들인 요리', '루나풀문', '먹어주세요', '리코타치즈', '샐러드', '마클루바', '맛있어요', '맛', '그래도 맛있고', '분위기도 좋아요', '맛있다', '깨끗하다', '친절하다', '연말 이벤트', '핫팩 제공', '맛있고', '배부르고', '비건메뉴 굿', '맛있고 어디가서 못 먹을 메뉴', '맛있고', '친절하고', '분위기', '맛있고 친절하고 특색있고', '케이퍼랑양파랑토마토 사이드 엄청맛있어요', '엄청 맛있고 희소성있으니까', '재방문의사 완전있어요', '맛있고 푸짐하다', '배도 부르다', '속도 편안하다', '만족스럽다', '맛있는 비건식당', '논비건 메뉴', '맛있는 비건식', '맛있는 샐러드', '좀 특별하게 먹고싶을 때 가는 곳', '맛있어요', '맛', '이국적인 분위기', '직원 친절', '시금치 메뉴 맛', '분위기', '맛', '직원 친절', '분위기', '아늑하다', '음식', '맛있다', '재방문', '맛있죠', '잘 구운 야채', '맛있는거군요', '사장님 친절', '맛있다', '양 많다', '사장님이 매우 친절', '음식도 매우 맛있습니다', '포크랑 숟가락을 새걸로 가져다주심', '평점 5점이 부족한 집', '샐러드', '배부를 수 있는', '샐러드', '맛있다', '에그인헬', '짱맛있다', '샥슈카', '샥슈카', '맛있었어요', '속편하다', '든든하다', '야채 구이', '비건 옵션', '수박과 샐러드', '의외로 잘 어울렸다', '상쾌했다', '야채', '맛', '양', '맛있습니다', '음식', '정성이 들어간 느낌', '올리브유와 와인 조합', '연어 샐러드', '맛있어요', '연어샐러드', '새로생긴 메뉴', '맛있고 신선하다', '건강한 음식', '신기한 음식', '맛', '눈물날거같아요', '영혼을 위로하는 맛', '근처 사시는 분들 축복받은듯', '직원분들 친절하시고', '맛있어요', '비싸니깐 괜찮아요', '두부튀김 맛', '가성비', '이국적인 메뉴', '맛있게 즐길 수 있는 음식', '구성이 만족스러움', '이국적인 메뉴', '점점 맛있어지는 경험', '건강식', '이색적인 맛과 분위기', '최애 맛집', '내부 인테리어', '아늑하다', '모든 메뉴', '건강하고 맛있는 느낌', '최애맛집', '메뉴 특색있다', '맛있다', '자주 오다', '샐러드', '친절도', '양 많고 든든하게 먹기 좋다', '소스랑 곁들여 먹으면 풍미 좋다', '서비스로 제철과일 제공', '샥슈카', '기분 좋고', '샐러드', '맛있어요', '소울푸드', '맛집', '마끌루바', '두부튀김', '맛있어서 깜짝 놀랐어요', '맛있는 음식', '신선한 재료', '친절한 직원', '좋은 분위기', '비주얼', '맛', '직원 친절', '메뉴 설명', '스프', '빵', '직원분들', '메뉴 설명', '친절', '맛', '맛있음', '대접받는 느낌', '잘 대처해주심', '따뜻한 음식', '샥슈카 맛', '샐러드 메뉴', '항상 친절', '먹는 법을 설명', '샥슈카', '맛있었어요', '기분 내러 오기 좋겠어요', '가격', '양', '맛', '신선도', '카페 분위기', '지중해 가정식 음식', '두부튀김', '맛있음', '푸짐', '신선해요', '풀문', '두부 튀김', '각종 채소 신선함', '흰 소스', '풀문', '루나', '맛있음', '샐러드', '비건 메뉴', '해산물', '새우']","['간이 세졌다', '리뷰 알바', '가격', '맛', '가격', '가격', '가격', '가성비', '핑크택스', '가성비', '가격', '대기시간', '회사근처 맛없고 비싼 식당', '인스타 가격', '가격은 만만치 않다', '맛', '재료', '가격', '강남에서 이대까지 오기 너무 힘들어요', '돈 아까움', '초록채소는 치커리만 가득', '흰 소스 맛', '집에서 멀다', '가격', '가격', '맛이 변했지만', '너무 자주 가격을 올려서', '예전의 가성비는 없네요', '의자 다리 세개', '이대 물가 치고 싼편은 아닌', '가격 계속 올라서', '가격대가 있어서 매일은 못가고', '아보카도 추가', '가격', '벌레', '사과', '환불', '무책임', '가격 대비 맛', '서비스', '구성의 탄수화물', '비싸서 자주는 못가는게 아쉽다', '가성비', '가격 상승', '건강식 혼밥', '샐러드 메뉴 줄임', '자극적인 메뉴', '가격', '가격이 좀 있지만', '메뉴가 리뉴얼 됐다', '레드풀 맛이 바뀌었다', '고기가 많이 빠졌다', '매운맛이 더 강하게 남는다', '느끼한 맛', '가격 저렴하지 않음', '테이블이 협소함', '양이 적어보임', '비싼편', '콩 딱딱함', '입천장 데임', '건강한 맛', '점심 시간에 사람들이 많아요', '사람이 많음', '지중해이스라엘 음식', '음식 설명', '비싸다', '맛', '찾아가기 어려움', '벌레가 한번 나옴', '직원분이 그릇을 떠밀듯이 넘겨줌', '계란껍질 나옴', '재방문', '비싸다는 생각', '자극적이고 맵고 기름진', '샐러드 채소 시들시들', '가격대는 좀 있는', '평범함', '가격', '브로콜리랑 올리브', '가격', '아보카도', '비싸다 생각', '살몬']"
안녕유부,"['유부', '맛있음', '유부초밥 서비스', '친절', '맛있어요', '소고기김치 유부초밥', '공짜', '잘 먹고 갑니다', '무난해요', '너무 맛나요', '우동', '유부', '맛', '실하고 맛있어요', '도제 랑 비슷항맛', '우동국물도 허사롭지않은맛', '재방문의사있어요', '담라캔디도 디저트로 주십니다', '찐맛집', '비싼듯 괜찮음', '어묵우동', '친절', '가격', '유부초밥', '우동볶이', '토핑']","['가격', '얕은 맛']"
언니네함바그,"['분위기', '음식 맛', '가지마세요', '괜찮아요', '전체적 경험', '무난하게', '한끼 때우기 좋다', '깔끔하고', '좋았습니다', '매콤한 맛', '치즈 얹는 거', '가격대비 양', '맛', '손님이 점점 느는거', '샐러드와 밥', '맛', '양', '맛', '가격', '친절', '함박 스테이크', '양', '직원 친절', '맛있고 푸짐하다', '가격', '깨끗이 청소하다', '맛', '맛있어요', '매콤 치즈추가', '맛은 괜찮습니다', '맛있어', '다른 메뉴', '매콤함바그 너무 맛있음', '항상 생각나는 곳', '맛있어요', '부드럽다', '맛있다', '가격 괜찮다', '사장님 친절', '함바그 맛', '찐단골', '사장님 친절', '기복없는 맛', '감자튀김 맛', '숙주 맛', '소스', '맛있어요', '웨이팅', '함박스테이크', '직원 친절', '양도 많다', '맛있다', '양이 많아요', '매콤함', '맛있게', '친절', '언함', '맛집', '매콤함박에 치즈추가', '가게내부', '사장님', '가격', '양', '맛이써용', '매콤함바그', '하이볼', '소스와 숙주 궁합', '알바생분 친절', '회기맛집 추천', '치즈함바그 추천', '전반적인 경험', '맛있고', '친절', '포장', '짱좋아요', '이동네를 떠나게되면 진짜 그리울거에요', '맛', '사장님 친절', '재방문의사', '맛있었어요', '알바생님 친절하셔서', '친절하시고', '변함없는 맛집', '노른자가 톡 터지는 순간', '수제피클', '데미그라스 소스', '맛있고', '매콤에 치즈', '맛집', '함바그', '숙주', '잘어울림', '함박스테이크', '맛있어요', '정말 친절하세요', '가서 먹으니까 더 맛있네요', '맛', '식감', '가성비', '아기자기하고 귀엽다']","['가격', '고기 잡내', '특별한 맛', '소스 적다', '맛', '풍미', '가격', '다시 생각나지 않음', '중간쯤 느끼하다', '매콤 함바그', '멀어져서 잘 안가게 됨', '초파리 문제', '위생 상태', '함바그', '에어커튼 설치 필요', '피클도 뺏어먹고', '홀 직원 태도', '양이 적다', '숙주 왕창 넣어주기', '좌석 수']"
여기가좋겠네,"['맛', '분위기', '가게가 넓음', '가성비', '대학가 가성비 추천', '가격대비 훌륭', '가볍게 대접하기 좋은 곳', '가성비 굳', '가격', '맛', '가격', '양', '좋네요', '가성비', '가성비', '사장님 친절', '가성비', '성인 남성 4인 대짜', '맛있게', '배부르게', '가성비', '맛', '가성비', '혼자 소자 다 먹음', '가성비갑', '닭도리의 궁물', '이슬이를 부르는 맛', '아주 인상깊은 집', '기다리기 편함', '찜닭', '떡 쫄깃함', '가성비', '고기는 야들야들', '가격과 가성비 좋음', '닭이 실하고 갠춘함', '맛', '친절한 서비스', '양', '고기떡볶이', '닭', '엄청 부드러웠는데', '닭볶음탕', '단짠', '맛있음', '고기', '떡볶이', '괜찮은 편입니다', '대학가가 아님', '양이 많음', '가격이 저렴함', '국물', '간장맛', '맛있게', '고기떡볶이', '양', '가성비', '가성비', '고기떡볶이', '떡볶이 간', '가격', '닭도리탕 가격', '술 가격', '닭목살 볶음', '닭볶음탕', '닭볶음탕 양념', '밑반찬 다양성', '매운 맛', '닭볶음탕', '고기 떡볶이 안시켜도 될것 같아요', '양은 적당했어요', '닭볶음탕', '또 가고싶은 곳', '떡볶이', '떡볶이 소스', '가성비', '고기', '국물', '맛있음', '라면 떡사리', '맛', '가격', '가성비', '맛', '사장님 친절', '맛', '맛', '가격', '가성비', '푸짐한 식사', '맛있고', '가성비짱', '밥 가득 담아 줌', '맛', '가성비', '맛있어', '맛있어요', '가성비', '반찬', '가성비', '고기떡볶이', '닭요리', '반찬', '맛있어요', '대학가', '저렴', '훌륭합니다', '고기떡볶이 맛', '닭볶음탕 맛', '반찬 맛', '배민 포장 서비스', '닭볶음탕', '고기 떡볶이 맛있어요', '존맛탱', '추천', '맛은 좋다', '가격도 착하다', '양념', '기대점수', '별이 다섯개', '고기떡볶이 맛있다', '전반적으로 괜찮았던', '집떡볶이도 맛있어요', '존맛', '고기떡볶이', '가격', '계속 들어감', '볶음탕', '찜닭', '맛있음', '맛있는', '가격도 합리적인', '푸짐한 한끼', '국물떡볶이 같은 느낌', '재방문 의사 있음', '고기떡볶이 맛', '가성비']","['서비스', '위생', '마늘향 줄어듦', '닭 냄새 남', '좁은', '맛이 훌륭한지', '닭도리탕', '웨이팅', '소스 비율', '맛', '잡내가 약간 났음', '국물은 평범함', '당근이 안들어간 것 의아함', '간이 너무 쎄구 자극적', '야채가 적고 고구마가 없는 것', '주변 프랜차이즈 찜닭이 더 국굳', '대기', '간이 잘 안 밴 느낌', '고기떡볶이 간', '닭도리탕 맛', '메뉴 조화', '유명세', '재방문 의사', '고기떡볶이', '제육볶음 맛', '고기떡볶이 소스', '닭 볶음탕', '닭볶음탕', '웨이팅', '좋진 않아', '제육볶음에 떡넣은 맛', '극찬받은', '치실같고 양파망같은 음식', '닭도리탕 맛', '맛', '닭도리탕 뒷맛', '고기떡볶이 맛', '쫄면 추가', '닭이 질기다', '비린맛이 나다', '양념이 간이 안베다', '직원의 응대', '맛이 떨어지다', '닭 볶음탕', '닭에서 냄새', '닭볶음탕 소스', '마늘향이 너무 강함', '위생', '친절', '서비스', '종업원 목소리 낮음', '종업원 태도', '종업원', '맛', '사과도 없이 바꿔준다', '라면사리 조리 안됨', '사과 없음', '조리 안들어갔으면 만들지 말라', '맛을 떠나서 최악', '공기밥 시킨 것', '궁시렁 거리면서 뭐라함', '조미료 가득한 맛', '다시는 방문 안할거임', '맛', '사장님이 힘들어보엿어요', '친절하지 않으시고', '서빙', '핵불친절', '인사 안함', '맛 너무 달다', '매콤한 맛 없음', '왜 이제야 안거지', '아쉬운 게 많다', '별로예요', '다시는 안갈거임', '현장 대기', '전화 예약 안 받음', '앱 대기 없음', '불친절', '닭도리탕 맛', '음식 늦게 나옴', '늦게 온 사람이 먼저 받음', '친절하진 않다', '닭 냄새가 나다', '주차 가능 여부', '짜다', '졸여서 먹어야 함', '닭도리탕', '사장 주방', '종업원 인성 교육', '웨이팅 있을 수 있음', '양념이 진득 녹진하지 않음', '닭볶음탕 맛']"
오늘통닭 신촌직영점,"['맛', '값이 싸서 좋았어요', '친구랑 무난하게 갈만한 곳', '단체회식하기 좋다', '치킨 맛있다', '만족 함', '접근성이 좋다', '맛', '맛', '매장이 넓다', '단체로 가기 좋다', '분위기', '분위기', '소스', '예전 메뉴', '콘치즈폭탄', '맛있어요', '오고 먹는 것', '배달 음식', '맛', '외관', '인테리어', '회식하기에 지리적으로 좋은', '존맛탱', '맥주 상태', '친절', '콘치즈폭탄', '존맛탱', '치즈', '강정느낌']","['골뱅이 짜다', '인사 안해주는 아주머니', '서비스마인드 부족', '평범한 맛', '굳이 이곳을 가야할까', '피치하이볼', '딸기맥주', '양이 좀 적긴하지만', '닭날개콤보', '맛이 특별하다', '데이트 코스로 그닥 좋지 않다', '적당적당한 곳', '냉동인거같고 별로에요', '가격에 비해 별로', '다신 안갈거같아요', '배달시켰는데', '닭가슴살만', '설명에 없음', '먹다포기함', '의문임', '치킨 딱딱함', '맛', '닭', '순살치킨', '비린내', '질겨서 턱 빠질 뻔', '양이 적어서', '오래된 닭', '냉동닭', '튀겨 놓은 닭', '전자렌지 돌림', '냄새가 너무 심함', '치킨맛', '직원', '치킨삼총사', '주차불가']"
오르랔베이커리,"['빵들', '이쁘다', '맛있다', '시그니처 베이커리', '떡이 들어있어 놀란', '맛있음', '크림 가득', '안느끼함', '겉바속촉', '겉바속촉', '달달구리', '핫플', '크로핀', '빵종류', '인스타 갬성', '공간', '다른 것도 괜찮은데', '크로핀들', '진짜 맛있네요', '첵스와플', '자주 가고 싶은 카페', '좋은 기억', '오래 가는 카페', '맛있어요', '맛', '내실있는 인스타빵집', '접근성', '맛', '맛', '맛있게 잘 먹었습니다', '크러핀에 들어간 크림', '크림이 다 맛있어요', '맛있다', '깨끗하다', '조용하다', '예쁜 카페', '맛있다', '기대하는 그 맛', '크러핀 바삭하고 달콤하다', '소금빵 종류 다양', '가끔 먹으면 맛있다', '푸딩 적당하다', '크로핀 크로와상', '크림 맛', '모양', '색', '바질 휘낭시에', '보기 좋은 만큼 괜찮은 느낌', '크러핀이 주력', '크림머핀과 패스츄리와플이 괜찮다', '휘낭시에는 쫀쫀하고 꽉찬 느낌', '방문 추천', '보기에도 예쁜', '빵의 크기', '맛있어요', '재방문 할 듯', '분위기', '맛', '가족같은 분위기', '빵 맛', '소금빵 초코휘낭시에푸딩 추천', '시그니처 카스테라소금빵', '푸딩', '맛있어요', '가게 인테리어 따뜻함', '맛', '맛', '청결', '서비스', '분위기', '위치', '머핀초코빵', '맛있었다', '크림', '과일알갱이', '빵 맛있음', '예쁘다', '남자 직원분 친절', '옥수수 크러핀', '옥수수 크림', '직원 친절', '맛', '크러핀', '인테리어', '우유크러핀', '맛나긴 하네요', '디저트집 발견', '휘낭시에 식감', '빵집', '맛', '소금빵 맛', '크림머핀', '민초', '말차', '떡볶이 바게트', '맛', '포장', '냉동고에 얼려 에어프라이기 조리', '레몬', '얼그레이크러핀', '커스터드크림머핀', '포장', '맛', '맛있음', '소금빵', '감자 고로케', '라떼', '딸기라떼', '카스테라 소금빵', '커스터드크러핀 맛', '민초머핀 맛', '크로핀의 원조', '크로핀', '휘낭시에', '푸딩 맛', '크로핀 맛']","['가게 위생', '청소', '테이블', '맛', '가격', '단맛 강한 떡볶이바게트', '바닥이 너무 탄 바게트', '커스터드크러핀 프리미엄도넛', '말차 크림치즈 쿠키', '그냥 그랬어용', '빵집 위치', '불친절', '눈치', '주차 어려운게', '맛', '가격', '남자 알바분', '서비스', '두번 찾아갈 맛은 아닌거 같아요', '남자 직원', '서비스', '포크', '친절함', '가격은 막 저렴하진 않다', '그 이상은 아니다', '가격 쏘쏘하다', '머핀 양', '머핀', '크림 느끼함', '크로핀', '비쌈', '위치', '불친절', '크로플빵의 질감', '버터 풍미', '조각케이크 시트지 시럽', '생크림 바르다 만', '가격 대비 아쉬움', '가격도 빵치고 비싼편', '직원들 불친절', '결제 실수', '테이블 위생 상태', '어수선', '맛이 없어요', '휘낭시에 머핀', '딱딱하고', '기대하고가서 실망이 크네요', '남직원 태도 별로', '직원 실수로 빵 누락', '태도가 너무 별로여서 실망스럽다', '미안하다는 말 없이 빵 하나 골라오라는 말 뿐', '식빵', '직원 불친절', '재료 신선하지 않다', '청결도 별로', '직원 교육', '누락된 주문', '카운터 직원 대처', '인스타그램 이미지와 불일치', '직원 불친절', '대충대충', '위생 문제', '서비스 불만족', '여자직원 불친절', '인사 일절 없고', '마감시간 말하면서 눈치줌', '맛', '하얀색 옷 입으신분들 응대 불친절', '불친절', '맛대가리 없음', '위치 찾기', '가격', '의자가 불편하다', '카운터 여자직원이 불친절하다', '빵이 그냥저냥이다', '불친절', '무뚝뚝', '정적', '딱딱', '테이블 청소', '가격', '맛', '가격', '단맛', '주문 위치', '무거운 문', '직원', '불친절', '바질크림치즈 바게트', '크루아상', '크림 넣은 맛빵', '엄청 맛있는 것도 아님', '효율', '서빙', '문', '빵', '알바', '소금빵이 베이스', '질겨요', '전체적으로 단 맛', '페스츄리 딱딱함', '멀리서 찾아갈 정도는 아님', '크러핀 맛', '가격', '재구매 의향', '직원 무뚝뚝함', '푸딩', '음료 가격', '음료 맛', '매장 이용 불편', '달아요']"
은하곱창,"['맛있음', '맛있게 먹었었는데', '강추', '맛있어서 좋아했는데', '갈까싶었는데 만족', '간 적당했어요', '양도 괜찮았구', '당면리필 되는거 좋구', '볶음밥 괜찮았어요', '가성비', '맛', '진짜 최고', '가성비', '무한리필', '곱창 많음', '가성비', '곱창 양', '미나리 무한', '당면 무한', '값이 저렴하다', '친절함', '최고', '당면', '야채도 듬뿍', '씬감이 좋다', '몸이 녹는다', '곱창의 맛이 국물에 우러나다', '곱창 킹성비', '이모님들 정말 친절', '맛도 맛이지만 양도 수북', '우산도 선뜻 빌려주셔서', '마음도 훈훈해져서', '곱창 양', '쑥갓 깻잎', '술이 잘 들어가는 맛', '곱창전골 맛', '야채 무한 리필', '곱창전골 양', '곱창전골 맛', '당면 양', '당면 탱글탱글함', '볶음밥 맛', '곱창전골', '곱창전골', '볶음밥', '마트 생크림빵', '가성비', '맛', '곱창전골', '알곱창의 양이 많음', '기성비', '친절하십니다', '곱이 매우 많아요', '노포', '곱창전골', '볶음밥', '쑥갓', '당면 리필', '가성비', '소주 한 잔 하기에 좋은 곳', '맛집', '나에겐 맛집이다', '맛있고', '양 많아요', '맛있는녀석들', '입구 옆에 깻잎과 쑥갓', '괜찮았어요', '맛남', '국물 맛', '초고추장', '무난한 맛', '푸짐한 양', '오동통하고 쫄깃쫄깃한 당면', '말해뭐해', '또 먹으러 가려구요', '굿', '곱창전골 맛', '미나리랑 당면 무한리필', '싸고 푸짐하게 먹기 좋음', '양이 엄청 많고 당면 사리 무한 리필 가능', '소주 안주로 굿', '소주 한 병 서비스', '맛', '곱창', '맛없지는 않은', '맛은 적당합니다', '쑥갓이랑 먹는 유일한 곳', '맛있는데', '맛있다', '믿고먹는', '존맛', '식당평가', '요리실력', '곱창전골 잡내', '술이술술 들감', '중 사이즈 양', '곱창 탱글탱글함', '친절함', '김치 맛있음', '맛있어서 자주 가는 편', '오래된 외관 치고 깔끔', '신경이 쓰이긴 해도 자꾸 먹고 싶어서', '곱창은 신선해요', '곱창은 냄새 안나요', '국물 맛', '양', '개인적 경험', '곱창전골', '시립대생의 소울푸드', '전골의 진한 국물 맛', '소주를 곁들이면 천국', '맛있다는 후기', '쑥갓 리필', '쑥갓 무한리필', '아주 굿', '양', '맛', '냄새', '맛', '찐 맛집', '곱창 양', '잡내 없음', '야채 무한리필', '소주 가격', '맛', '소문대로 맛집', '곱창이 부드럽고 누린내 없이 맛있다', '당면이 신의 한 수', '채소 무한리필', '마지막 볶음밥까지 맛있다', '웨이팅', '도톰한 곱창', '유명해서 먹어봤는데', '양도 많고 좋아요', '만족해요', '맛', '위생', '서비스', '분위기', '볶음밥은 맛있음', '직원분들은 친절해요', '청량리 위치', '자꾸 생각남', '재료 신선함', '직원 친절', '전골', '아주 좋은', '가게', '식감도 좋아지고 맛도 더 깊어져요', '드시는 분이 거의 동네 어르신들', '소주', '베스트 프렌드', '겨울마다 방문할 예정', '맛', '존맛', '유명해지기 전', '포장', '직원분 친절', '대짜 넉넉하게 먹었어요', '볶음밥 맛있습니다', '곱창전골', '쫄깃한 곱창', '소스', '주인이 친절하고', '서비스가 좋습니다', '양념', '소주랑 같이 먹으면 굿굿', '볶음밥은 필수', '음식 맛', '직원 서비스', '식당 청결', '분위기', '추억의 맛', '살아있는 맛', '또 가고싶은 집', '친절하시고', '맛있어요', '오동통한 당면', '맛', '양념', '포장', '양 푸짐', '맛있다', '평소 맛있다', '곱창', '쑥갓과 당면을 많이 먹을 수 있어 좋다']","['호불호 심하게 갈릴 음식', '특유의 내장 냄새', '생곱창 비주얼', '화장실 극악', '맛이 떨어진 느낌', '아직도 맛있지만 옛날만큼이 아니다', '기다리며 먹기에는 아쉬움이 남는다', '입구 누린내', '내 스타일 아님', '가격을 너무 자주 올리고', '가격 수정 불일치', '교통도 너무 불편하고', '돼지냄새', '웨이팅', '돼지냄새', '음식 칭찬할 점 없음', '돼지냄새', '양이 줄어들다', '누린내', '웨이팅 길다', '특별한 맛', '평범', '맛', '무한리필', '위생', '바이럴 소문', '기대가 컸을까', '웨이팅에 비해 아쉬움이 많은 국물', '깊은 맛 찾지 못했음', '곱창전골', '자극적이지 않은 맛', '맛이 변했음', '볶음밥 맛집', '곱창전골', '밑반찬', '음식의 맛', '누린내', '가게 입구', '음식', '역한 냄새', '변한 거 같아요', '단맛감칠맛', '맛곱창', '돼지 잡내', '추천하기에 조심스럽다', '웨이팅', '돼지곱창 누린내', '반도 못먹고 나왔네요', '다시는 먹고싶지않네요', '전골맛', '일반인 맛', '돼지누린내', '다 못먹고 왔어요', '냄새', '양념장', '냄새가 남', '청결하고 깨끗한 분위기 아님', '엄청 맛있는건 아님', '맛 자체는 평범', '엄청 특별하지는 않아요', '기다려서 먹을만 하지는 않은거 같아요', '특별한 맛은 아닌 것 같아요', '웨이팅 까지 할 만큼 특별한 맛은 아닌 것 같아요', '누린내', '늦게감', '당신의 전골 없다', '국물에 감칠맛', '손님이 많은', '맛있는거 모르겠는데', '곱창냄새', '돼지곱창', '곱창전골', '국물 밍밍함', '머리카락 나옴', '엄청 간이 슴슴해요', '생각한 맛과 달라서 당황했어요', '소스가 숙성이 됐는지 술맛이 나요', '냄새', '재방문 의문', '식당 입구에서 냄새', '전골 누린내', '먹기 힘들다', '쑥갓과 함께 먹기', '돼지곱창전골', '예전만은 못하다', '냄새', '잡내', '곱창', '국물', '위생', '돼지 누릿내', '당면 쩐내', '여친한테 진짜 맛있다고 데려갔는데 미안하다고 사죄', '유명', '장점', '인기가 없는 이유', '양념이 쎄다', '돼지곱창이 물렁물렁하다', '소곱창 맛', '유명한 곱창집', '돼지비린내', '돼지냄새', '눅눅한냄새', '간이 살짝 심심했지만', '위생', '맛집은 아닌 듯', '잡내도 좀 나고 맛이 약간 간이 덜 된것 같아', '쑥갓 깻잎 무한 리필', '애벌레 붙어있어', '맛', '기다려서 먹었으면 화났을 것 같아요', '재료 소진', '택배물량 한가득', '운치를 느끼며 즐거운 저녁시간', '고객에 대한 배려가 없다', '맛은 차치하고 가고 싶은 마음이 없다', '대박나고부터 먹기 힘들어져서 슬퍼요', '홍보 그만했음 좋겠어요', '화장실 밖에', '세면대가 없어서', '초심 잃음', '간', '잡내', '못먹겠음', '냄새', '맛', '아쉬움', '휴무일 확인', '양념이 살짝 약하다', '곱창에서 누린내가 많이 난다']"
을밀대 평양냉면,"['감칠맛이 입안에서 많이 퍼짐', '메밀면의 탄력', '녹두전의 바삭함', '을밀대 김치', '개인적 입맛으로는 평냉 1위', '진한 소고기의 육향', '거칠게 뽑아낸 면발', '곱배기 공짜', '존맛탱', '육수맛', '면이 굵기 적당하게 탱글하고 메밀향 가득함', '만족스럽고 기분이 좋아요', '변함없이 맛 유지', '예전 맛이 유지', '평양냉면', '주차 지원', '괜찮은데', '고명', '육수', '무절임', '국물 고기', '녹두전', '맛', '온육수', '냉면 육수', '면 식감', '녹두전', '평냉초짜에게 딱 맞는 곳', '맛있어요', '평냉 고수 친구가 좋아함', '맛', '서비스', '위생', '분위기', '함흥냉면', '빈대떡', '국물 한입 먹고 와! 감탄사', '육향 생각보다 진하다', '행주맛 안남', '을밀대가 젤 내취향강추', '벽제갈비', '편녹두전', '고기가 왕창 들어가서', '취향저격', '평냉', '냉면 맛있어요', '김치 맛있어요', '녹두전', '맛있게 먹었습니다', '맛나네요', '녹두전', '맛있고', '냉면', '자주 생각나요', '맛', '육수', '메밀향', '면발', '평냉', '양지국밥', '녹두전', '맛있게 먹었어요', '굿굿', '여름이면 꼭 가줘야함', '웨이팅 없어서', '편안하게 먹고 왔네요', '너무 개운하고 좋았어요', '맛있었어요', '맛', '뚝뚝 끊어지는 거친 메밀면', '중독성 있는 맛', '말이필요없음', '여름마다', '맛있게', '맛있고', '서비스 좋으신데', '맛있고', '양많고', '서비스좋아요', '비싸도 괜찮습니다', '맛', '맛있어요', '넘 맛있어서', '사리 추가', '맛있음', '생각나는 맛', '맛있는 평냉', '녹두전이 진짜 맛있음', '면', '평냉', '맛', '분위기', '빈대떡 맛', '빈대떡', '평냉', '평냉', '을밀대 수혈', '동기부여', '맛', '청결', '서비스', '분위기', '맛', '청결', '서비스', '분위기', '맛집', '육향', '육수', '육향', '평양냉면', '맛있어요', '간이 잘 배어있어요', '시원함', '생각나서', '평양냉면', '맛있었어요', '계속 생각날만한', '겁 먹었었는데 그럴 이유 전혀 없었읍니다', '오픈 전 대기 후 바로 들어가서 먹었어요', '맛집', '인테리어', '평냉', '육향이 안 심하다', '국물이 맹맹하지 않다', '녹두전', '입문하기 좋음', '육수', '생각나다', '맛', '맛집', '평냉집', '녹두전', '자주 오고 싶다', '기대감', '육향', '맛', '거냉 양', '맛이 괜찮아요', '육수 맛있고', '고기본연의 맛을 살린느낌', '맛집', '물냉면', '주문 메뉴', '냉면의 자태', '감칠맛', '면의 식감', '줄은 길이 치고 빨리 줄어드는 편', '면이 거칠거칠 한 것', '평양냉면', '육수 맛', '입이 짧은 편', '친절', '가격 인상하지 않는 것', '평양냉면', '묘한 매력', '청춘', '을밀대', '최고', '최고입니다', '맛있어요', '평냉', '녹두전', '녹두전 씹는 맛', '냉면 면 질감', '맛있다', '물냉이 나음', '입 안에 남는 행복', '감칠 맛과 짭쪼롬함', '본점만의 맛', '평냉', '젤 맛난', '맛', '슴슴하다', '평냉', '평양냉면', '제일 맛있는 냉면', '평양냉면', '맛', '평양냉면', '녹두전', '평양냉면 맛집', '물냉면 괜찮음', '평양냉면 입문자에게 좋은 집', '얼음 하나 없는데', '아주 시원하다', '평양냉면 처음 입문한곳', '처음에는 진짜 맛있었는데', '평양냉면의 맛집', '짝꿍인 녹두전', '바삭바삭한 녹두전', '고소하니 맛있다', '빠져드는 맛', '평양냉면', '맛있게', '평냉 식당', '녹두전', '맛의 국물', '좋은 면발', '녹두전']","['육수의 염도', '고명이 부실', '가격 인상', '냉면', '육향', '조미료맛', '개인적인 스타일', '녹두전 가격 우상향', '강남쪽 지점', '고기맛', '깔끔하지 않은 맛', '굳이 재방문 의사 없음', '국물 간', '녹두전', '평냉 싫어하는 사람들', '평냉을 안드시는 게 좋음', '제대로 된 평냉을 안먹어봤다', '다른 곳보다 약간 더 짜다', '평냉', '평양냉면', '메밀향은 좀 덜한듯', '을밀대순면', '간이 아주 센', '불친절', '냉면', '웨이팅', '웨이팅', '가격', '맛', '대기줄', '손님 배려', '자리 새치기', '손님 응대', '지저분한 주방', '서비스', '1등 평냉집은 아니지만', '국물은 약간 그때그때 다른듯', '맛', '친절', '맛', '양반다리하고 먹는거', '21세기에 에바잖아요', '양 많이', '메밀향 진하지않아', '오랫동안 줄서서 먹어야하나', '웨이팅해야함', '육수', '서빙', '위생', '물냉면 가격', '평양냉면 깊은맛', '밍밍함', '설악칡냉면 익숙함', '밀가루면', '고기삶은물', '가격', '양심이 없네', '평냉 아님', '사람 많음', '육수 농도 오락가락', '날씨 더운 것', '을밀대 실내 온도', '수육', '고기 퍽퍽함', '평냉 너무 비쌈', '얼음 많은게', '맛을 가립니다', '웨이팅 시작', '무난하다', '메밀향', '주차', '좌식', '웨이팅', '비싸요', '웨이팅', '혼밥러', '맛', '맛', '영업시간 정보', '카카오맵', '웨이팅', '재료', '주방장', '맛', '전화받는 아줌마', '서비스 태도', '못해서 아쉽다', '웨이팅 시간', '수육 양이 아쉬워요', '면 두꺼운편', '웨이팅 방법없이 서서 기다림', '김치 거친 느낌', '평양냉면의 맛', '회냉의 간', '가격은 좀 그만 올려 주셨으면', '녹두전', '가격', '맛이 변했다', '간이 느껴짐', '무절임 설탕맛', '어르신 손님들이 줄고 젊은이들만 오는곳', '가격', '비빔냉면 맛있지 않음', '녹두전 딱딱함', '주차 불편함', '가격이 점점 오르고', '맛이 변한건지 예전같지 않은 느낌']"
이모네왕파전,"['가격 대비 양', '가격', '자리 넓음', '친절함', '가격', '곱창전골', '메뉴와 막걸리 다양', '가성비', '전', '두꺼워요', '가성비', '떡볶이 맛집', '가성비 압도적셋트', '양이 많다', '맛있음', '가성비', '사람 적을 때', '가성비', '대학가 앞', '가성비', '가성비', '가성비', '장사 잘 되는 곳', '가성비 좋다', '사람이 꽉 차다', '가격 대비 성능 비율', '2차 장소로 좋다', '평타', '분위기', '메뉴 다양성', '맛', '김치파전', '좋은지', '세트', '둘이서 많아요', '낮술', '파전', '동동주', '고추튀김', '점심에도 여는 파전집', '떡볶이', '막걸리', '가격', '리뷰', '동네 파전집 느낌', '맛있어요', '맛있어요', '가격대비 양', '비오는 날', '가성비', '맛집', '조용한 자리', '대화하기 좋음', '음식 맛', '파전 양 많음', '안주 즐기기 좋은 곳', '전반적으로 만족스러웠어요', '사람이 그렇게 많지 않을 때', '파전에 막걸리', '무난한', '술맛', '가격', '파전 맛', '안주 양', '맛있어요', '막걸리 종류 다양', '해물파전 바삭바삭', '김치전 치즈 양 많아요', '양 정말 많고', '가격저렴', '맛도 괜츈', '맛있었던 기억', '예전에 줄서서 먹던', '찐맛집', '튀김', '오징어 저작감', '로컬 맛집 느낌', '저렴한 가격', '얇은 지갑 걱정없음', '곱창전골', '맛집', '가격 저렴', '메뉴 다양', '맛있다', '파전막걸리', '추억의 장소', '막걸리', '파전골목', '친근', '좋았음', '파전 맛', '막걸리', '파전', '술안주', '떡볶이', '가성비 술집', '화장실 상태', '세트 메뉴 구성', '골라 먹는 재미', '파전', '김치전', '감자전 맛', '떡볶이 맛', '저렴한 가격', '양이 많다', '갓성비', '김치치즈파전보다 파전 맛']","['시간 지연', '파전 상태', '위생 불량', '응대 태도', '배탈', '파전', '기름만', '퍼석퍼석', '맛도 없어져서', '맛', '서비스', '위생', '분위기', '가격', '기다리는 시간', '파전 맛', '직원 서비스', '친절', '맛', '튀김', '다른 메뉴', '파전', '기름범벅', '맛이 떨어지다', '굳이 또 오지 않을 곳', '기름덩어리', '기름듬뿍', '너무 두껍다', '기름 맛', '양은 뭐 그럭저럭', '맛없다 그런건 아닌데', '부서지는지 모르겠네요', '맛', '서비스', '북적거려요', '계란말이 30분넘게 걸렸어요', '밥에서 쉰내', '불친절', '자리를 본인들이 정하려 함', '전도 매우 느끼함', '감자전 팬케잌 같음', '엄청난 맛집까지는 아니고', '떡볶이만 나오고 다른 메뉴가 안 나온다', '기름덩어리 같은 파전', '기다리는 시간보다 더 빠를듯', '가슴 아프게 망가진다', '빈대떡 만드는법 배우시길 바랍니다', '서비스', '대기 시간', '직원 태도', '음식 제공', '항아리 막걸리', '곱창 전골 추천', '사람 많음', '기름이 너무 많아서', '실망스러웠어요', '메뉴 구성', '맛', '요리 품질', '서비스', '청결도', '아예 달라졌어요', '전인지 파이인지 반죽 덩어리', '파전', '부침개', '기름', '실망스럽습니다', '올드한 인테리어', '위생', '위생', '끈적인 수저', '주문한 음식 안 나옴', '부족한 그릇', '대판 싸움', '위생', '안좋은 기억들', '아쉽', '주문이 늦다', '김치 파전 오징어', '도토리 묵에 묵이 적음', '당근 채와 부추 많음', '주변 시끄러움', '갈만한 곳이 읎다', '주변이 시끄러워요', '대화하기 힘들었어요', '파전', '김치전', '튀김', '파전', '오삼불고기', '세트 메뉴', '다른 것들', '해물파전', '불친절', '아줌마들 수다', '시장바닥 분위기', '코미디 같은 서비스']"
이상한떡볶이집,"['김볶', '마가린 베이스에 맛있음', '포장시 괜찮음', '날치알 크림파스타', '김치볶음밥', '떡볶이 서비스', '크림파스타 맛있고', '김볶 맛있고', '떡볶이 맛있다', '떡볶이 맛', '김치볶음밥', '간단하게 먹기 좋은 곳', '다 평타이상인듯', '떡볶이', '리필되는', '떡볶이', '김볶', '메인 요리', '떡볶이 짱', '데리야끼 메뉴', '맛있음', '무난하게', '굿', '오므라이스', '맛있다', '추억이 많은', '맛있어요', '변함없이', '크림파스타 소스 맛있다', '김볶이 맛있다', '사이드 떡볶이 맛있다', '오므라이스 맛', '김치볶음밥 날치새우크림파스타 조합', '떡볶이 맛', '포장 맛집', '엄마의 손맛', '기숙사 사는 사람에겐 최고', '한 끼 먹기 좋은 곳', '당근 가지 버섯 애호박 브로콜리', '맛있었어용', '학생이라면 가볼만']","['가격은 내용물에 비해 다소 비싼듯', '매장에서 먹을시 불편', '앉는곳 불편 및 더러움 좁음', '가성비가 좋지 않다', '자극적이고 유치한 음식', '팬스테이크 가격', '오므라이스 맛', '주차장', '자리양보 강요', '특출나게 맛있는 메뉴는 모르겠지만', '떡볶이', '김볶', '한식뷔페 수준', '치킨스톡의 맛', '살짝 느끼한', '위생', '조그만 집바퀴', '데리야끼 덮밥', '볶음밥', '사과 한마디도 없고', '주인 바뀌고', '불친절하고', '맛도 변함', '크림파스타 꾸덕하지 않다', '맛', '분위기', '팬스테이크 양', '주차장 부재', '자리이동 요청', '안 좋은 평가들', '추천할만한 곳은 아니다', '당근 익지 않음', '먼 곳에서 와서 먹을 맛 아님', '평범한 분식맛']"
자가제빵선명희피자 외대점,"['바싹불고기 씬피자 맛있음', '수제 디핑 맛있음', '재방문의사90', '사장님 친절', '가격 싸다', '사장님 친절', '피자 맛있다', '가성비 맛집', '파자', '저렴한', '완전 맛있다', '평점 높길래', '시켜먹어봤음', '5점 받을 만하다고 생각', '가성비', '피자집', '피자냄새', '맛있어요', '포장시 할인']","['갈릭디핑포장 맛없음', '포장배달']"
정각,"['분위기', '재방문 의사', '맛 괜찮음', '공간 너무 예쁘다', '분위기 좋다', '식사 좋다', '맛', '맛있다', '분위기', '맛있고', '분위기도 좋아요', '모임하기 좋은 공간', '분위기', '분위기', '맛있다', '친구들 데려가고 싶은 곳', '맛있게 잘 먹고 나왔습니다', '서빙해 주시는 분', '친절하시고 좋았습니다', '분위기', '음식 늦게 나오지 않음', '직원 친절', '가격 대비 맛 만족스럽다', '맛있었어요', '인테리어', '음식맛', '분위기', '음식맛', '분위기', '맛', '좋은 곳', '친절한 직원', '분위기', '맛있는 파스타', '적당한 사람 수', '양은 부족하지 않은 정도']","['감자피자', '쑥 크림 파스타', '음식 나오는 시간', '꽃게파스타 맛', '숟가락 제공 서비스', '맛', '직원 교육', '불쾌한 식당', '메뉴 구성', '맛', '서비스', '기다리는 시간', '후기가 안 좋다', '예약 취소함', '다른 레스토랑 예약 잡지도 못하고', '짜증났네여', '라구 노맛', '짠 음식', '운영 어설펐다', '운영방식', '기다리는 시간', '맛', '가격', '가격', '오래된 건물 냄새', '가격대', '물이 플라스틱 병으로 서브', '서비스', '자리마다 차이가 있는 건지', '개인적인 입맛에 맞지 않음', '직원분', '불친절', '파스타 가격대', '피자와 파스타', '가격대비', '브레이크타임에 결제 요구', '손님 식사 방해', '식사 중 결제', '본인들 식사 시간 우선']"
정든그릇 본점,"['기다릴만 함', '가봐야 함', '맛있음', '양 괜찮음', '치킨가라아게', '소스', '소바', '가게 깔끔함', '사장님 친절함', '갓든그릇', '맛', '친절', '맛', '맛은 그럭저럭 괜찮고', '맛', '방문', '다른 요리', '정든카츠', '친절', '반찬', '음식', '단골맛집', '괜찮은 식사', '소스', '토마토 반찬', '맛', '돈까스', '맛있어요', '감동', '경양식돈까스', '돈꺼스 소스', '맛있음', '가게', '돈가스의 알찬 내용물과 풍미', '짜지 않은 간의 카레', '모듬으로 먹을 수 있어서 좋아요', '찍먹파인데 소스 뿌려 나와도 바삭했어요', '맛있어요', '양도 넉넉하다', '마제소바', '카레라이스', '식당', '외식', '데이트나 약속', '맛있고', '양많고', '직원 분들 친찰하셔요', '맛있는데', '웨이팅 길지 않다면 시도해 보세요', '맛있다', '맛있다', '맛있어요', '맛있어요', '가격도 괜찮', '돈까스 가격', '돈지루 느낌', '모든 메뉴가 맛있습니다', '적절한 가격', '메뉴구성 비주얼 플레이팅', '내부 분위기', '적당한 응대 깔끔함', '무난한 맛', '깔끔한 인테리어', '돈까스류', '홍대 근처 밥 먹으러 가기 좋은 곳', '모듬돈까스', '명란크림우동', '가츠동', '연어국수', '돈까스 추천', '양이 넉넉해요', '우동도 면이 아주 살아있어요', '맛있어요', '메뉴', '맛집 추천', '정든카츠', '여기로 데려옵니다', '웨이팅 한 적 없는데', '사람몰리는 시간대만 피하면', '카츠나 덮밥 맛이 일품', '사장님 세심한 분', '소바 만족스러웠습니다', '튀김 바삭바삭해요', '여자직원분 김절', '카레 맛', '로제우동 맛', '돈까스', '연어소바 맛', '돈까스 맛', '맛', '밑반찬', '밥', '맛', '명란 듬쁙 크림 우동', '맛', '소스', '양', '정성이 많이 들어간 요리', '정말 맛있습니다', '면발도 좋고', '맛있었어요', '강추합니다', '카츠', '탄탄우동 카레', '함께 먹는걸', '카츠류', '가성비', '맛', '인테리어', '치킨카츠', '너무맛있어요', '크림 농도와 풍미', '아기자기하고 따뜻한 감성', '여자 알바분의 친절함', '까츠의 맛']","['가성비 보통', '과대평가된 음식 맛', '과대평가된 서비스', '과대평가된 분위기', '여직원의 딱딱하고 불친절한 말투', '손님 대우', '약속한 서비스', '정이 뚝 떨어집니다', '대기', '재료 떨어짐', '영업시간 종료', '대기', '대기해서 먹을 정도는 아님', '이정도 카츠집은 많음', '리뷰들이 의문스러움', '지인인가', '한번 정도 그 이상 아님', '된장국이 강한 국물 맛', '부엉이돈가스보다 덜 맛있는 크림우동', '비좁은 바테이블 의자 간격', '점심 웨이팅', '기다려서 먹을 정도는 아닌', '웨이팅이 길다', '기다리는 사람', '멘치까스 사이드메뉴', '양이 너무 많음', '장국 멸치 육수', '명란 크림우동', '불친절', '기다리는거에 비해 별로', '카레는 무난한 맛', '된장국', '느끼함 폭탄', '김치 많이 먹음', '자리 치우는 것 느림', '주인의 태도', '맛', '등심까스', '크림명란우동', '명란 맛', '웨이팅 체계']"
정육면체 신촌점,"['국물 맛', '맛있음', '유린기', '촉촉함', '기대했던 것 만큼', '맛있었어요', '기억에 남는 맛', '매운 국물', '뜻밖의 유린기 맛집', '튀김옷 얇고 깨끗하게 해줌', '깨부수면', '깨부수면', '고소하니 맛있었습니다', '닭튀김 바삭했어요', '우육면 괜찮았습니다', '깨부수면', '다른 탄탄멘집보다 맛있음', '마라탕보다 덜 자극적임', '맛 있었음', '유린기는 맛있음', '친절함', '항정살', '맛', '맛', '평타 이상', '라멘류 음식들', '혼밥하기 좋음', '깔끔', '만족스러웠어요', '다른 메뉴', '맛', '비빔이 괜찮았음', '맛', '맛', '맛이 신기함', '한번쯤 와볼만 함', '맛있고 소함', '차슈 추가', '맛있다', '맛있는 탄탄맨', '맛있는', '맛있는데', '자꾸 먹게 돼', '맛있다', '유명한 집', '짐바구니 구비', '맛있다', '맛있어요', '꼭 가볼만한곳', '맛있어요', '재방문의사 있어요', '맛있었습니다', '유린기', '부드러웠고', '맛이 조화로웠습니다', '백탄 먹다', '맛있다', '청결', '볶음면', '메뉴 설명', '깨부수면 맛', '유린기 맛', '메뉴 맛', '무난하게 먹을만한', '우육면', '미슐랭 인증', '미슐랭', '백탄 국물', '흑식초 넣고 먹으니', '백탄 국물', '깨부수면', '맛있는편', '깔끔', '맛있다', '유린기', '유린기 고기 부드러움', '홍탄 국물', '맛', '유린기', '홍탕', '브레이크 타임', '음식은 평타', '유린기', '닭고기 두께와 육즙', '튀김 바삭바삭함', '라멘', '맛집', '싹싹비움', '빱빱브로', '줄서는이유가있음', '양이 많다', '얼큰하고 맛있었어요', '마파두부', '여럿동생들 데리고 먹었는데', '우육면 일품', '깔끔하고 맛있다', '유자단무지나 장아찌에 신경', '계속 자리를 지키는 가게', '마라새우면', '유린기 맛있음', '유린기', '꿀맛', '유린기', '유린기', '양지', '양지 추가', '음식 맛있고', '친절해요', '재방문 의사 있습니다', '비빔면', '주방내부가 보이는 오픈형 구조', '맛은 매우 뛰어난 편', '웨이팅 30분정도 가치 있음', '땅콩소스', '유린기', '탄탄면', '시그니쳐', '적당한 맛', '집 앞이면 자주 갔을 것', '다른 메뉴', '맛', '마제소바', '닭육수', '라장 추가', '탄탄면', '탄탄면', '음식 만족', '혼밥 가능한', '집근처 맛집', '줄서있는 사람 많음', '맛있음', '홍탕이랑 치킨유린기', '혼자 밥 먹기 좋다', '맛', '맛', '독특한 메뉴', '깨끗한 유린기', '담백한 유린기', '맛', '땅콩볶음면', '맛집']","['면이 특이함', '밀가루 본연의 맛', '호불호', '웨이팅 할 정도는 아니에요', '기대감', '특별함', '유린기', '평범함', '맛없음', '평범한 면', '웨이팅', '깨부수면 넘 느끼해서', '평범', '불친절한 서버', '자리 선택 편의', '특별하지 않다', '항정살비빕면', '찹살탕수육', '감자 으깬 식감', '초딩입맛', '깨부수면의 매력', '맛', '대단한 맛', '성인 남성에게 살짝 모자람', '너무 짜다', '가성비도 아니고', '중식과 일식이 섞였는데 별로다', '너저분한 분위기', '너무 자극적인 맛', '한그릇을 다 먹을 수가 없었음', '왜 미슐랭', '웨이팅 심할 때', '위생', '사과', '대처', '다른 메뉴', '매장 크기', '구조', '레시피의 수정', '초심의 부재', '맛쏘쏘', '유린기 반죽', '마감 쾅쾅소리내며 분주한 것', '밥 먹고 있을 때 불 끄는 것', '고평가', '직원들 수다', '잔반 안치움', '요리하는 직원 행동', '직원 퇴사 수다', '맛은 평범', '가격은 싸지 않음', '먹을 데가 없어서 갈만함', '웨이팅할 집은 아님', '깨부수면은 느끼했음', '막 맛있지는 않음', '호들갑떨다', '웨이팅', '웨이팅이 조금 있다', '가성비', '너무 매워', '땀이 질질 나', '대기가 길다', '매장 내 공간이 협소하다', '매장에서만 먹자', '에어컨 바람이 너무 세요', '천장 에어컨에 먼지 많아요', '웨이팅', '매장', '맛', '가격', '옆사람 대화', '매장', '맛', '메뉴 변경', '맛', '홍탕', '2024 미슐랭', '홍탕 맛', '홍탕 짠맛', '웨이팅 길이', '면', '국물', '탄탄멘 아류작', '유린기 문제', '두꺼운 튀김옷', '기본적인 간 안됨', '웨이팅 있어 측은', '웨이팅', '이 가격에', '직원 마스크 착용 안함', '수저통 먼지', '위생', '오픈형 주의 필요', '애매한 메뉴', '어려웠던 메뉴', '서비스', '우산 사건', '주방 위생', '직원 대응', '불신하게 되었던 계기', '초유린기', '매운깨부수면', '미슐랭', '깨부수면 소스 느끼함', '빕구르망', '지인빨', '생소함', '과대평가', '서비스', '맛', '설거지한 장갑으로 음식 주고', '마스크 착용 안 함', '자리 많은데도 일행와야 들여보내주고', '따닥따닥 붙임', '시그니처 메뉴', '탄탄면 맛', '주문 받는 여자분', '불친절합니다', '마라새우면', '맛', '면 메뉴만 있는게 아쉽다', '백탕', '마라새우면 면', '유린기', '대단한 맛은 아니였음', '백탕', '깨비빔면', '마라새우면', '칵테일새우', '오래 기다림', '맛', '땅콩향', '한국인의 입맛으론 호불호가 갈림', '가격이 비싸다고 하는 것', '평범하다', '청결', '매장과 요리 서비스', '패스트푸드점 같음', '미쉐린 가이드', '비빔탄탄', '가격', '우육면', '주력메뉴 변경', '실망', '유린기', '유린기', '가게 크기', '옆자리 소리', '평범해요', '굳이 또 가고싶지 않아요', '홍면', '유린기', '특별한 맛', '가격의 맛', '얼얼한 맛', '맛이 없는건 아닌데 애매하다', '중간유린기', '튀김옷이 따로 논다', '향', '웨이팅']"
정정,"['xo볶음밥', '가게는 깨끗해요', '딤섬', '가게는 넓고 좌석도 많았으며 인테리어도 고품스럽게 잘 되어 있었다', '화장실이나 오픈 주방이 청결하였다', '음식은 따듯하며 맛있었다', '손님을 대하는 태도도 좋고', '멘보샤는 한정 수량 판매라 오늘 먹지 못하였으나 예약하면 빼놓아 준다', '가격 대비', '육즙', '마포 최강', '가격', '맛', '가지 튀김', '중화냉면', '소룡포', '재즈 음악', '실내 인테리어', '맛있긴 함', '멘보샤 두툼해서 맛있다', '맛', '고급스러운 중식집', '모든 메뉴 맛', '딤섬 육즙', '재방문 의사', '딤섬', '새우소룡포', '해물탕면', '유린기', '맛있었음', '동네 맛집', '맛이 정갈하고 담백해요', '분위기', '동네 맛집', '딤섬', '소룡포', '딤섬 맛', '딤섬', '딤섬 튀김 류 맛', '직원 친절', '경의선 숲길 접근성', '딤섬과 샤오마이 맛', '가성비', '만두피 얇음', '런치메뉴', '가성비', '양질의 음식', '다양한 메뉴', '맛', '한옥분위기', '맛', '맛', '분위기', '맛', '육즙', '볶음밥만 괜찮았네요', '맛있고', '재방문의사', '추천도 함', '잘 쪄서 나오고', '모날데 없는 음식', '맛있다', '구채교 맛', '훈툰면 맛', '맛있다', '땅콩소스 탄탄면', '우육면', '홍게 만두', '웨이팅 없이 들어갔다', '맛있어요', '맛있어요', '매운비빔훈툰', '꿔바로우', '우육면', '청결도', '서비스', '멘보샤', '딤섬', '담백한 맛', '소룡포', '우육면', '깔끔한 맛', '멘보샤', '딤섬', '멘보샤', '하가우', '만두', '멘보샤', '맛났어요', '배려', '감사', '볶음밥 맛있음', '볶음밥 양', '먹을만함', '맛', '딤섬', '우육면', '새우볶음밥', '새우완자튀김', '소룡포 샘플러', '인테리어', '식사메뉴 추천', '음식 맛', '딤섬 맛', '맛', '메뉴 3개 다 맛있었어요', '소롱포 맛있어요', '가게 내부', '런치메뉴 가성비', '소룡포 샘플러', '홍게 맛', '칠리가지볶음', '튀김옷', '맛있다', '유린기', 'XO게살볶음밥', '직원 친절', '완벽한 식사', '안이 넓다', '음식 간이 세지 않다', '구채교 맛있다', '딤섬 새우', '요리류', '튀김요리', '맛', '맛있어요', '몽중헌보다도', '느끼하지 않아서', '샤오마이', '음식 맛', '맛있게 잘나옴', '괜찮았음', '샤오롱바오', '포장', '유린기', '맛', '분위기', '딤섬', '공덕에서 딤섬', '유린기', 'xo 볶음밥', '유린기', '팥딤섬', '맛있었어요', '맛있어요', '맛은 있다', '맛집', '적절한 가격', '아무 맛남', '메뉴', '깔끔하고', '맛있었습니다', '딤섬', '우육면', '가지튀김', '맛', '줄을 서있다', '호들갑', '맛집', '딤섬', '탄탄멘', '맛있다', '촉촉하고 맛있는 딤섬', '매장 깔끔함', '화장실 깔끔함', '퀄리티', '가격', '고급식당의 맛', '평타는 하는 맛', '소룡포 돼지 맛있음', '재방문 의사는 있음', '친절하고 깔끔함', '한 그릇', '가격', '식사', '해물탕면', '가지튀김', '샘플러소룡포', '해물탕면', '소롱포']","['게살', '가격이 비싸다', '웨이팅이 너무 길다', '예약 받아줬으면 좋겠다', '하루 20판 한정', '저렴한 편 아니다', '무한 대기', '기다릴정도', '줄서는식당', '냉동 음식', '해동해서 파는 맛', '재료소진', '주차비 5000원', '미리 말좀 해주던가', '다시는 안옴', '양', '가격대비 적음', '면류 아쉬움', '현지 향식료 맛', '복닥복닥한 느낌', '향', '맛', '대기', '기다림', '줄 서야함', '서비스', '불친절한 응대', '요리 시간 지연', '사과 부족', '가격', '탄탄면은 거의 식어서 나왔습니다', '공심채는 정말 니맛도 내맛도 아닌', '맛이 옛날같지 않고', '특별함이 있는가?에는 물음표', '튀는 것도 없었던 맛', '비싼감', '면류', '음식이 보통 수준', '대기할만한 가치가 부족', '비쌈', '웨이팅 리스트 작성', '응대', '맛', '서비스', '음식', '새우소룡포 맛집딤섬집에 비하면 안되지만 평타', '면류 많이 약합니다', '만두', '줄서서 먹을 정도는 아님', '가격대가 상당히 높은', '볶음밥', '탄탄면', '고기냄새', '많이 느끼', '멘보샤', '서비스 불만족', '공심채 제공 순서', '앉고 싶은 자리 관련 대우', '서비스', '서비스', '직원들', '느려 터졌음', '샤오마이 안드셔봤나요 너무 이상해요', '우육면 대만에서 스프 면 사온맛', '맛과 가성비', '소룡포', '우육면', '우육면', '양 대비 비싸다', '웨이팅', '예약 필요', '딤섬 샤오룽바오 돼지', '볶음밥', '우육면', '훈툰면', '딤섬', '소룡포', '해물탕면', '우육면', '우육면 팔각향', '고기 양', '밀가루맛', '흙맛', '재료 상한', '딤섬 만두같다', '멘보샤 질기다', '후추 많이 쓰임', '음식이 나오는데 시간도 오래걸리고', '회전율이 아쉽지만', '음식', '느끼함', '양이 적어요', '가격에 비해 유린기', '애써 찾아가진 않다', '별로인 우육면', '무난한 샤오룽바오', '자리 안내', '고객 입장', '재방문 의사 없음', '자리 제공', '손님 배려', '기다리는 사람 제치기', '상식적 배려 부족', '웨이팅', '포장 용기', '매운비빔훈툰', '소룡포', '가성비', '우육면', '면', '고기육수', '향신료', '커튼 옆 자리', '직원 행동', '먼지', '자리 만석', '서비스', '종업원 손님 테이블에 손 올리기', '주문 받는 태도', '음식 던지듯 놓기', '종업원의 예절 교육 필요', '훈둔 밍밍함', '홍대 연남에 맛집 많음', '포장', '가격', '맛']"
쭈꾸미블루스 신촌본점,"['가성비', '날치알 무제한', '평타', '이모님들이 친절하다', '인테리어의 설렘', '런치세트', '맛', '맛', '메뉴 구성과 간판과 인테리어', '알쌈 무제한', '자꾸 땅기는 맛', '홍합국물 맛있음', '먹을게 많아요', '볶음밥', '깻잎', '친절', '센스있음', '무한리필', '남자테이블 양', '친절', '너무 맛있어요', '쭈꾸미가 너무 달지도 맵지도 않아서 끊임 없이 들어가고', '날치알이랑 너무 잘어울려요', '무한리필이라 최고', '다양하게 계속 먹을 수 있어서 정말 만족했어요', '맛', '가성비', '날치알 리필', '자극적인 맛 아님', '가성비', '맛', '점심', '가성비']","['잘못 준 음식', '1인분 덜어감', '뒤적거려서 쭈꾸미 빼감', '다신 안갑니다', '날치알', '양도', '맛', '첫 쭈꾸미 도전', '매운맛', '쭈꾸미 양', '대단한 맛은 아니다', '가성비는 가볍지 않다', '가격', '날치알 없음', '주먹밥 없음', '계란물', '테이블끼리 간격이 좁음', '북적거림', '맛없었음', '볶음밥 맛없음', '직원 없음', '서비스 구림', '매운맛', '쭈꾸미', '제 입맛', '불만족', '불친절', '음식맛', '쭈꾸미', '홍합', '안내 없다', '기계적인 대우', '맛 그대로', '테이블 비어있고', '추운데 기다림', '10분에 한번씩 들여보내는', '음식 준비', '서비스 태도', '가게 온도', '알바생 대우', '서비스', '설명도 안내도 없고', '메뉴판도 없고', '아주 더운 가게', '주문하면 누락', '다시 갈 일은 없을 것', '손님이 와도 보는둥 마는둥', '맛도 그냥 그렇고', '예약 서비스', '서비스 태도', '에어컨 상태', '식당 분위기', '브레이크 타임 있음', '메뉴 간소', '여자테이블 양', '사장님 응대', '가성비', '메뉴 한정적', '주꾸미 낚싯줄', '사과 없음', '계란물 서비스', '메뉴 지연', '서비스 신경', '서빙하시는 분', '좌석 앉아도 되냐는 질문', '패드 안된다 중얼중얼', '다섯번 불러야 오시네', '기분 더러웠네요', '불친절', '대답 성의 없음', '못들은척', '굉장히 불쾌한 경험', '가격', '안내', '가성비', '불쾌']"
청량회관,"['참치', '단새우', '안주', '하나하나 다 맛있어서', '분위기', '맛있넴', '대가리 튀겨주고', '파스타 굿굿', '일본에 온 것 같은 느낌의 분위기', '참치가 기름지고 살맛이 좋습니다', '단새우 맛있습니다', '파스타사리 더 맛있었습니다', '면을 알덴테로 잘 해주셔서 마음에 들었습니다', '맛있다', '처음 접해보는 분위기', '메뉴 다 맛있다', '사장님 친절하다', '추천하고 싶은 집', '모둠튀김', '버섯튀김', '굴튀김', '사장님 친절함', '분위기', '사장님 친절', '회 맛', '분위기', '소주한잔', '예약', '사장님 친절해요', '예약후 직접 확인 전화', '맛이 그만큼 더 합니다', '친절', '식당 분위기', '재료 싱싱', '음식 맛', '서비스', '소주 가격', '요리류 맛', '사장님 친절', '예약제', '가끔 가기 좋음', '원탁 자리', '맛', '서비스', '분위기', '존맛탱', '참치 맛', '좋아요', '맛', '식감', '속을 풀어주는 효과', '음악', '맛', '참치 맛', '오징어파스타', '참치', '파스타', '참치회', '맛있었어요', '최고의 맛과 서비스', '낮은 가격', '참치랑 유자하이볼', '센스쟁이 사장님', '친절한 직원', '청량리 일티어', '참치', '파스타', '동해 적심', '최고입니다', '맨날 가고 싶을 정도', '맛있어요', '좋은 시간', '친절', '맛좋음', '분위기', '특별한 날']","['가격', '서비스', '분위기', '너무 비쌈', '약간 가격대가 있는데', '음식 나오는 속도', '예약하기 힘들다', '좁은 자리', '예약', '환풍시설', '인스타감성', '공간', '가격', '특이점', '시끄러움', '자리가 협소함', '예약 필수']"
최원석의돼지한판&서해쭈꾸미 시립대점,"['맛', '서비스', '만족', '고기', '고기가 맛있고', '다 구워주셔서', '고기를 구워줘서 좋음', '삼겹살이 맛있음', '주먹고기보다 삼겹살', '고기 퀄리티', '돼지 상태가 신선', '정말 맛있네요', '고기구워 주시는 분', '잘 구워주셔서', '지인들과 같이 와서 자주 오고 싶네요', '맛', '맛', '맛', '맛', '직원', '친절', '배부르게 먹었음', '맛있어요', '사치부릴 수 있는 곳', '쭈꾸미', '세트', '맛', '맛있게 먹었습니다', '쭈꾸미 볶음', '양도 많아', '밑반찬도 맛있어', '마요네즈 범벅 천사채', '매장이 넓어요', '친절', '맛있음', '항정살 맛']","['낮은 평점', '비냉', '기대하고 찾아왔은데', '맛이없네여', '숙성삼겹2인분', '자리', '직원 태도', '위치 선택', '불친절함', '오래 앉아있으면 눈치줌', '비싼 가격', '청결', '철수세미', '서비스', '고기 구워줌', '칼이 잘 안들고', '고기 던지듯이 뿌림', '재방문의사 없음', '서비스 최악', '고기 질기고 맛없었다', '버섯 바싹 구워짐', '고기 퀄리티 별로', '반찬 신선하지 않음', '정신없음', '맛없음', '고기 질']"
카우떡볶이,"['좋아했던 곳', '근본', '맛', '맛', '맛있어요', '맛', '구성', '맛', '맛있다', '사장님 친절하다', '매운로제떡볶이', '생맥', '매운크림떡볶이', '맛있음', '감자소이마요 주먹밥', '떡볶이랑 최고로 잘 어울렸어요', '비건 옵션 많아서', '비건 로제 떡볶이', '김말이새송이튀김', '키오스크 주문', '사장님 친절함', '조금 큰 분식집 느낌', '비건 로제', '맛있음', '비건 메뉴', '비건마라떡볶이', '새송이튀김 서비스', '비건옵션', '까르보나라', '깻잎참치튀김', '비건옵션', '맛', '환불', '오래오래 했으면 하는 집', '음식은 맛있다', '떡볶이는 맛있다', '튀김은 더 맛있다', '전반적', '스무스한', '떡볶이', '가게', '즉석 떡볶이', '미나리전', '즉석떡볶이', '쫄라당 맛있어요', '최애', '치즈김말이튀김', '로제떡볶이', '맛', '신라면 매운맛', '떡과 국물의 조화', '사장님 친절함', '떡볶이 맛', '차돌박이 추가']","['장사하기 싫은 티', '먹다 체할뻔', '다신 안갈 것', '아쉽네요', '사장 말투', '불친절', '마스크 안 낌', '음악 선곡', '아재감성', '가게가 좁음', '자리가 따닥따닥', '주문 후 셀프 서비스가 불편함', '사람 많을 시간대 불편함', '튀김', '매장 더럽다', '맛 없다', '물컵 먼지', '수저 이물질', '비건을 욕하는 사장님', '주차장', '맛', '양', '분위기', '음식에서 머리카락', '사장님의 공격적인 답변', '사과 부족', '배민 신고', '특색 없었다', '평범했다', '영업시간', '자기 멋대로', '날도 더운데 허탕치지마시고', '위생', '젓가락', '물컵', '사장님이 부정적인 피드백 받으면 공격적으로 반응', '일요일 휴무', '영업시간 표시 요청', '허탕치고 가다', '조리시 마스크', '짜장떡볶이 가격', '감자튀김 쉰내', '서비스 응대', '튀김']"
카츠업,"['무난하다', '음식 전달하는 체계', '김치나베 맛있고', '양이 많고', '가격은 적당합니다', '살코기 많아짐', '맛집', '맛있다', '가격', '맛', '신촌에서 인기 있는', '가성비', '고급 돈카츠보다 나은', '밑반찬 다양함', '리필 가능', '가성비', '혼밥하기 좋은 공간', '기본에 충실한 등심돈까스', '고기가 두툼한데 뻑뻑하지 않고 맛있음', '밥 양 꽤 많음', '새우튀김 바삭바삭', '김치나베', '돈가스', '혼밥하기 좋음', '잘 어울리다', '재방문 의사', '김치나베', '김치나베', '맛있다', '맛', '김치', '카츠나베', '맛', '김치카츠나베', '김치', '카츠나베', '김치카츠나베', '김치카츠나베 맛있어요', '포장해가서 먹어도 맛있습니다', '직원분들이 친절하셔서', '기분좋게 왔다가는 곳', '깔끔', '맛있는데', '저렴하기까지', '안 갈 이유가 없음', '순환이 좋아서 웨이팅도 길게는 안했던듯', '깔끔하다', '맛있다', '손에 꼽다', '전반적인 경험', '맛있어서', '직원 친절', '돈까스 바삭함', '셀프 소스통', '맛있어요', '돈까스', '맛', '대중교통 추천', '더블등심카츠 맛', '돈까스 고기 두툼함', '밥 국 리필 좋음', '돈까스 맛있어요', '돈까스가 부드러워요', '크림카레돈까스 맛있어요', '김치나베 맛있고 중독성 있어요', '밥 리필 되니까 같이 먹으면 좋아요', '가성비', '맛', '등심 돈카츠', '등심카츠 맛', '재방문의사', '키오스크 주문', '기다리면 불러줌', '맛', '김치나베', '맛', '맛이 최고', '치즈 김치카츠나베 진심 최고', '맛있다', '맛있고', '가성비 좋음', '맛있다', '좋다', '맛있다', '맛있는데', '맛있다', '맛있어요', '혼밥하기 괜찮습니다', '가장 잘맞았어요', '맛있어요', '샐러드 소스 선택 가능', '혼밥하기 좋음', '맛있어요', '혼밥하기 좋습니다', '맛있어요', '맛있어요', '자주 갈 듯', '맛', '직원 친절함', '맛이 최고', '믹스카츠', '맵크반반', '맵크반반', '맵크', '반반 카츠', '김치카츠나베', '냉모밀', '무난해요', '혼밥하기 편한곳', '반반카츠', '경양식돈카츠', '가성비', '양이 많아요', '신촌 맛집', '꼭 드세요', '김치카츠나베우동', '카츠나베', '맛있어요', '직원 친절', '기름 깨끗', '회전율 빠름', '맛 좋음', '양 많음', '등심돈까스', '최고의 식당', '신촌의 자랑', '알려주고 싶은 식당', '쌀밥 리필', '양도 많고 엄청 맛있고', '배부르게 잘 먹고 왔습니다', '맛', '돈가스', '사장님', '내일 아침도 먹고 싶다', '맛있어요', '바삭함', '고소함', '맛도리', '평', '가성비', '맛있어서', '데미그라스 소스가 맛있고', '안심은 엄청 부드럽습니다', '직원분들 친절하셔서', '맛집', '메뉴', '맛있음', '믹스카츠', '김치카츠나베 가성비', '고기가 부드럽고 냄새 안남', '혼밥하기 좋음', '직원', '김치카츠', '음식 맛', '서비스', '청결 상태', '분위기', '음식 맛', '친절', '대기 많음', '음식맛', '가격', '퀄리티', '돈까스 맛', '가격적인 메리트', '혼밥하기 좋음', '맛없지는 않다', '김치나베가 유명', '친절하다', '맛도 좋다', '맛집으로 추천', '재방문 의사', '맛이 상당히 맛있어요', '김치나베 맛', '맛', '믹스카츠', '맛', '서비스', '위생', '분위기', '맛', '양', '진짜 맛있어요', '양이 많고', '돈까스 고소함', '소스나 반찬 다양', '카레 진짜 맛있어요', '메밀소바 세트', '맛있어요', '최고 맛있음', '혼밥하기 좋고', '맛있어요', '혼밥하기', '혼자 먹기 좋은 가게']","['등심카츠', '퍽퍽하다', '메밀국수', '평범하다', '웨이팅', '가게가 작다', '골목길', '담배냄새', '가게는 협소하지만', '가격 인상', '돈까스 맛', '매장 시스템', '아크릴 칸막이', '서비스', '맛', '위생', '벌레 문제', '소스 특색없음', '새우튀김 조금 물림', '날파리', '양배추', '3시에도 웨이팅', '양이 적게 나옴', '대기줄 길음', '김치 별로임', '돈가스 양', '우동 진짜 짜요', '직원한테 말할까 말까 고민했음', '신라면도 잘 못 먹는 맵찔이에겐 조금 매웠어요', '주문 속도', '기분', '제공 순서', '웨이팅하는 손님 배려', '안내', '대기 시스템', '위생관념', '주방안쪽', '위생장갑 사용', '직원 마스크 미착용', '김치나베카츠 맛', '맛', '줄 서서 먹을 정도', '음식이 달다', '맛', '좀 좁고 웨이팅도 있음', '가성비 끝판왕이라고 하긴 어렵', '웨이팅 안내 부족', '기다리기 힘들다', '웨이팅이 길다', '흡연이 많다', '담배냄새', '위생이 아쉬운곳', '매콤가츠', '후폭풍', '공간이 협소', '튀김옷 눅눅함', '가게가 작다', '대기해야해요', '신촌에 카츠 맛있는 집 별로 없는데', '좁은 공간', '주문 실수', '사람 많을 때 방문', '웨이팅 시스템', '매장이 좁다', '항상 웨이팅이 있다', '쌀밥의 상태', '식사의 일관성', '사장님', '치킨 두마리', '큰닭 한마리', '배달', '고기의 질', '돈까스 최상급 맛집', '웨이팅', '웨이팅이 아주 살짝', '웨이팅', '평이', '입맛', '기다릴 이유', '비좁고 줄 서는 식당', '웨이팅', '공간 협소', '식당 작다', '가게가 협소함', '웨이팅 필요', '웨이팅', '서비스', '그릇놓는거', '좁은 공간', '단체는 비추', '줄서서 먹는 것', '어디서나 먹을수있는 맛', '굳이 기다려야 하는지', '맛있는게 널린 신촌', '바테이블 위 선풍기 청소 안함', '남이 사주면 가는 집', '웨이팅 대응', '대기 시간 안내 부족', '자리 부족', '직원 안내 부족', '매장 크기', '테이블', '먹고 탈남']"
쿳사 연희,"['위생', '서비스', '분위기', '가게', '맛', '기분', '가격', '가성비', '에그 베네딕트', '가성비 좋다', '직원이 친절하다', '가격 괜찮다', '브런치', '그릴치킨', '지중해 음식 연상', '맛있음', '맛있음', '서비스 친절', '브런치', '음악과 분위기', '화이트라구', '맛', '맛있고', '직원들 친절함', '제일 친절했던', '친절', '가격', '맛있다', '뇨끼', '맛', '친절하고 맛나요', '독특한 브런치', '친절한 사장님', '평범한 메뉴가 아니다', '분위기', '대접하기 좋은 곳', '예상외로 별점이 높다', '또 가고 싶네요', '추천합니다', '인테리어도 좋고', '친절하시고', '플레이팅도 예쁘고', '베네딕트도 맛있지만 콩피 맛있어요', '맛굿위치굿', '맛', '호스피탤리티', '서비스', '직원들이 정말 친절하다', '맛있다', '즐거운 집', '맛', '친절', '맛있다', '맛있는데', '직원분들의 긍정적 에너지', '건강한 느낌을 주는 공간', '추천메뉴 롱블랙 로제뇨끼', '맛있다', '맛있다', '자극적이지않은 맛', '맛있어요', '리뷰가 좋은덴 이유가 있음', '맛있오용', '직원 친절', '맛 있음', '메뉴', '맛있는', '브런치집', '점원들이 영어 잘함', '매우 친절', '음식 맛있음', '음식', '주차장', '브런치 메뉴가 다양하다', '맛있다', '브런치', '식사', '맛있다', '재방문 오조오억번', '맛', '먹고 싶어요', '전에 먹었던 메뉴', '전의 맛', '맛집인 듯', '브랜드 메이킹', '시즌한정', '무화과 크로스티니', '식감', '풍미', '맛', '종업원의 친절함', '완벽한 식당', '맛', '위생', '서비스', '분위기', '맛있게 먹었어요', '익숙한 맛에 새로움 포인트들이 더해져', '한 번은 꼭 가볼만합니다', '친절한 서버 직원', '기분이 절로 좋아지는', '브란치 카페', '메뉴 맛', '브런치', '에그 베네딕트 맛집', '매장 화이트톤', '매장 아기자기', '맛있게 먹었다', '에그베네딕트 뇨끼', '너무맛있고', '직원들', '밝고 친절하다', '사장님 프로임', '서비스 체계적임', '메뉴 구성 깔끔함', '아시안 섞인 호주식 구현', '주차 가능', '가성비', '맛있고', '예쁨', '분위기도 좋음', '맛', '위생', '서비스', '분위기', '브런치', '무화과 브런치', '예약과 대기손님', '지중해의 느낌', '맛있고 만족스러웠습니다', '에그베네딕트와 뇨끼', '훌륭한 맛', '티라미수에 말린 귤', '신의 한 수', '예약필수', '맛있고', '친절하세요', '외국같음', '커피맛', '맛', '위생', '서비스', '분위기', '음식 고급져요', '베네딕트류 맛 좋지만', '치킨 콩 필라프 깜놀랐어요', '주차 좋구요', '음식', '음식 맛', '직원 친절', '기분 좋았습니다', '음식 맛', '친절', '주말 점심 예약', '전체적으로 깔끔하다', '맛이 좋다', '치킨 콩피가 맛있다', '맛', '평점', '브런치카페보다 백배 맛있어요', '플레이팅이 예사롭지 않네요', '맛있게 잘 먹고갑니다', '재료', '맛', '밸런스', '재료에 신경쓴', '정성스런 브런치', '맛있고', '친절하고', '분위기 좋아요', '자리 빼 주셨고', '친절하고', '음식', '여자들이 좋아할 만한 느낌', '맛도 있었습니다', '쿳사', '브런치', '맛있다', '주차도 편리하고', '주문한 메뉴 모두', '맛있었어요', '맛있다', '친절', '커피 맛', '직원분들이 친절하시다', '음식이 맛있다', '찾아가는 이유가 있다', '개맛있어요', '브런치 맛집', '맛', '맛있어요', '직원분들 친절', '다시 오고 싶어요', '베네딕트 맛', '베네딕트 진짜 맛있고', '다른 메뉴도 맛있었어요', '에그 베네딕트와 치킨콩피', '개성 있는 메뉴들', '다채로운 맛', '근본있는 브런치집', '친절', '밝은 에너지', '가게 분위기', '에그베네딕트 맛', '브런치 가격', '맛', '서비스', '위생', '분위기', '브런치', '쵝오입니다', '예약해서 방문하시길', '치킨콩피 필라프 맛', '가격 합리성', '친절하시고', '메뉴도 맛있어요', '가게도 이쁘구여', '뇨끼 소스가 맛있어요', '친절', '친절', '음식은 맛있다', '퀄리티', '맛', '플레이팅', '예쁜 브런치', '창가자리 추천', '친절한 설명', '맛있게 먹을 수 있는 브런치 맛집']","['음식 맛', '뇨끼', '뇨끼 쏘쏘하다', '베네딕트 빵 너무 차갑다', '호주식 베네딕트', '매쉬포테이토', '간', '웨이팅', '가게가 좁음', '소리 울림', '테이블이 다닥다닥 붙은 느낌', '쿳사 베네딕트', '청소 필요', '에그 베네딕트', '수란', '브런치 카페', '내용물', '늦게 가면 품절된 메뉴', '음식이 짰다', '가격대도 있지만', '가게 내부 좁다', '라자냐 마니 마른 느낌', '생각보다 느끼하다', '메뉴수', '매장규모', '맛이 너무 없다', '간이 너무 약하다', '콰트로치즈뇨끼 치즈향만 나는 느낌', '치킨칙피스보울 간이 부족하다', '1인 1메뉴', '화장실 가는 과정', '굉장히 불편함', '좌석 몇 개 없음', '매장 바쁨', '매장 협소', '분위기', '가격', '요리', '비싸게 받는다', '비싸다', '지금의 맛', '손님이 너무 많아', '맛', '질', '재방문 의사', '브런치 치고는 쬐금 헤비해요', '가격', '청소', '무화과 수확 시기', '화장실', '오버쿡 콜드파스타', '좁고 불편한 자리', '호주식 브런치', '베네딕트류 질려요', '의자', '테이블', '맥주 향', '맛', '베네딕트', '프리터', '과콰몰리', '정체성', '테이블 간격', '저녁', '손님이 없는 이유', '맛', '주차', '위치', '웨이팅 싫어', '포크 라이스와 칠리 어쩌구', '플랫화이트 맛', '작은 털파리 날파리', '식기류 상태', '뇨끼 자체는 제 스타일이 아니고 떡같은 스타일', '맛없다', '뇨끼', '에그베네딕트', '맛은', '매장 안 좌석배치', '인테리어', '매장 안이 산만하다', '에그베네딕트 먹기 힘들다', '맛있는지 모르겠고', '스프는 정말 별로', '추운 매장안', '좁은 좌석', '음식은 금방 식어버려', '평범', '뇨끼 맛', '베네딕트 약간 맵다', '전반적으로 별로', '좌석 구분', '음식 느끼함', '피클 제공', '서비스 태도', '재방문 의사', '푸세식 화장실', '창문에서 찻길이 가까이', '조금 시끄럽다', '맛', '수란', '가격', '후기', '재방문 의사', '애매하다']"
크치치킨 회기점,"['가성비', '분위기', '맛', '사장님이 친절하시고 핸썸하심', '고추크림 어니언', '고추크림어니언', '쫀맛', '고추크림어니언 치킨', '나쁘지 않은 곳', '깻잎치킨', '맛', '위생 상태', '서비스', '분위기', '양념', '반반 플러스 깻잎', '분위기 좋은 펍 느낌', '화장실이 깔끔함', '치킨 맛있음', '깻잎 치킨 감칠맛', '수제맥주', '맛집', '구성과 양 괜찮음', '순살치킨', '매운크림파스타', '고추소스 치킨', '깔끔하고', '치킨', '아페타이저같은 과자', '센스가 넘쳐나요', '화장실 청소시간 미리 알려주기', '치킨 파스타', '맛', '서비스', '청결', '분위기', '친절', '맛있다', '존맛탱탱 간장치킨', '안주과자', '크치치킨', '후라이드 양념', '간장 맛', '어니언', '가격과 구성', '친절하다', '제기동점', '친절함', '맛있어요', '다 맛있어', '맛', '참 맛있게 먹었는데', '좋은 저녁시간', '맛있었는데', '화이트 갈릭 어니언', '로제 파스타', '존맛 메뉴들']","['매움', '파스타튀김안주 간', '순살은 냄새', '안주 종류 적음', '알바를 몇번씩 불러야 해서', '술 흐름이 끊겨', '불친절함', '안경쓰신 알바분', '뭣같은 표정과 말투']"
파사주,"['분위기', '친절', '아늑한 분위기', '음식 맛', '직원 친절함', '맛있다', '양파 스프', '홍합 비스크 링귀니', '스테이크', '뇨끼', '소개팅', '프렌치토스트', '뇨끼', '링귀니', '맛', '가성비', '맛있고', '분위기 좋아요', '프랑스식 라자냐', '입에서 녹아요', '맛있음', '모든 메뉴 맛있고', '뇨끼', '라자냐 강력추천', '분위기', '무난한 식당', '분위기', '음식 맛', '음식 깔끔함', '프랑스가정식', '어니언스프', '캐러멀라이징', '쁘아송스파게티', '밀푀유', '가격', '편안하게', '프렌치', '샤보이 양배추', '분위기 좋음', '스파게티', '뇨끼', '양파 스프는 그럭저럭', '파흐망띠에는 예상한 그 맛', '가격', '맛', '위치', '프랑스 가정식', '예약하고 가면 딱 좋다', '조용한 주택가 골목', '식당 아담하니 좋았어요', '프렌치 토스트', '부드럽고 달달하다', '좋은 분위기', '훌륭한 라자냐와 파스타', '맛있어서', '역대급', '음식 맛', '프렌치토스트', '위치', '눈에 잘 뜨임']","['서버 한분의 서비스', '바질 리조또', '라자냐', '맛', '서비스', '퉁명스러움', '특별한 날', '가격대 좀 있음', '테이블 간격', '사람들이 많아 복작복작함', '스테이크 차가워서', '야채 미리 준비된 것', '블루리본 이제 믿고 거름', '대체로 느끼함', '합정에 있을 때만은 못한 느낌', '캐주얼 프렌치', '룰라드는 글쎄', '맥주 가격', '메인메뉴 필수', '서빙 속도', '음식 맛', '전반적 경험', '조금 좁다', '간이 심심할 수도', '서비스', '직원 태도', '대기 시간', '재료 소진', '문제 의식 부족', '좌석']"
파치,"['맛있다', '파스타', '간장치킨', '튀김옷', '간장 양념', '마늘칩', '맛은 있음', '양은 많았는데', '존맛', '혼밥', '파스타', '리조또', '조합', '파스타', '치킨', '늘 오는', '파스타', '끼니 때우기', '학생 입장에서 간단히 먹기 좋은 곳', '바질새우파스타', '혼밥 및 밥약 모두 적합한 곳', '맛은 무난합니다']","['물가', '양이 부족', '맛은 무난함', '양은 적습니다']"
푸른하늘,"['가성비', '가성비 짱', '양이 많고', '재료를 아낌없이 넣어', '맛있음', '갓성비', '김밥', '돈까스', '갓튀긴것', '푸른하늘', '혜자', '대혜자', '라볶이', '곱베기', '가격 (5500원)', '배부르게', '라볶이 맛있고 가격이 싸요', '참치김밥', '참치 양', '라볶이', '참치김밥', '맛있어요', '가격', '먹을 만하다', '추억팔이 분위기', '양', '가성비', '가격', '양이 푸짐', '맛있어요', '양많아요', '빨리 나와요', '저렴해요', '가성비 넘침', '라볶이 사리추가 무료', '배고플때 좋음', '금방 나와요', '미리 싸두시고 주시는 것', '맛있어요', '무난', '신선한 재료', '건강한 음식', '은둔식당', '김밥', '달인', '싸다', '많다', '맛나다', '맛있다', '양 많다', '값싸다', '라볶이', '돈까스김밥', '친절', '맛있어요', '김밥', '라볶이', '찹쌀순대', '참치김밥 맛있음', '라볶이 맛있음', '근처에 일 있을 때나 간단히 먹기 좋음', '참치김밥', '김밥 속을 꽉꽉 채워', '다른 분식 메뉴', '친구들이랑 라볶이', '참치김밥 크고 튼실함', '라볶이 맛있음', '든든하게 잘 먹음', '최고예요', '추억의 분식집', '김밥', '싸고 양 많고', '혼밥 하기에도 좋아요']","['위생에서 별 하나 깎음', '불친절함', '퉁명스러움', '일요일', '김밥 모르겠어요', '참치 많이 들긴했는데 짜고 별로에요', '위생은 다들 아시죠', '가끔 치즈라볶이 땡길때만 가요', '라볶이', '밥 찰지다', '가성비', '맛', '맛', '맛', '맛있지는 않지만', '매장이 넓지 않아', '매장 안은 정신 없어요', '별로', '방송보고 갔는데', '특이한 점은 못 느낌', '맛은 글쎄', '맛', '김밥', '음식수준', '위생수준', '접객태도', '찾아갈 필요까진 없고', '순대 평범함']"
혜성칼국수,"['맛이 한결같다', '개업 노포', '맛', '이사 가서 생각나서 방문', '국물맛', '면 많다', '김치 맛있다', '가성비', '국물', '맛', '육수 추가 제공', '만석', '멸치육수', '진한 국물', '면발', '취향', '겉절이', '김치 맛있음', '국물 진하고 매콤한 마늘김치', '존맛', '무조건 닭칼드세요', '가끔 생각나서 먹게 됨', '국물', '꾸덕함', '김치', '친절', '김치', '칼국수', '김치가 예술', '양념장을 넣으며 먹는 맛', '맛과 든든한 양', '김치', '닭칼국수', '육수', '깔끔한 국물', '계속 계속 들어가요', '맛집', '든든합니다', '닭칼국수', '최고', '맛있다', '노계의 진한 맛', '영계만 찾는 닭칼국수 씬의 독보적 탑', '똑같이 한 길만 갔더니 독특해진 건지도', '맛집', '닭칼국수', '마늘향', '다대기 풀어먹으면 맛있습니다', '맛 만족스럽습니다', '국물', '친절함', '면', '닭칼국수 맛', '맛김치', '국수 식감', '국물', '닭칼육수', '배달 속도', '겉절이 맛', '양 푸짐함', '면발', '마늘양념장 조절', '멸치 맛', '닭 맛', '레트로한 분위기', '칼국수 맛있게 먹음', '면 리필', '의외로 괜찮음', '들어와서 기다리라고 하셔서 좋았어요', '닭비린내 별로 안 남', '국수 양 많고 김치도 맛있음', '맛과 질', '맛', '맛있다', '맛있습니다', '김치 직접 담음', '면 쫄깃함', '김치 맛', '면이 오동통통하다', '불지 않다', '국물이 참 맛있다', '멸치칼국수 국물이 더 맛있다', '멸치 맛이 아주 잘 우러나다', '멸치국물', '멸치칼국수', '맛있어요', '변함없는 맛', '멸치칼국수', '유튜버 리뷰', '멸치칼국수', '면 추가 가능', '김치', '맛', '위생', '서비스', '분위기', '칼국수', '국물', '양', '조리과정', '맛', '사리곰탕 맛', '닭칼국수', '사장님도 친절하시고', '서빙하시는 분도 친절하세요', '맛도 괜찮구', '칼칼하니 맛있어요', '맛', '멸치국물', '칼국수 맛', '국물', '김치', '괜찮습니다', '양', '국물 더 따라 주셨어요', '진짜 맛있어요', '양', '김치맛', '믿고 가는', '대존맛', '맛집', '양 푸짐', '맛있어요', '맛있다', '김치 많이 먹는데 다 먹어가면 알아서 소 바꿔준다', '명동에 있는 곳보다 맛있다', '인생 칼국수', '국물이 찐한 맛', '김치', '닭 멸치 베이스', '맛집', '닭칼', '맛있다', '칼국수 국물', '잊을 수 없는 맛', '사람들이 바글바글', '닭칼국수 맛있음', '사람이 많은게 아님', '김치 맛', '가격대비 맛과 양', '노포임에도 깨끗', '기다리고 먹을 가치', '닭추천', '양 많음', '자극적이지만 계속 생각나는 맛', '김치 감칠맛', '대대기 마늘 알싸하다', '본연의 국물맛', '손으로 툭툭 잘라낸 면발의 식감', '저만 갈거니', '다들 가지말아주세요', '정겹고 친절함', '양 푸짐함', '옛추억감상', '존맛탱', '멸치국수', '국물 김치', '대존맛', '국물 본좌임', '일하시는 분들 친절', '바글바글', '양도 혜자', '멸치육수', '김치', '양', '육수맛', '칼국수', '김치', '싸게 먹을 수 있는', '진한 국물맛', '무한정 리필', '주인장 할머니', '홀서빙 아드님', '탱글한 면발', '맛있는 김치', '친구 추천', '맛있다', '맛있다', '멸치칼국수', '김치', '친절', '닭냄새 안남', '국물맛 감칠맛', '다대기 매력 있음', '김치 기본적인 맛', '내공있는 맛집', '맛있습니다', '김치맛도 기복없이 훌륭해요', '여사장님이 항상 테이블 돌아다니시면서 부족한거 없는지 물어봐주시고', '김치 떨어지면 알아서 챙겨주시고 면도 부족하면 더 주시고', '장사는 이렇게 하는거다를 배우고갑니다', '잘 먹고갑니다']","['1인분 포장 안됨', '포장은 2인분부터 가능', '맑은 사리곰탕면 맛', '면이 텁텁한 느낌', '김치도 텁텁함', '줄 서 있는 사람들', '자극적', '면 식감', '국물', '평범한 칼국수', '국물의 깊은 맛 부족', '면의 씹는 재미 부족', '본연의 맛이니 유난떠는 분들', '평양냉면', '국물', '라면스프 맛', '웨이팅', '조미료 맛', '면발', '맛 없는 칼국수', '노포 맛집', '대실망', '국수 킬러', '맛 없음', '칼국수', '면맛', '그저그런맛', '맛집인지 어리둥절', '계속 오르는 가격', '맛 없어요', '멸치칼국수', '멸치 맛', '국수 두껍고 투박', '너무 맛없습니다', '후추국', '안익은 두부', '칼국수 초파리', '위생', '맛', '서비스', '질긴 식감', '애기들 입맛에 안맞음', '가격 비쌉니다', '다시다맛', '마트면', '가격', '주차', '레토르트 식품 맛', '면의 퀄리티', '기다려서 먹을 만큼의 맛', '물그릇에 고추가루', '후추맛이 너무 강해서 불호', '가격', '양 다르게 주다', '긴 웨이팅', '당황스러울 수 있다', '사장님 손가락 담금', '정말 아쉽네요', '인공적인 조미료맛', '국물', '면이 너무 많아서', '닭맛이 안남', '치킨스톡 사용 필요', '멸치칼국수', '가성비', '칼국수', '면발 불고 설익음', '국물 미지근하고 닭 누린내', '재방문 없음', '닭칼국수', '헤헤느끼한', '칼국수 면이 너무 두꺼워요', '주문 문제', '맛', '면발', '솔직히 그냥 그래요', '건데기가 거의없다', '국수가 많다', '진순맛', '사람 많다', '가격 비싸짐', '김치 요청 불편함', '눈치보임', '맛 떨어짐', '가격 인상', '유명해짐', '웨이팅', '웨이팅', '가격', '서비스', '기다린 시간', '전반적인 경험', '면 안 익음', '국물 엄청 짬', '가격 9천원', '후회됨', '맛 평범함', '멸치칼국수', '면 불어있음', '냉기고 나감', '실망', '면이 별로', '찰기 없음', '단골 생면', '면이 굵음', '얇고 부드러운 면 선호', '짜고', '강한 조미료 맛', '라면스프맛', '시간대 선택', '알싸한 마늘 양념장', '국물의 특별함', '칼국수', '서빙하시는분 손톱', '오바이트 쏠려', '칼국수가', '순대국보다 비싼지', '1인분 포장']"
회기왕갈비탕,"['아롱사태 갈비탕', '야들야들한 갈빗대 고기', '쫄깃한 아롱사태 수육', '깔끔한 국물', '국물맛', '깔끔한', '더부룩하지 않음', '가격', '정성', '깔끔하다', '맛있다', '국물맛 깔끔하고', '고기도 많이 붙어있네요', '밥과 미숫가루 무한 리필', '기대하는 맘으로 갔다', '소갈비찜', '맛나게', '푸짐하게', '고기 많고 맛있음', '간이 딱 괜찮음', '뜨거워서 호호 불면서 먹음', '양', '가격', '인테리어', '맛있음', '자꾸생각남']","['갈비대 살조금', '감자탕에서 볼법한 뼈덩이', '양이 많다는 댓글', '가격에 비해 심하다', '다른 갈비탕집', '슴슴하다', '예약손님 30명 받았다고 그대로 나가라', '빈자리가 절반인데 나가라길래', '1인자리 없어서 기다려야', '두명이서 왔는데 1인좌석', '고기에서 냄새', '안경쓴 여자분의 대응', '값은 높다', '깍두기는 3조각', '별점에 비해 최악', '밥은 셀프다', '깍두기 셀프', '고기 진행 방식', '평균 댓글 점수', '삶의 불만', '아롱사태갈비탕 가격', '음식', '가격', '갈비의 고기 양', '비싼데']"
회기왕족발보쌈,"['보쌈', '막국수', '맛있는 곳', '추천 순위 상위권', '양많다', '김치 맛', '김치', '김치', '김치', '보쌈집보다는 맛있다', '맛집', '김치 양념', '특별함', '보쌈', '김치', '막국수', '인생보쌈', '보쌈먹자', '맛있어요', '너무 좋아', '맛있어요', '배달해서 먹으니', '보쌈', '김치', '막국수', '맛', '타이밍', '막국수', '맛있어요', '맛', '맛있고', '친절', '맛있다', '맛있음', '김치가 진짜 맛있음', '맛있다', '맛있어요', '맛있어요', '맛있음', '굿고기', '촉촉해용', '반찬 많음', '배달로 먹어도', '최고', '배달 가능지역', '행복합니다', '보들보들한 보쌈', '같이 먹는 김치', '맛있었어요', '보쌈', '보쌈김치', '막국수', '배추국', '보쌈', '족발', '김치', '사람 많음', '보쌈', '막국수', '보쌈', '막국수 양념', '속이 더부룩하지 않다', '보쌈', '김치포함', '맛없는게 없음', '보쌈 맛', '무김치', '김치속재료 다양성', '고기 부드러움', '보쌈김치', '고급스러운 김치', '푸짐한 양', '쟁반국수', '보쌈', '양이 많다', '고기 식감이 부드럽다', '고기가 맛있다', '김치가 시원하다', '김치가 맛있다', '보쌈', '막국수', '부드러운 보쌈', '달달한 김치', '김치가 매우 특별함', '사람은 많다', '유명하다', '맛있는 족발집이 많다', '사장님', '친절', '맛있어요', '가격', '맛있다', '양', '맛', '새콤달콤 시원한', '보쌈집', '김치', '보쌈', '김치', '보쌈', '보쌈김치', '보쌈', '그래도 준수한 편임', '맛있게 먹었던 기억', '프렌차이즈 보쌈 추천', '옛맛', '오랜만에 갔는데', '역시나 바로 그맛', '보쌈 맛', '보쌈 김치', '고기 양', '고기 부드러움', '음식', '김치', '응대', '보쌈', '보쌈', '보쌈김치', '보쌈', '김치', '고기', '분위기', '족발', '보쌈', '보쌈이 굿', '다양한 연령대의 손님들', '족발', '막국수', '김치', '맛', '보쌈', '김치', '쫄깃한 족발', '잡내도 안남', '최고다']","['40대 이상', '가격', '동네 시장 족발', '차갑고 질기게 나오다', '네이버 구글 후기', '맛집 아니다', '보쌈 양이 적음', '족발 맛', '살코기 질감', '막국수 맛', '음식 양', '주인의 응대', '밥 시켰다고 다른 건 안 시켜요? 하고 언짢은 거 티내면서', '식은 족발 갖다줌', '김치 맛집 기대', '다신 안 감', '강매', '맛', '양념이 달아서', '김치맛이 바뀌다', '그때그때 다르다', '친절함은 그냥저냥', '고기 부위 운이 나쁨', '족발 무난함', '사람이 많아서', '시끄럽', '밑반찬', '요청사항', '위생개념', '맛은 보통', '맨손으로 고기 자르기', '카드 받아 계산하기', '마스크 쓰지 않음', '족발은 그냥 물에 삶아놨고', '국수는 말라서 냄새가 난다', '콩나물국은 생수에 그냥 콩나물 넣어놨고', '부추무침도 나보다 못하던데', '37000원 지불했다는게 너무나 아깝고 화가난다', '고기 품질', '보쌈 맛', '김치 양', '족발', '배추김치', '계피향 강함', '고기 두께', '보쌈', '고깃내', '느끼하다', '비계가 많은', '불친절함', '족발이 식어서 나오다', '김치는 추가 요금 필요', '맛', '눈치줌', '김치 만 원', '맛 평범', '서비스 경험적', '재방문 없습니다', '맛', '시끄럽다', '족발 안오고', '국물 새고 머리카락', '늦은 배달 시간', '위생 최악', '불어터진 막국수', '앞다리살', '뻑뻑한 부위', '수육', '막국수 강매', '맛은 취향 탈 것 같아요', '일하시는 분들 태도', '여자인친구 데려가고싶지않은 가게', '음식', '정성이 없네요', '예전같지 않긴 함', '비계', '이제 보내줄때', '김치 짠맛', '음식 잘못나옴', '서비스 태도', '큰소리로 말함', '잘못된 주문', '족발', '족발', '서빙', '팔다남은것처럼 보이고', '검은색깔 보쌈', '누린내가 진동', '온가족이 먹다 버림', '사장님 푼돈 만지려다가 사람놓침', '족발 냄새', '고기 딱딱함', '과거와 심하게 변함', '초심을 잃다', '아쉬움', '사람이 많아 시끄러움', '좁음', '김치 추가 가격', '맛', '실망스러움', '족발', '실내', '시끄러워서', '대화', '족발은 다 식어서', '족발은 차고', '족발은 맛없어요', '싸가지없음', '젊은사람 소규모면 무시', '장사잘되면 단가', '청소 중 식사', '불친절', '운영 시간', '내부 시끄러움', '복잡하고 정신사나움', '오랜만에 갔더니 어제 팔다 남은 듯한 족발', '푸석하고 윤기 하나 없고 딱딱하다', '살짝 냄새까지 난다', '방문하는 일 없을겁니다']"
Bun99 외대점,"['맛', '분위기', '청결', '밥약 장소', '분위기', '직원 친절', '먹을만한', '쌀국수', '면 추가', '토마토해산물쌀국수', '맛있다', '토마토해산물쌀국수', '소고기쌀국수', '토마토쌀국수 때문에 갑니다', '맛있어요', '국물 얼큰', '토마토와의 조화', '추천', '가성비', '맛', '맛', '맛있다', '맛있어요', '재방문의사', '맛있어요', '양 적당', '맛있음', '쌀국수', '원탑', '강남', '국물', '맛집', '바나나튀김', '밥이 진짜 맛있다', '맛있어요', '분짜', '양지쌀국수', '국물', '맛있었어요', '재방문의사 있음', '맛', '청결', '서비스', '분위기', '비빔쌀국수', '맛있었어요', '사장님과 일하시는 분들', '친절합니다', '음식 맛', '베트남에서 먹던 맛과 분위기', '소고기쌀국수', '토마토스파게티', '코코넛바나나', '토마토쌀국수 맛', '진한 국물', '맵다', '학교 앞 수준', '존맛', '고기파티', '맛집', '토마토 해산물 쌀국수', '분짜', '음식 맛', '맛있어요', '바나나튀김', '자리 널찍해요', '맛있게 먹었어요', '인테리어 깔끔', '플레이팅 깔끔', '점원 친절', '맛있어요', '최고', '무난하다', '맛있다', '토마토 해장템', '끝판왕', '토마토쌀국수', '맛있게', '토마토쌀국수', '볶음밥', '맛있음', '토마토해산물 쌀국수', '은근 매콤하다', '구멍 없이 준수한 맛', '종종 가는 곳', '맛', '현지의 맛', '고기도 많아서', '따끈하고 든든하다', '잊을만하면 추천글 올라오는', '토마토해물쌀국수 얼큰하고 양 많아요', '존맛']","['평범한 맛', '정직하지 않은 후기', '양지 쌀국수는 평범', '재개발 공사장 소음', '주차 및 위치', '찾아가서 먹을 정도는 아니에요', '입맛에 안 맞음', '다른 메뉴들은 평범하다', '점심시간 인원', '메뉴 다양성', '베쌀은 기대보다 실망스러웠다', '별로다', '보통', '토마토해산물 쌀국수', '향식료', '생새우 사용', '나무젓가락 위생', '테이블 재질', '전화주문', '식사시간', '주방 혼자', '라이스 굽는 고기', '서비스 반찬', '비싸다', '양이 적음', '특별한 맛은 아니다', '맛', '현지화 많이 안 된', '조금 짜다']"